Workbook

Sheet BASE DE CONTROL
K1: CORTE DEL 01 AL 15 MARZO | V1: CORTE DEL 16 AL 31 MARZO
A2: FMT-01-INV | D2: RELACION TOMA DE INVENTARIOS DIARIOS | H2: INVENTARIO INICIAL | K2: ENTRADA DEVOLUCION | M2: ENTRADA ALBARAN | O2: SALIDA | Q2: SALDO FINAL | S2: TOMA INVENTARIO | V2: ENTRADA DEVOLUCION | X2: ENTRADA ALBARAN | Z2: SALIDA | AB2: SALDO FINAL | AF2: UBICACIÓN
A3: LINEA | B3: GRUPO | C3: ELEMENTO | D3: ITEM | E3: CONCATENADO | F3: DESCRIPCION | G3: UND MEDIDA | H3: FECHA | I3: CANTIDAD | K3: FECHA RELACION | L3: CANT. | M3: FECHA RELACION | N3: CANT. | O3: FECHA RELACION | P3: CANT. | Q3: FECHA | R3: CANTIDAD | S3: FECHA | T3: CANTIDAD | V3: FECHA RELACION | W3: CANT. | X3: FECHA RELACION | Y3: CANT. | Z3: FECHA RELACION | AA3: CANT. | AB3: FECHA | AC3: CANTIDAD | AD3: SERIAL Nª | AE3: NOTA | AF3: ZONA | AG3: ESTAN | AH3: NIVEL
A4: 1 | B4: 13 | C4: 21 | D4: 180 | E4: =CONCATENATE(B4,"-",C4,"-",D4) -> 13-21-180 | F4: =VLOOKUP(E4,'LISTA ITEMS'!$E$2:$G$875,2,FALSE) -> TACO P/BRIDA BLANCO | G4: =VLOOKUP(E4,'LISTA ITEMS'!$E$2:$G$875,3,FALSE) -> UND | H4: 46083 | I4: 1200 | K4: 46098 | L4: 0 | M4: 46098 | N4: 0 | O4: 46098 | P4: 100 | Q4: 46098 | R4: =+I4+L4+N4-P4 -> 1100 | AC4: =+R4+W4+Y4-AA4 -> 1100 | AF4: 7 | AG4: 2 | AH4: G
A5: 2 | B5: 13 | C5: 21 | D5: 181 | E5: =CONCATENATE(B5,"-",C5,"-",D5) -> 13-21-181 | F5: =VLOOKUP(E5,'LISTA ITEMS'!$E$2:$G$875,2,FALSE) -> TACO P/BRIDA NEGRO | G5: =VLOOKUP(E5,'LISTA ITEMS'!$E$2:$G$875,3,FALSE) -> UND | H5: 46083 | I5: 300 | K5: 46098 | L5: 180 | M5: 46098 | N5: 500 | O5: 46098 | P5: 750 | Q5: 46098 | R5: =+I5+L5+N5-P5 -> 230 | AC5: =+R5+W5+Y5-AA5 -> 230 | AF5: 7 | AG5: 2 | AH5: G
A6: 3 | B6: 13 | C6: 22 | D6: 182 | E6: =CONCATENATE(B6,"-",C6,"-",D6) -> 13-22-182 | F6: =VLOOKUP(E6,'LISTA ITEMS'!$E$2:$G$875,2,FALSE) -> BRIDA P/INTERIOR BLANCA | G6: =VLOOKUP(E6,'LISTA ITEMS'!$E$2:$G$875,3,FALSE) -> UND | H6: 46083 | I6: 2000 | K6: 46098 | L6: 0 | M6: 46098 | N6: 0 | O6: 46098 | P6: 0 | Q6: 46098 | R6: =+I6+L6+N6-P6 -> 2000 | AC6: =+R6+W6+Y6-AA6 -> 2000 | AF6: 7 | AG6: 2 | AH6: G
A7: 4 | B7: 13 | C7: 22 | D7: 183 | E7: =CONCATENATE(B7,"-",C7,"-",D7) -> 13-22-183 | F7: =VLOOKUP(E7,'LISTA ITEMS'!$E$2:$G$875,2,FALSE) -> BRIDA P/INTERIOR NEGRA | G7: =VLOOKUP(E7,'LISTA ITEMS'!$E$2:$G$875,3,FALSE) -> UND | H7: 46083 | I7: 1900 | K7: 46098 | L7: 0 | M7: 46098 | N7: 0 | O7: 46098 | P7: 0 | Q7: 46098 | R7: =+I7+L7+N7-P7 -> 1900 | AC7: =+R7+W7+Y7-AA7 -> 1900 | AF7: 7 | AG7: 2 | AH7: G
A8: 5 | B8: 13 | C8: 22 | D8: 184 | E8: =CONCATENATE(B8,"-",C8,"-",D8) -> 13-22-184 | F8: =VLOOKUP(E8,'LISTA ITEMS'!$E$2:$G$875,2,FALSE) -> BRIDA P/EXTERIOR NEGRA | G8: =VLOOKUP(E8,'LISTA ITEMS'!$E$2:$G$875,3,FALSE) -> UND | H8: 46083 | I8: 100 | K8: 46098 | L8: 300 | M8: 46098 | N8: 0 | O8: 46098 | P8: 1450 | Q8: 46098 | R8: =+I8+L8+N8-P8 -> -1050 | AC8: =+R8+W8+Y8-AA8 -> -1050 | AF8: 7 | AG8: 1 | AH8: G
A9: 6 | B9: 13 | C9: 23 | D9: 185 | E9: =CONCATENATE(B9,"-",C9,"-",D9) -> 13-23-185 | F9: =VLOOKUP(E9,'LISTA ITEMS'!$E$2:$G$875,2,FALSE) -> CINTA BLANCA AISLANTE PVC 50MM | G9: =VLOOKUP(E9,'LISTA ITEMS'!$E$2:$G$875,3,FALSE) -> UND | H9: 46083 | I9: 1 | K9: 46098 | L9: 0 | M9: 46098 | N9: 0 | O9: 46098 | P9: 2 | Q9: 46098 | R9: =+I9+L9+N9-P9 -> -1 | AC9: =+R9+W9+Y9-AA9 -> -1 | AF9: 7 | AG9: 1 | AH9: F
A10: 7 | B10: 13 | C10: 23 | D10: 186 | E10: =CONCATENATE(B10,"-",C10,"-",D10) -> 13-23-186 | F10: =VLOOKUP(E10,'LISTA ITEMS'!$E$2:$G$875,2,FALSE) -> CINTA NEGRA AISLANTE PVC 50MM | G10: =VLOOKUP(E10,'LISTA ITEMS'!$E$2:$G$875,3,FALSE) -> UND | H10: 46083 | I10: 2 | K10: 46098 | L10: 0 | M10: 46098 | N10: 0 | O10: 46098 | P10: 0 | Q10: 46098 | R10: =+I10+L10+N10-P10 -> 2 | AC10: =+R10+W10+Y10-AA10 -> 2 | AF10: 7 | AG10: 1 | AH10: F
A11: 8 | B11: 13 | C11: 23 | D11: 187 | E11: =CONCATENATE(B11,"-",C11,"-",D11) -> 13-23-187 | F11: =VLOOKUP(E11,'LISTA ITEMS'!$E$2:$G$875,2,FALSE) -> CINTA VERDE AMARILLA AISLANTE PVC 19MM | G11: =VLOOKUP(E11,'LISTA ITEMS'!$E$2:$G$875,3,FALSE) -> UND | H11: 46083 | I11: 2 | K11: 46098 | L11: 0 | M11: 46098 | N11: 0 | O11: 46098 | P11: 2 | Q11: 46098 | R11: =+I11+L11+N11-P11 -> 0 | AC11: =+R11+W11+Y11-AA11 -> 0 | AF11: 7 | AG11: 1 | AH11: F
A12: 9 | B12: 13 | C12: 23 | D12: 188 | E12: =CONCATENATE(B12,"-",C12,"-",D12) -> 13-23-188 | F12: =VLOOKUP(E12,'LISTA ITEMS'!$E$2:$G$875,2,FALSE) -> CINTA ROJA AISLANTE PVC 19MM | G12: =VLOOKUP(E12,'LISTA ITEMS'!$E$2:$G$875,3,FALSE) -> UND | H12: 46083 | I12: 7 | K12: 46098 | L12: 0 | M12: 46098 | N12: 0 | O12: 46098 | P12: 0 | Q12: 46098 | R12: =+I12+L12+N12-P12 -> 7 | AC12: =+R12+W12+Y12-AA12 -> 7 | AF12: 7 | AG12: 1 | AH12: F
A13: 10 | B13: 13 | C13: 23 | D13: 189 | E13: =CONCATENATE(B13,"-",C13,"-",D13) -> 13-23-189 | F13: =VLOOKUP(E13,'LISTA ITEMS'!$E$2:$G$875,2,FALSE) -> CINTA AZUL AISLANTE PVC 19MM | G13: =VLOOKUP(E13,'LISTA ITEMS'!$E$2:$G$875,3,FALSE) -> UND | H13: 46083 | I13: 8 | K13: 46098 | L13: 0 | M13: 46098 | N13: 0 | O13: 46098 | P13: 0 | Q13: 46098 | R13: =+I13+L13+N13-P13 -> 8 | AC13: =+R13+W13+Y13-AA13 -> 8 | AF13: 7 | AG13: 1 | AH13: F
A14: 11 | B14: 13 | C14: 23 | D14: 190 | E14: =CONCATENATE(B14,"-",C14,"-",D14) -> 13-23-190 | F14: =VLOOKUP(E14,'LISTA ITEMS'!$E$2:$G$875,2,FALSE) -> CINTA BLANCA AISLANTE PVC 19MM | G14: =VLOOKUP(E14,'LISTA ITEMS'!$E$2:$G$875,3,FALSE) -> UND | H14: 46083 | I14: 7 | K14: 46098 | L14: 0 | M14: 46098 | N14: 0 | O14: 46098 | P14: 0 | Q14: 46098 | R14: =+I14+L14+N14-P14 -> 7 | AC14: =+R14+W14+Y14-AA14 -> 7 | AF14: 7 | AG14: 1 | AH14: F
A15: 12 | B15: 13 | C15: 23 | D15: 191 | E15: =CONCATENATE(B15,"-",C15,"-",D15) -> 13-23-191 | F15: =VLOOKUP(E15,'LISTA ITEMS'!$E$2:$G$875,2,FALSE) -> CINTA NEGRA AISLANTE PVC 19MM | G15: =VLOOKUP(E15,'LISTA ITEMS'!$E$2:$G$875,3,FALSE) -> UND | H15: 46083 | I15: 10 | K15: 46098 | L15: 0 | M15: 46098 | N15: 0 | O15: 46098 | P15: 0 | Q15: 46098 | R15: =+I15+L15+N15-P15 -> 10 | AC15: =+R15+W15+Y15-AA15 -> 10 | AF15: 7 | AG15: 1 | AH15: F
... A33: 30 | B33: 1 | C33: 27 | D33: 208 | E33: =CONCATENATE(B33,"-",C33,"-",D33) -> 1-27-208 | F33: =VLOOKUP(E33,'LISTA ITEMS'!$E$2:$G$875,2,FALSE) -> TORNILLO A/INOX CABEZA CILINDRICA ALLEN M8X30mm | G33: =VLOOKUP(E33,'LISTA ITEMS'!$E$2:$G$875,3,FALSE) -> UND | H33: 46083 | I33: 75 | K33: 46098 | L33: 0 | M33: 46098 | N33: 0 | O33: 46098 | P33: 0 | Q33: 46098 | R33: =+I33+L33+N33-P33 -> 75 | AC33: =+R33+W33+Y33-AA33 -> 75 | AF33: 7 | AG33: 1 | AH33: C
A34: 31 | B34: 3 | C34: 31 | D34: 209 | E34: =CONCATENATE(B34,"-",C34,"-",D34) -> 3-31-209 | F34: =VLOOKUP(E34,'LISTA ITEMS'!$E$2:$G$875,2,FALSE) -> CABLE Nª 6 C/ALTERNA MARRON | G34: =VLOOKUP(E34,'LISTA ITEMS'!$E$2:$G$875,3,FALSE) -> MT | H34: 46083 | I34: 230 | K34: 46098 | L34: 30 | M34: 46098 | N34: 300 | O34: 46098 | P34: 100 | Q34: 46098 | R34: =+I34+L34+N34-P34 -> 460 | S34: 46098 | T34: 300 | AC34: =+R34+W34+Y34-AA34 -> 460 | AF34: 10 | AG34: 2 | AH34: A | AI34: OK
A35: 32 | B35: 3 | C35: 31 | D35: 210 | E35: =CONCATENATE(B35,"-",C35,"-",D35) -> 3-31-210 | F35: =VLOOKUP(E35,'LISTA ITEMS'!$E$2:$G$875,2,FALSE) -> CABLE Nª 6 C/ALTERNA GRIS | G35: =VLOOKUP(E35,'LISTA ITEMS'!$E$2:$G$875,3,FALSE) -> MT | H35: 46083 | I35: 230 | K35: 46098 | L35: 30 | M35: 46098 | N35: 300 | O35: 46098 | P35: 100 | Q35: 46098 | R35: =+I35+L35+N35-P35 -> 460 | S35: 46098 | T35: 300 | AC35: =+R35+W35+Y35-AA35 -> 460 | AF35: 10 | AG35: 2 | AH35: A | AI35: OK
A36: 33 | B36: 3 | C36: 31 | D36: 211 | E36: =CONCATENATE(B36,"-",C36,"-",D36) -> 3-31-211 | F36: =VLOOKUP(E36,'LISTA ITEMS'!$E$2:$G$875,2,FALSE) -> CABLE Nª 6 C/ALTERNA VERDE/AMARILLO | G36: =VLOOKUP(E36,'LISTA ITEMS'!$E$2:$G$875,3,FALSE) -> MT | H36: 46083 | I36: 400 | K36: 46098 | L36: 30 | M36: 46098 | N36: 300 | O36: 46098 | P36: 100 | Q36: 46098 | R36: =+I36+L36+N36-P36 -> 630 | S36: 46098 | T36: 300 | AC36: =+R36+W36+Y36-AA36 -> 630 | AF36: 10 | AG36: 2 | AH36: A | AI36: OK
A37: 34 | B37: 3 | C37: 31 | D37: 212 | E37: =CONCATENATE(B37,"-",C37,"-",D37) -> 3-31-212 | F37: =VLOOKUP(E37,'LISTA ITEMS'!$E$2:$G$875,2,FALSE) -> CABLE Nª 6 C/ALTERNA AZUL | G37: =VLOOKUP(E37,'LISTA ITEMS'!$E$2:$G$875,3,FALSE) -> MT | H37: 46083 | I37: 300 | K37: 46098 | L37: 130 | M37: 46098 | N37: 300 | O37: 46098 | P37: 300 | Q37: 46098 | R37: =+I37+L37+N37-P37 -> 430 | S37: 46098 | T37: 400 | AC37: =+R37+W37+Y37-AA37 -> 430 | AF37: 10 | AG37: 2 | AH37: A | AI37: OK
A38: 35 | B38: 3 | C38: 31 | D38: 213 | E38: =CONCATENATE(B38,"-",C38,"-",D38) -> 3-31-213 | F38: =VLOOKUP(E38,'LISTA ITEMS'!$E$2:$G$875,2,FALSE) -> CABLE Nª 6 C/ALTERNA NEGRO | G38: =VLOOKUP(E38,'LISTA ITEMS'!$E$2:$G$875,3,FALSE) -> MT | H38: 46083 | I38: 400 | K38: 46098 | L38: 130 | M38: 46098 | N38: 100 | O38: 46098 | P38: 300 | Q38: 46098 | R38: =+I38+L38+N38-P38 -> 330 | S38: 46098 | T38: 200 | AC38: =+R38+W38+Y38-AA38 -> 330 | AF38: 10 | AG38: 2 | AH38: A | AI38: OK
A39: 36 | B39: 3 | C39: 31 | D39: 214 | E39: =CONCATENATE(B39,"-",C39,"-",D39) -> 3-31-214 | F39: =VLOOKUP(E39,'LISTA ITEMS'!$E$2:$G$875,2,FALSE) -> CABLE Nª 16 C/ALTERNA NEGRO | G39: =VLOOKUP(E39,'LISTA ITEMS'!$E$2:$G$875,3,FALSE) -> MT | H39: 46083 | I39: 100 | K39: 46098 | L39: 0 | M39: 46098 | N39: 0 | O39: 46098 | P39: 0 | Q39: 46098 | R39: =+I39+L39+N39-P39 -> 100 | S39: 46098 | T39: 100 | AC39: =+R39+W39+Y39-AA39 -> 100 | AF39: 10 | AG39: 2 | AH39: A | AI39: OK
A40: 37 | B40: 3 | C40: 31 | D40: 215 | E40: =CONCATENATE(B40,"-",C40,"-",D40) -> 3-31-215 | F40: =VLOOKUP(E40,'LISTA ITEMS'!$E$2:$G$875,2,FALSE) -> CABLE Nª 16 C/ALTERNA MARRON | G40: =VLOOKUP(E40,'LISTA ITEMS'!$E$2:$G$875,3,FALSE) -> MT | H40: 46083 | I40: 100 | K40: 46098 | L40: 0 | M40: 46098 | N40: 0 | O40: 46098 | P40: 0 | Q40: 46098 | R40: =+I40+L40+N40-P40 -> 100 | S40: 46098 | T40: 100 | AC40: =+R40+W40+Y40-AA40 -> 100 | AF40: 10 | AG40: 2 | AH40: A | AI40: OK
A41: 38 | B41: 3 | C41: 31 | D41: 216 | E41: =CONCATENATE(B41,"-",C41,"-",D41) -> 3-31-216 | F41: =VLOOKUP(E41,'LISTA ITEMS'!$E$2:$G$875,2,FALSE) -> CABLE Nª 16 C/ALTERNA AZUL | G41: =VLOOKUP(E41,'LISTA ITEMS'!$E$2:$G$875,3,FALSE) -> MT | H41: 46083 | I41: 100 | K41: 46098 | L41: 0 | M41: 46098 | N41: 0 | O41: 46098 | P41: 0 | Q41: 46098 | R41: =+I41+L41+N41-P41 -> 100 | S41: 46098 | T41: 100 | AC41: =+R41+W41+Y41-AA41 -> 100 | AF41: 10 | AG41: 2 | AH41: A | AI41: OK
A42: 39 | B42: 3 | C42: 31 | D42: 217 | E42: =CONCATENATE(B42,"-",C42,"-",D42) -> 3-31-217 | F42: =VLOOKUP(E42,'LISTA ITEMS'!$E$2:$G$875,2,FALSE) -> CABLE Nª 16 C/ALTERNA GRIS | G42: =VLOOKUP(E42,'LISTA ITEMS'!$E$2:$G$875,3,FALSE) -> MT | H42: 46083 | I42: 100 | K42: 46098 | L42: 0 | M42: 46098 | N42: 0 | O42: 46098 | P42: 0 | Q42: 46098 | R42: =+I42+L42+N42-P42 -> 100 | S42: 46098 | T42: 100 | AC42: =+R42+W42+Y42-AA42 -> 100 | AF42: 10 | AG42: 2 | AH42: A | AI42: OK
A43: 40 | B43: 3 | C43: 31 | D43: 218 | E43: =CONCATENATE(B43,"-",C43,"-",D43) -> 3-31-218 | F43: =VLOOKUP(E43,'LISTA ITEMS'!$E$2:$G$875,2,FALSE) -> CABLE Nª 10 C/ALTERNA VERDE/AMARILLO | G43: =VLOOKUP(E43,'LISTA ITEMS'!$E$2:$G$875,3,FALSE) -> MT | H43: 46083 | I43: 383 | K43: 46098 | L43: 0 | M43: 46098 | N43: 0 | O43: 46098 | P43: 0 | Q43: 46098 | R43: =+I43+L43+N43-P43 -> 383 | S43: 46098 | T43: 500 | AC43: =+R43+W43+Y43-AA43 -> 383 | AF43: 10 | AG43: 2 | AH43: A | AI43: OK
A44: 41 | B44: 3 | C44: 31 | D44: 219 | E44: =CONCATENATE(B44,"-",C44,"-",D44) -> 3-31-219 | F44: =VLOOKUP(E44,'LISTA ITEMS'!$E$2:$G$875,2,FALSE) -> CABLE Nª 10 C/ALTERNA MARRON | G44: =VLOOKUP(E44,'LISTA ITEMS'!$E$2:$G$875,3,FALSE) -> MT | H44: 46083 | I44: 53 | K44: 46098 | L44: 0 | M44: 46098 | N44: 100 | O44: 46098 | P44: 0 | Q44: 46098 | R44: =+I44+L44+N44-P44 -> 153 | S44: 46098 | T44: 300 | AC44: =+R44+W44+Y44-AA44 -> 153 | AF44: 10 | AG44: 2 | AH44: A | AI44: OK
A45: 42 | B45: 3 | C45: 31 | D45: 220 | E45: =CONCATENATE(B45,"-",C45,"-",D45) -> 3-31-220 | F45: =VLOOKUP(E45,'LISTA ITEMS'!$E$2:$G$875,2,FALSE) -> CABLE Nª 10 C/ALTERNA GRIS | G45: =VLOOKUP(E45,'LISTA ITEMS'!$E$2:$G$875,3,FALSE) -> MT | H45: 46083 | I45: -52 | K45: 46098 | L45: 0 | M45: 46098 | N45: 100 | O45: 46098 | P45: 0 | Q45: 46098 | R45: =+I45+L45+N45-P45 -> 48 | S45: 46098 | T45: 100 | AC45: =+R45+W45+Y45-AA45 -> 48 | AF45: 10 | AG45: 2 | AH45: A | AI45: OK
... A47: 44 | B47: 3 | C47: 31 | D47: 222 | E47: =CONCATENATE(B47,"-",C47,"-",D47) -> 3-31-222 | F47: =VLOOKUP(E47,'LISTA ITEMS'!$E$2:$G$875,2,FALSE) -> CABLE Nª 10 C/ALTERNA NEGRO | G47: =VLOOKUP(E47,'LISTA ITEMS'!$E$2:$G$875,3,FALSE) -> MT | H47: 46083 | I47: 333 | K47: 46098 | L47: 0 | M47: 46098 | N47: 100 | O47: 46098 | P47: 0 | Q47: 46098 | R47: =+I47+L47+N47-P47 -> 433 | S47: 46098 | T47: 350 | AC47: =+R47+W47+Y47-AA47 -> 433 | AF47: 10 | AG47: 2 | AH47: A | AI47: OK
A48: 45 | B48: 9 | C48: 32 | D48: 223 | E48: =CONCATENATE(B48,"-",C48,"-",D48) -> 9-32-223 | F48: =VLOOKUP(E48,'LISTA ITEMS'!$E$2:$G$875,2,FALSE) -> CURVA PVC M-25 GRIS TIPO A | G48: =VLOOKUP(E48,'LISTA ITEMS'!$E$2:$G$875,3,FALSE) -> UND | H48: 46083 | I48: 472 | K48: 46098 | L48: 36 | M48: 46098 | N48: 200 | O48: 46098 | P48: 129 | Q48: 46098 | R48: =+I48+L48+N48-P48 -> 579 | AC48: =+R48+W48+Y48-AA48 -> 579 | AF48: 10 | AG48: 1 | AH48: A
A49: 46 | B49: 9 | C49: 32 | D49: 224 | E49: =CONCATENATE(B49,"-",C49,"-",D49) -> 9-32-224 | F49: =VLOOKUP(E49,'LISTA ITEMS'!$E$2:$G$875,2,FALSE) -> CURVA PVC M-25 GRIS TIPO B | G49: =VLOOKUP(E49,'LISTA ITEMS'!$E$2:$G$875,3,FALSE) -> UND | H49: 46083 | I49: 80 | K49: 46098 | L49: 0 | M49: 46098 | N49: 0 | O49: 46098 | P49: 5 | Q49: 46098 | R49: =+I49+L49+N49-P49 -> 75 | AC49: =+R49+W49+Y49-AA49 -> 75 | AF49: 10 | AG49: 1 | AH49: A
A50: 47 | B50: 9 | C50: 32 | D50: 225 | E50: =CONCATENATE(B50,"-",C50,"-",D50) -> 9-32-225 | F50: =VLOOKUP(E50,'LISTA ITEMS'!$E$2:$G$875,2,FALSE) -> CURVA PVC M-40 GRIS | G50: =VLOOKUP(E50,'LISTA ITEMS'!$E$2:$G$875,3,FALSE) -> UND | H50: 46083 | I50: 37 | K50: 46098 | L50: 0 | M50: 46098 | N50: 0 | O50: 46098 | P50: 0 | Q50: 46098 | R50: =+I50+L50+N50-P50 -> 37 | AC50: =+R50+W50+Y50-AA50 -> 37 | AF50: 10 | AG50: 1 | AH50: A
A51: 48 | B51: 16 | C51: 33 | D51: 226 | E51: =CONCATENATE(B51,"-",C51,"-",D51) -> 16-33-226 | F51: =VLOOKUP(E51,'LISTA ITEMS'!$E$2:$G$875,2,FALSE) -> OPTIMIZADOR SUN2000P-375W | G51: =VLOOKUP(E51,'LISTA ITEMS'!$E$2:$G$875,3,FALSE) -> UND | H51: 46083 | I51: 13 | K51: 46098 | L51: 0 | M51: 46098 | N51: 0 | O51: 46098 | P51: 0 | Q51: 46098 | R51: =+I51+L51+N51-P51 -> 13 | AC51: =+R51+W51+Y51-AA51 -> 13 | AF51: 10 | AG51: 1 | AH51: A
A52: 49 | B52: 10 | C52: 34 | D52: 227 | E52: =CONCATENATE(B52,"-",C52,"-",D52) -> 10-34-227 | F52: =VLOOKUP(E52,'LISTA ITEMS'!$E$2:$G$875,2,FALSE) -> MICRORAIL 2X30 PERFORADO | G52: =VLOOKUP(E52,'LISTA ITEMS'!$E$2:$G$875,3,FALSE) -> UND | H52: 46083 | I52: 186 | K52: 46098 | L52: 0 | M52: 46098 | N52: 0 | O52: 46098 | P52: 0 | Q52: 46098 | R52: =+I52+L52+N52-P52 -> 186 | AC52: =+R52+W52+Y52-AA52 -> 186 | AF52: 10 | AG52: 1 | AH52: A
A53: 50 | B53: 10 | C53: 37 | D53: 232 | E53: =CONCATENATE(B53,"-",C53,"-",D53) -> 10-37-232 | F53: =VLOOKUP(E53,'LISTA ITEMS'!$E$2:$G$875,2,FALSE) -> SOPORTE CENTRAL NEGRO | G53: =VLOOKUP(E53,'LISTA ITEMS'!$E$2:$G$875,3,FALSE) -> UND | H53: 46083 | I53: 87 | K53: 46098 | L53: 136 | M53: 46098 | N53: 180 | O53: 46098 | P53: 660 | Q53: 46098 | R53: =+I53+L53+N53-P53 -> -257 | AC53: =+R53+W53+Y53-AA53 -> -257 | AF53: 10 | AG53: 1 | AH53: B
A54: 51 | B54: 7 | C54: 38 | D54: 233 | E54: =CONCATENATE(B54,"-",C54,"-",D54) -> 7-38-233 | F54: =VLOOKUP(E54,'LISTA ITEMS'!$E$2:$G$875,2,FALSE) -> PLACA SOLAR EX-275P-60 275W / 31.50V | G54: =VLOOKUP(E54,'LISTA ITEMS'!$E$2:$G$875,3,FALSE) -> UND | H54: 46083 | I54: 1 | K54: 46098 | L54: 0 | M54: 46098 | N54: 0 | O54: 46098 | P54: 0 | Q54: 46098 | R54: =+I54+L54+N54-P54 -> 1 | T54: 1 | AC54: =+R54+W54+Y54-AA54 -> 1 | AE54: GRIS | AF54: 5 | AG54: PARED | AH54: 3
A55: 52 | B55: 7 | C55: 38 | D55: 234 | E55: =CONCATENATE(B55,"-",C55,"-",D55) -> 7-38-234 | F55: =VLOOKUP(E55,'LISTA ITEMS'!$E$2:$G$875,2,FALSE) -> PLACA SOLAR CSP-6P-345W / 38.3C | G55: =VLOOKUP(E55,'LISTA ITEMS'!$E$2:$G$875,3,FALSE) -> UND | H55: 46083 | I55: 1 | K55: 46098 | L55: 0 | M55: 46098 | N55: 0 | O55: 46098 | P55: 0 | Q55: 46098 | R55: =+I55+L55+N55-P55 -> 1 | T55: 1 | AC55: =+R55+W55+Y55-AA55 -> 1 | AE55: GRIS | AF55: 5 | AG55: PARED | AH55: 4
A56: 53 | B56: 7 | C56: 38 | D56: 235 | E56: =CONCATENATE(B56,"-",C56,"-",D56) -> 7-38-235 | F56: =VLOOKUP(E56,'LISTA ITEMS'!$E$2:$G$875,2,FALSE) -> PLACA SOLAR CS6L-450MS 450W / 34.4V | G56: =VLOOKUP(E56,'LISTA ITEMS'!$E$2:$G$875,3,FALSE) -> UND | H56: 46083 | I56: 1 | K56: 46098 | L56: 0 | M56: 46098 | N56: 0 | O56: 46098 | P56: 0 | Q56: 46098 | R56: =+I56+L56+N56-P56 -> 1 | T56: 1 | AC56: =+R56+W56+Y56-AA56 -> 1 | AE56: NEGRA | AF56: 5 | AG56: PARED | AH56: 5
A57: 54 | B57: 7 | C57: 38 | D57: 236 | E57: =CONCATENATE(B57,"-",C57,"-",D57) -> 7-38-236 | F57: =VLOOKUP(E57,'LISTA ITEMS'!$E$2:$G$875,2,FALSE) -> PLACA SOLAR JAM66S30-505MR 505W / 45.72V | G57: =VLOOKUP(E57,'LISTA ITEMS'!$E$2:$G$875,3,FALSE) -> UND | H57: 46083 | I57: 1 | K57: 46098 | L57: 0 | M57: 46098 | N57: 0 | O57: 46098 | P57: 0 | Q57: 46098 | R57: =+I57+L57+N57-P57 -> 1 | T57: 1 | AC57: =+R57+W57+Y57-AA57 -> 1 | AE57: GRIS | AF57: 5 | AG57: PARED | AH57: 2
A58: 55 | B58: 7 | C58: 38 | D58: 237 | E58: =CONCATENATE(B58,"-",C58,"-",D58) -> 7-38-237 | F58: =VLOOKUP(E58,'LISTA ITEMS'!$E$2:$G$875,2,FALSE) -> PLACA SOLAR CS6.1-60TB-505 505W / 43.4V | G58: =VLOOKUP(E58,'LISTA ITEMS'!$E$2:$G$875,3,FALSE) -> UND | H58: 46083 | I58: 2 | K58: 46098 | L58: 0 | M58: 46098 | N58: 0 | O58: 46098 | P58: 0 | Q58: 46098 | R58: =+I58+L58+N58-P58 -> 2 | T58: 2 | AC58: =+R58+W58+Y58-AA58 -> 2 | AE58: NEGRA | AF58: 5 | AG58: PARED | AH58: 1
A59: 56 | B59: 7 | C59: 38 | D59: 238 | E59: =CONCATENATE(B59,"-",C59,"-",D59) -> 7-38-238 | F59: =VLOOKUP(E59,'LISTA ITEMS'!$E$2:$G$875,2,FALSE) -> PLACA SOLAR SPR-P3-375-BLK-E4-AC 375W / 35.5V | G59: =VLOOKUP(E59,'LISTA ITEMS'!$E$2:$G$875,3,FALSE) -> UND | H59: 46083 | I59: 1 | K59: 46098 | L59: 0 | M59: 46098 | N59: 0 | O59: 46098 | P59: 0 | Q59: 46098 | R59: =+I59+L59+N59-P59 -> 1 | T59: 1 | AC59: =+R59+W59+Y59-AA59 -> 1 | AE59: NEGRA | AF59: 5 | AG59: PARED | AH59: 7
A60: 57 | B60: 7 | C60: 38 | D60: 239 | E60: =CONCATENATE(B60,"-",C60,"-",D60) -> 7-38-239 | F60: =VLOOKUP(E60,'LISTA ITEMS'!$E$2:$G$875,2,FALSE) -> PLACA SOLAR JAMS0D42-520LB 520W / 43.53V | G60: =VLOOKUP(E60,'LISTA ITEMS'!$E$2:$G$875,3,FALSE) -> UND | H60: 46083 | I60: 1 | K60: 46098 | L60: 0 | M60: 46098 | N60: 0 | O60: 46098 | P60: 0 | Q60: 46098 | R60: =+I60+L60+N60-P60 -> 1 | T60: 1 | AC60: =+R60+W60+Y60-AA60 -> 1 | AE60: GRIS | AF60: 5 | AG60: PARED | AH60: 8
A61: 58 | B61: 7 | C61: 38 | D61: 240 | E61: =CONCATENATE(B61,"-",C61,"-",D61) -> 7-38-240 | F61: =VLOOKUP(E61,'LISTA ITEMS'!$E$2:$G$875,2,FALSE) -> PLACA SOLAR JAM72D30-545MB 545W / 49.75V | G61: =VLOOKUP(E61,'LISTA ITEMS'!$E$2:$G$875,3,FALSE) -> UND | H61: 46083 | I61: 1 | K61: 46098 | L61: 0 | M61: 46098 | N61: 0 | O61: 46098 | P61: 0 | Q61: 46098 | R61: =+I61+L61+N61-P61 -> 1 | T61: 1 | AC61: =+R61+W61+Y61-AA61 -> 1 | AE61: GRIS | AF61: 5 | AG61: PARED | AH61: 8
A62: 59 | B62: 7 | C62: 38 | D62: 241 | E62: =CONCATENATE(B62,"-",C62,"-",D62) -> 7-38-241 | F62: =VLOOKUP(E62,'LISTA ITEMS'!$E$2:$G$875,2,FALSE) -> PLACA SOLAR PS555M6H-24TH 555W / 41.64V | G62: =VLOOKUP(E62,'LISTA ITEMS'!$E$2:$G$875,3,FALSE) -> UND | H62: 46083 | I62: 2 | K62: 46098 | L62: 0 | M62: 46098 | N62: 0 | O62: 46098 | P62: 0 | Q62: 46098 | R62: =+I62+L62+N62-P62 -> 2 | T62: 2 | AC62: =+R62+W62+Y62-AA62 -> 2 | AE62: GRIS | AF62: 5 | AG62: PARED | AH62: 7
A63: 60 | B63: 7 | C63: 38 | D63: 242 | E63: =CONCATENATE(B63,"-",C63,"-",D63) -> 7-38-242 | F63: =VLOOKUP(E63,'LISTA ITEMS'!$E$2:$G$875,2,FALSE) -> PLACA SOLAR CS6W-585T 585W / 52.4V | G63: =VLOOKUP(E63,'LISTA ITEMS'!$E$2:$G$875,3,FALSE) -> UND | H63: 46083 | I63: 3 | K63: 46098 | L63: 0 | M63: 46098 | N63: 0 | O63: 46098 | P63: 0 | Q63: 46098 | R63: =+I63+L63+N63-P63 -> 3 | T63: 3 | AC63: =+R63+W63+Y63-AA63 -> 3 | AE63: GRIS | AF63: 5 | AG63: PARED | AH63: 5
A64: 61 | B64: 7 | C64: 38 | D64: 243 | E64: =CONCATENATE(B64,"-",C64,"-",D64) -> 7-38-243 | F64: =VLOOKUP(E64,'LISTA ITEMS'!$E$2:$G$875,2,FALSE) -> PLACA SOLAR YL550D-49e 1500V 1/2 550W / 42.0V | G64: =VLOOKUP(E64,'LISTA ITEMS'!$E$2:$G$875,3,FALSE) -> UND | H64: 46083 | I64: 1 | K64: 46098 | L64: 0 | M64: 46098 | N64: 0 | O64: 46098 | P64: 0 | Q64: 46098 | R64: =+I64+L64+N64-P64 -> 1 | T64: 1 | AC64: =+R64+W64+Y64-AA64 -> 1 | AE64: GRIS | AF64: 5 | AG64: PARED | AH64: 1
A65: 62 | B65: 7 | C65: 38 | D65: 244 | E65: =CONCATENATE(B65,"-",C65,"-",D65) -> 7-38-244 | F65: =VLOOKUP(E65,'LISTA ITEMS'!$E$2:$G$875,2,FALSE) -> PLACA SOLAR SK9612MHVC-550 550W / 42.16V | G65: =VLOOKUP(E65,'LISTA ITEMS'!$E$2:$G$875,3,FALSE) -> UND | H65: 46083 | I65: 1 | K65: 46098 | L65: 0 | M65: 46098 | N65: 0 | O65: 46098 | P65: 0 | Q65: 46098 | R65: =+I65+L65+N65-P65 -> 1 | T65: 1 | AC65: =+R65+W65+Y65-AA65 -> 1 | AE65: GRIS | AF65: 5 | AG65: PARED | AH65: 2
... A67: 64 | B67: 7 | C67: 38 | D67: 246 | E67: =CONCATENATE(B67,"-",C67,"-",D67) -> 7-38-246 | F67: =VLOOKUP(E67,'LISTA ITEMS'!$E$2:$G$875,2,FALSE) -> PLACA SOLAR TSM-505DE18M.08(II) 505W / 43.0V | G67: =VLOOKUP(E67,'LISTA ITEMS'!$E$2:$G$875,3,FALSE) -> UND | H67: 46083 | I67: 2 | K67: 46098 | L67: 0 | M67: 46098 | N67: 0 | O67: 46098 | P67: 0 | Q67: 46098 | R67: =+I67+L67+N67-P67 -> 2 | T67: 2 | AC67: =+R67+W67+Y67-AA67 -> 2 | AE67: NEGRA | AF67: 5 | AG67: PARED | AH67: 4
A68: 65 | B68: 7 | C68: 38 | D68: 247 | E68: =CONCATENATE(B68,"-",C68,"-",D68) -> 7-38-247 | F68: =VLOOKUP(E68,'LISTA ITEMS'!$E$2:$G$875,2,FALSE) -> PLACA SOLAR JAM60D42-535LB 535W / 44.13V | G68: =VLOOKUP(E68,'LISTA ITEMS'!$E$2:$G$875,3,FALSE) -> UND | H68: 46083 | I68: 186 | K68: 46098 | L68: 0 | M68: 46098 | N68: 0 | O68: 46098 | P68: 60 | Q68: 46098 | R68: =+I68+L68+N68-P68 -> 126 | T68: =3*36+11 -> 119 | AC68: =+R68+W68+Y68-AA68 -> 126 | AE68: NEGRA | AF68: 6 | AG68: N/A | AH68: SUELO
A69: 66 | B69: 7 | C69: 38 | D69: 248 | E69: =CONCATENATE(B69,"-",C69,"-",D69) -> 7-38-248 | F69: =VLOOKUP(E69,'LISTA ITEMS'!$E$2:$G$875,2,FALSE) -> PLACA SOLAR TSM-505NEG 18R.28 505W / 33.5V | G69: =VLOOKUP(E69,'LISTA ITEMS'!$E$2:$G$875,3,FALSE) -> UND | H69: 46083 | I69: -1 | K69: 46098 | L69: 0 | M69: 46098 | N69: 0 | O69: 46098 | P69: 0 | Q69: 46098 | R69: =+I69+L69+N69-P69 -> -1 | T69: 0 | AC69: =+R69+W69+Y69-AA69 -> -1 | AE69: N/A | AF69: N/A | AG69: N/A | AH69: N/A
A70: 67 | B70: 7 | C70: 38 | D70: 249 | E70: =CONCATENATE(B70,"-",C70,"-",D70) -> 7-38-249 | F70: =VLOOKUP(E70,'LISTA ITEMS'!$E$2:$G$875,2,FALSE) -> PLACA SOLAR JAM72S30-570LR 570W / 50.68V | G70: =VLOOKUP(E70,'LISTA ITEMS'!$E$2:$G$875,3,FALSE) -> UND | H70: 46083 | I70: 8 | K70: 46098 | L70: 0 | M70: 46098 | N70: 0 | O70: 46098 | P70: 0 | Q70: 46098 | R70: =+I70+L70+N70-P70 -> 8 | T70: 9 | AC70: =+R70+W70+Y70-AA70 -> 8 | AE70: GRIS | AF70: 4 | AG70: PALLET | AH70: SUELO
A71: 68 | B71: 4 | C71: 39 | D71: 250 | E71: =CONCATENATE(B71,"-",C71,"-",D71) -> 4-39-250 | F71: =VLOOKUP(E71,'LISTA ITEMS'!$E$2:$G$875,2,FALSE) -> CASQUILLO ESPACIADOR GALV M8X25 | G71: =VLOOKUP(E71,'LISTA ITEMS'!$E$2:$G$875,3,FALSE) -> UND | H71: 46083 | I71: 720 | K71: 46098 | L71: 0 | M71: 46098 | N71: 0 | O71: 46098 | P71: 0 | Q71: 46098 | R71: =+I71+L71+N71-P71 -> 720 | AC71: =+R71+W71+Y71-AA71 -> 720 | AF71: 7 | AG71: 2 | AH71: F
A72: 69 | B72: 4 | C72: 40 | D72: 251 | E72: =CONCATENATE(B72,"-",C72,"-",D72) -> 4-40-251 | F72: =VLOOKUP(E72,'LISTA ITEMS'!$E$2:$G$875,2,FALSE) -> TORNILLO ESPARRAGO GALV TX25 M8X80 | G72: =VLOOKUP(E72,'LISTA ITEMS'!$E$2:$G$875,3,FALSE) -> UND | H72: 46083 | I72: 710 | K72: 46098 | L72: 0 | M72: 46098 | N72: 0 | O72: 46098 | P72: 0 | Q72: 46098 | R72: =+I72+L72+N72-P72 -> 710 | AC72: =+R72+W72+Y72-AA72 -> 710 | AF72: 7 | AG72: 2 | AH72: F
A73: 70 | B73: 13 | C73: 25 | D73: 252 | E73: =CONCATENATE(B73,"-",C73,"-",D73) -> 13-25-252 | F73: =VLOOKUP(E73,'LISTA ITEMS'!$E$2:$G$875,2,FALSE) -> ANCLAJE PLASTICO MULTIUSO NYLON 2ALAS 14X100 | G73: =VLOOKUP(E73,'LISTA ITEMS'!$E$2:$G$875,3,FALSE) -> UND | H73: 46083 | I73: 50 | K73: 46098 | L73: 0 | M73: 46098 | N73: 0 | O73: 46098 | P73: 0 | Q73: 46098 | R73: =+I73+L73+N73-P73 -> 50 | AC73: =+R73+W73+Y73-AA73 -> 50 | AF73: 7 | AG73: 2 | AH73: F
A74: 71 | B74: 13 | C74: 25 | D74: 253 | E74: =CONCATENATE(B74,"-",C74,"-",D74) -> 13-25-253 | F74: =VLOOKUP(E74,'LISTA ITEMS'!$E$2:$G$875,2,FALSE) -> ANCLAJE PLASTICO MULTIUSO C/COLLARIN 6X36MM | G74: =VLOOKUP(E74,'LISTA ITEMS'!$E$2:$G$875,3,FALSE) -> UND | H74: 46083 | I74: 1000 | K74: 46098 | L74: 0 | M74: 46098 | N74: 0 | O74: 46098 | P74: 0 | Q74: 46098 | R74: =+I74+L74+N74-P74 -> 1000 | AC74: =+R74+W74+Y74-AA74 -> 1000 | AF74: 7 | AG74: 2 | AH74: F
A75: 72 | B75: 13 | C75: 25 | D75: 254 | E75: =CONCATENATE(B75,"-",C75,"-",D75) -> 13-25-254 | F75: =VLOOKUP(E75,'LISTA ITEMS'!$E$2:$G$875,2,FALSE) -> ANCLAJE PLASTICO MULTIUSO C/COLLARIN 8X51MM | G75: =VLOOKUP(E75,'LISTA ITEMS'!$E$2:$G$875,3,FALSE) -> UND | H75: 46083 | I75: 600 | K75: 46098 | L75: 0 | M75: 46098 | N75: 0 | O75: 46098 | P75: 0 | Q75: 46098 | R75: =+I75+L75+N75-P75 -> 600 | AC75: =+R75+W75+Y75-AA75 -> 600 | AF75: 7 | AG75: 2 | AH75: F
A76: 73 | B76: 13 | C76: 25 | D76: 255 | E76: =CONCATENATE(B76,"-",C76,"-",D76) -> 13-25-255 | F76: =VLOOKUP(E76,'LISTA ITEMS'!$E$2:$G$875,2,FALSE) -> ANCLAJE PLASTICO MULTIUSO C/COLLARIN 10X61MM | G76: =VLOOKUP(E76,'LISTA ITEMS'!$E$2:$G$875,3,FALSE) -> UND | H76: 46083 | I76: 1720 | K76: 46098 | L76: 10 | M76: 46098 | N76: 200 | O76: 46098 | P76: 50 | Q76: 46098 | R76: =+I76+L76+N76-P76 -> 1880 | AC76: =+R76+W76+Y76-AA76 -> 1880 | AF76: 7 | AG76: 2 | AH76: F
A77: 74 | B77: 13 | C77: 25 | D77: 256 | E77: =CONCATENATE(B77,"-",C77,"-",D77) -> 13-25-256 | F77: =VLOOKUP(E77,'LISTA ITEMS'!$E$2:$G$875,2,FALSE) -> ANCLAJE PLASTICO MULTIUSO C/COLLARIN 12X71MM | G77: =VLOOKUP(E77,'LISTA ITEMS'!$E$2:$G$875,3,FALSE) -> UND | H77: 46083 | I77: 150 | K77: 46098 | L77: 0 | M77: 46098 | N77: 0 | O77: 46098 | P77: 0 | Q77: 46098 | R77: =+I77+L77+N77-P77 -> 150 | AC77: =+R77+W77+Y77-AA77 -> 150 | AF77: 7 | AG77: 2 | AH77: F
A78: 75 | B78: 8 | C78: 28 | D78: 257 | E78: =CONCATENATE(B78,"-",C78,"-",D78) -> 8-28-257 | F78: =VLOOKUP(E78,'LISTA ITEMS'!$E$2:$G$875,2,FALSE) -> ARANDELA A/GALVANIZADO P/CARROCERIA 8.4X30X1.5 | G78: =VLOOKUP(E78,'LISTA ITEMS'!$E$2:$G$875,3,FALSE) -> UND | H78: 46083 | I78: 800 | K78: 46098 | L78: 0 | M78: 46098 | N78: 0 | O78: 46098 | P78: 0 | Q78: 46098 | R78: =+I78+L78+N78-P78 -> 800 | AC78: =+R78+W78+Y78-AA78 -> 800 | AF78: 7 | AG78: 2 | AH78: E
A79: 76 | B79: 8 | C79: 28 | D79: 258 | E79: =CONCATENATE(B79,"-",C79,"-",D79) -> 8-28-258 | F79: =VLOOKUP(E79,'LISTA ITEMS'!$E$2:$G$875,2,FALSE) -> ARANDELA A/GALVANIZADO P/CARROCERIA 8.4X25X1.25 | G79: =VLOOKUP(E79,'LISTA ITEMS'!$E$2:$G$875,3,FALSE) -> UND | H79: 46083 | I79: 450 | K79: 46098 | L79: 0 | M79: 46098 | N79: 0 | O79: 46098 | P79: 0 | Q79: 46098 | R79: =+I79+L79+N79-P79 -> 450 | AC79: =+R79+W79+Y79-AA79 -> 450 | AF79: 7 | AG79: 2 | AH79: E
A80: 77 | B80: 8 | C80: 13 | D80: 259 | E80: =CONCATENATE(B80,"-",C80,"-",D80) -> 8-13-259 | F80: =VLOOKUP(E80,'LISTA ITEMS'!$E$2:$G$875,2,FALSE) -> KIT TORNILLO TIPO T 18X30mm CON ARANDELA Y T/HEXAGONAL M8X25MM A/GALV | G80: =VLOOKUP(E80,'LISTA ITEMS'!$E$2:$G$875,3,FALSE) -> UND | H80: 46083 | I80: 81 | K80: 46098 | L80: 0 | M80: 46098 | N80: 0 | O80: 46098 | P80: 0 | Q80: 46098 | R80: =+I80+L80+N80-P80 -> 81 | AC80: =+R80+W80+Y80-AA80 -> 81 | AF80: 7 | AG80: 2 | AH80: E
A81: 78 | B81: 1 | C81: 13 | D81: 260 | E81: =CONCATENATE(B81,"-",C81,"-",D81) -> 1-13-260 | F81: =VLOOKUP(E81,'LISTA ITEMS'!$E$2:$G$875,2,FALSE) -> KIT TORNILLO TIPO T 10X23mm CON ARANDELA DE PRESION, ARANDELA LISA Y T/HEXAGONAL M8X20MM A/INOX | G81: =VLOOKUP(E81,'LISTA ITEMS'!$E$2:$G$875,3,FALSE) -> UND | H81: 46083 | I81: 163 | K81: 46098 | L81: 0 | M81: 46098 | N81: 0 | O81: 46098 | P81: 0 | Q81: 46098 | R81: =+I81+L81+N81-P81 -> 163 | AC81: =+R81+W81+Y81-AA81 -> 163 | AF81: 7 | AG81: 2 | AH81: E
A82: 79 | B82: 1 | C82: 28 | D82: 261 | E82: =CONCATENATE(B82,"-",C82,"-",D82) -> 1-28-261 | F82: =VLOOKUP(E82,'LISTA ITEMS'!$E$2:$G$875,2,FALSE) -> ARANDELA DE PRESION A/INOX PARA TORN. M8 | G82: =VLOOKUP(E82,'LISTA ITEMS'!$E$2:$G$875,3,FALSE) -> UND | H82: 46083 | I82: 273 | K82: 46098 | L82: 0 | M82: 46098 | N82: 0 | O82: 46098 | P82: 0 | Q82: 46098 | R82: =+I82+L82+N82-P82 -> 273 | AC82: =+R82+W82+Y82-AA82 -> 273 | AF82: 7 | AG82: 2 | AH82: E
... A90: 87 | B90: 10 | C90: 15 | D90: 269 | E90: =CONCATENATE(B90,"-",C90,"-",D90) -> 10-15-269 | F90: =VLOOKUP(E90,'LISTA ITEMS'!$E$2:$G$875,2,FALSE) -> BARRA ALUMINIO PARA ESTRUCTURA | G90: =VLOOKUP(E90,'LISTA ITEMS'!$E$2:$G$875,3,FALSE) -> UND | H90: 46083 | I90: 441 | K90: 46098 | L90: 34 | M90: 46098 | N90: 0 | O90: 46098 | P90: 118 | Q90: 46098 | R90: =+I90+L90+N90-P90 -> 357 | AC90: =+R90+W90+Y90-AA90 -> 357 | AF90: 8 | AG90: 4 | AH90: A B C
A91: 88 | B91: 16 | C91: 45 | D91: 276 | E91: =CONCATENATE(B91,"-",C91,"-",D91) -> 16-45-276 | F91: =VLOOKUP(E91,'LISTA ITEMS'!$E$2:$G$875,2,FALSE) -> CAJA ESTANCA (COCHERA) EXTERIOR 18PT (IDE) | G91: =VLOOKUP(E91,'LISTA ITEMS'!$E$2:$G$875,3,FALSE) -> UND | H91: 46083 | I91: 4 | K91: 46098 | L91: 0 | M91: 46098 | N91: 0 | O91: 46098 | P91: 1 | Q91: 46098 | R91: =+I91+L91+N91-P91 -> 3 | S91: 46098 | T91: 8 | AC91: =+R91+W91+Y91-AA91 -> 3 | AF91: 10 | AG91: 2 | AH91: D | AI91: OK
A92: 89 | B92: 16 | C92: 46 | D92: 279 | E92: =CONCATENATE(B92,"-",C92,"-",D92) -> 16-46-279 | F92: =VLOOKUP(E92,'LISTA ITEMS'!$E$2:$G$875,2,FALSE) -> MANGUERA CORRUGADA 25mm NEGRA | G92: =VLOOKUP(E92,'LISTA ITEMS'!$E$2:$G$875,3,FALSE) -> MT | H92: 46083 | I92: 4 | K92: 46098 | L92: 0 | M92: 46098 | N92: 0 | O92: 46098 | P92: 0 | Q92: 46098 | R92: =+I92+L92+N92-P92 -> 4 | AC92: =+R92+W92+Y92-AA92 -> 4 | AF92: 10 | AG92: 1 | AH92: LATERAL
A93: 90 | B93: 16 | C93: 48 | D93: 281 | E93: =CONCATENATE(B93,"-",C93,"-",D93) -> 16-48-281 | F93: =VLOOKUP(E93,'LISTA ITEMS'!$E$2:$G$875,2,FALSE) -> PORTA FUSIBLE SGF-32-DC (MAXGE) | G93: =VLOOKUP(E93,'LISTA ITEMS'!$E$2:$G$875,3,FALSE) -> UND | H93: 46083 | I93: 35 | K93: 46098 | L93: 0 | M93: 46098 | N93: 36 | O93: 46098 | P93: 14 | Q93: 46098 | R93: =+I93+L93+N93-P93 -> 57 | S93: 46098 | T93: 32 | AC93: =+R93+W93+Y93-AA93 -> 57 | AF93: 10 | AG93: 2 | AH93: C
A94: 91 | B94: 16 | C94: 50 | D94: 283 | E94: =CONCATENATE(B94,"-",C94,"-",D94) -> 16-50-283 | F94: =VLOOKUP(E94,'LISTA ITEMS'!$E$2:$G$875,2,FALSE) -> FUSIBLE 32A-1000VDC (SASSIN) | G94: =VLOOKUP(E94,'LISTA ITEMS'!$E$2:$G$875,3,FALSE) -> UND | H94: 46083 | I94: 22 | K94: 46098 | L94: 0 | M94: 46098 | N94: 0 | O94: 46098 | P94: 4 | Q94: 46098 | R94: =+I94+L94+N94-P94 -> 18 | T94: 0 | AC94: =+R94+W94+Y94-AA94 -> 18 | AF94: 10 | AG94: 2 | AH94: C
A95: 92 | B95: 16 | C95: 51 | D95: 284 | E95: =CONCATENATE(B95,"-",C95,"-",D95) -> 16-51-284 | F95: =VLOOKUP(E95,'LISTA ITEMS'!$E$2:$G$875,2,FALSE) -> LIMITADOR/SOBRETENSIONES MONOFASICO 3SUR1 15/30kA-275V (SASSIN) | G95: =VLOOKUP(E95,'LISTA ITEMS'!$E$2:$G$875,3,FALSE) -> UND | H95: 46083 | I95: -1 | K95: 46098 | L95: 0 | M95: 46098 | N95: 0 | O95: 46098 | P95: 0 | Q95: 46098 | R95: =+I95+L95+N95-P95 -> -1 | AC95: =+R95+W95+Y95-AA95 -> -1 | AF95: 10 | AG95: 2 | AH95: C
A96: 93 | B96: 10 | C96: 37 | D96: 287 | E96: =CONCATENATE(B96,"-",C96,"-",D96) -> 10-37-287 | F96: =VLOOKUP(E96,'LISTA ITEMS'!$E$2:$G$875,2,FALSE) -> SOPORTE CENTRAL GRIS | G96: =VLOOKUP(E96,'LISTA ITEMS'!$E$2:$G$875,3,FALSE) -> UND | H96: 46083 | I96: 409 | K96: 46098 | L96: 0 | M96: 46098 | N96: 0 | O96: 46098 | P96: 0 | Q96: 46098 | R96: =+I96+L96+N96-P96 -> 409 | AC96: =+R96+W96+Y96-AA96 -> 409 | AF96: 10 | AG96: 1 | AH96: B
A97: 94 | B97: 16 | C97: 53 | D97: 289 | E97: =CONCATENATE(B97,"-",C97,"-",D97) -> 16-53-289 | F97: =VLOOKUP(E97,'LISTA ITEMS'!$E$2:$G$875,2,FALSE) -> PINCHO DE COMUNICACIÓN WIFI SHINEWILAN X (GROWATT) | G97: =VLOOKUP(E97,'LISTA ITEMS'!$E$2:$G$875,3,FALSE) -> UND | H97: 46083 | I97: 1 | K97: 46098 | L97: 0 | M97: 46098 | N97: 0 | O97: 46098 | P97: 0 | Q97: 46098 | R97: =+I97+L97+N97-P97 -> 1 | T97: 0 | AC97: =+R97+W97+Y97-AA97 -> 1 | AF97: 10 | AG97: 2 | AH97: B CAJON B | AI97: OK
A98: 95 | B98: 16 | C98: 53 | D98: 290 | E98: =CONCATENATE(B98,"-",C98,"-",D98) -> 16-53-290 | F98: =VLOOKUP(E98,'LISTA ITEMS'!$E$2:$G$875,2,FALSE) -> PINCHO DE COMUNICACIÓN WIFI SHINEWILAN X2 (GROWATT) | G98: =VLOOKUP(E98,'LISTA ITEMS'!$E$2:$G$875,3,FALSE) -> UND | H98: 46083 | I98: 4 | K98: 46098 | L98: 0 | M98: 46098 | N98: 2 | O98: 46098 | P98: 5 | Q98: 46098 | R98: =+I98+L98+N98-P98 -> 1 | S98: 46098 | T98: 1 | AC98: =+R98+W98+Y98-AA98 -> 1 | AF98: 10 | AG98: 2 | AH98: B CAJON B | AI98: OK
A99: 96 | B99: 16 | C99: 45 | D99: 294 | E99: =CONCATENATE(B99,"-",C99,"-",D99) -> 16-45-294 | F99: =VLOOKUP(E99,'LISTA ITEMS'!$E$2:$G$875,2,FALSE) -> CAJA DE ESTANCA 133X180X80 EV161 (IDE) | G99: =VLOOKUP(E99,'LISTA ITEMS'!$E$2:$G$875,3,FALSE) -> UND | H99: 46083 | I99: 22 | K99: 46098 | L99: 0 | M99: 46098 | N99: 0 | O99: 46098 | P99: 13 | Q99: 46098 | R99: =+I99+L99+N99-P99 -> 9 | S99: 46098 | T99: 6 | AC99: =+R99+W99+Y99-AA99 -> 9 | AF99: 10 | AG99: 2 | AH99: C | AI99: OK
A100: 97 | B100: 7 | C100: 54 | D100: 295 | E100: =CONCATENATE(B100,"-",C100,"-",D100) -> 7-54-295 | F100: =VLOOKUP(E100,'LISTA ITEMS'!$E$2:$G$875,2,FALSE) -> BATERIA LFP LITHIUM DL5.OC (DYNESS) | G100: =VLOOKUP(E100,'LISTA ITEMS'!$E$2:$G$875,3,FALSE) -> UND | H100: 46083 | I100: 18 | K100: 46098 | L100: 0 | M100: 46098 | N100: 0 | O100: 46098 | P100: 0 | Q100: 46098 | R100: =+I100+L100+N100-P100 -> 18 | AC100: =+R100+W100+Y100-AA100 -> 18 | AF100: 5 | AG100: N/A | AH100: SUELO
A101: 98 | B101: 16 | C101: 55 | D101: 297 | E101: =CONCATENATE(B101,"-",C101,"-",D101) -> 16-55-297 | F101: =VLOOKUP(E101,'LISTA ITEMS'!$E$2:$G$875,2,FALSE) -> MEDIDOR ENERGIA DE CARRIL MODBUS SDM230V MONOFASICO (EASTRON) | G101: =VLOOKUP(E101,'LISTA ITEMS'!$E$2:$G$875,3,FALSE) -> UND | H101: 46083 | I101: 1 | K101: 46098 | L101: 0 | M101: 46098 | N101: 0 | O101: 46098 | P101: 0 | Q101: 46098 | R101: =+I101+L101+N101-P101 -> 1 | S101: 46098 | T101: 1 | AC101: =+R101+W101+Y101-AA101 -> 1 | AD101: 230009290 | AF101: 10 | AG101: 2 | AH101: C CAJON 3
A102: 99 | B102: 16 | C102: 45 | D102: 299 | E102: =CONCATENATE(B102,"-",C102,"-",D102) -> 16-45-299 | F102: =VLOOKUP(E102,'LISTA ITEMS'!$E$2:$G$875,2,FALSE) -> CAJA ESTANCA (COCHERA) EXTERIOR 8PT (IDE) | G102: =VLOOKUP(E102,'LISTA ITEMS'!$E$2:$G$875,3,FALSE) -> UND | H102: 46083 | I102: 10 | K102: 46098 | L102: 0 | M102: 46098 | N102: 0 | O102: 46098 | P102: 1 | Q102: 46098 | R102: =+I102+L102+N102-P102 -> 9 | S102: 46098 | T102: 8 | AC102: =+R102+W102+Y102-AA102 -> 9 | AF102: 10 | AG102: 2 | AH102: D | AI102: OK
A103: 100 | B103: 16 | C103: 45 | D103: 300 | E103: =CONCATENATE(B103,"-",C103,"-",D103) -> 16-45-300 | F103: =VLOOKUP(E103,'LISTA ITEMS'!$E$2:$G$875,2,FALSE) -> CAJA ESTANCA (COCHERA) EXTERIOR 24PT (IDE) | G103: =VLOOKUP(E103,'LISTA ITEMS'!$E$2:$G$875,3,FALSE) -> UND | H103: 46083 | I103: 1 | K103: 46098 | L103: 0 | M103: 46098 | N103: 0 | O103: 46098 | P103: 0 | Q103: 46098 | R103: =+I103+L103+N103-P103 -> 1 | T103: 0 | AC103: =+R103+W103+Y103-AA103 -> 1 | AF103: 10 | AG103: 2 | AH103: D
A104: 101 | B104: 16 | C104: 45 | D104: 301 | E104: =CONCATENATE(B104,"-",C104,"-",D104) -> 16-45-301 | F104: =VLOOKUP(E104,'LISTA ITEMS'!$E$2:$G$875,2,FALSE) -> CAJA ESTANCA (COCHERA) EXTERIOR 36PT (IDE) | G104: =VLOOKUP(E104,'LISTA ITEMS'!$E$2:$G$875,3,FALSE) -> UND | H104: 46083 | I104: 1 | K104: 46098 | L104: 0 | M104: 46098 | N104: 0 | O104: 46098 | P104: 0 | Q104: 46098 | R104: =+I104+L104+N104-P104 -> 1 | S104: 46098 | T104: 1 | AC104: =+R104+W104+Y104-AA104 -> 1 | AF104: 10 | AG104: 2 | AH104: D | AI104: OK
A105: 102 | B105: 16 | C105: 56 | D105: 302 | E105: =CONCATENATE(B105,"-",C105,"-",D105) -> 16-56-302 | F105: =VLOOKUP(E105,'LISTA ITEMS'!$E$2:$G$875,2,FALSE) -> METER TRIFASICO 230/400Vac (GROWATT) | G105: =VLOOKUP(E105,'LISTA ITEMS'!$E$2:$G$875,3,FALSE) -> UND | H105: 46083 | I105: 6 | K105: 46098 | L105: 0 | M105: 46098 | N105: 2 | O105: 46098 | P105: 5 | Q105: 46098 | R105: =+I105+L105+N105-P105 -> 3 | S105: 46098 | T105: 3 | AC105: =+R105+W105+Y105-AA105 -> 3 | AF105: 10 | AG105: 2 | AH105: D | AI105: OK
A106: 103 | B106: 16 | C106: 56 | D106: 303 | E106: =CONCATENATE(B106,"-",C106,"-",D106) -> 16-56-303 | F106: =VLOOKUP(E106,'LISTA ITEMS'!$E$2:$G$875,2,FALSE) -> METER MONOFASICO 230/161-276Vac (GROWATT) | G106: =VLOOKUP(E106,'LISTA ITEMS'!$E$2:$G$875,3,FALSE) -> UND | H106: 46083 | I106: 11 | K106: 46098 | L106: 0 | M106: 46098 | N106: 0 | O106: 46098 | P106: 0 | Q106: 46098 | R106: =+I106+L106+N106-P106 -> 11 | S106: 46098 | T106: 10 | AC106: =+R106+W106+Y106-AA106 -> 11 | AF106: 10 | AG106: 2 | AH106: D | AI106: OK
A107: 104 | B107: 16 | C107: 45 | D107: 304 | E107: =CONCATENATE(B107,"-",C107,"-",D107) -> 16-45-304 | F107: =VLOOKUP(E107,'LISTA ITEMS'!$E$2:$G$875,2,FALSE) -> CAJA DE ESTANCA 197X260X100 EV231 (IDE) | G107: =VLOOKUP(E107,'LISTA ITEMS'!$E$2:$G$875,3,FALSE) -> UND | H107: 46083 | I107: 3 | K107: 46098 | L107: 0 | M107: 46098 | N107: 0 | O107: 46098 | P107: 2 | Q107: 46098 | R107: =+I107+L107+N107-P107 -> 1 | S107: 46098 | T107: 1 | AC107: =+R107+W107+Y107-AA107 -> 1 | AF107: 10 | AG107: 2 | AH107: C | AI107: OK
A108: 105 | B108: 16 | C108: 45 | D108: 305 | E108: =CONCATENATE(B108,"-",C108,"-",D108) -> 16-45-305 | F108: =VLOOKUP(E108,'LISTA ITEMS'!$E$2:$G$875,2,FALSE) -> CAJA DE ESTANCA 167X191X100 EV171 (IDE) | G108: =VLOOKUP(E108,'LISTA ITEMS'!$E$2:$G$875,3,FALSE) -> UND | H108: 46083 | I108: 11 | K108: 46098 | L108: 0 | M108: 46098 | N108: 0 | O108: 46098 | P108: 0 | Q108: 46098 | R108: =+I108+L108+N108-P108 -> 11 | S108: 46098 | T108: 11 | AC108: =+R108+W108+Y108-AA108 -> 11 | AF108: 10 | AG108: 2 | AH108: C | AI108: OK
A109: 106 | B109: 9 | C109: 32 | D109: 306 | E109: =CONCATENATE(B109,"-",C109,"-",D109) -> 9-32-306 | F109: =VLOOKUP(E109,'LISTA ITEMS'!$E$2:$G$875,2,FALSE) -> CURVA PVC M-40 GRIS TIPO B | G109: =VLOOKUP(E109,'LISTA ITEMS'!$E$2:$G$875,3,FALSE) -> UND | H109: 46083 | I109: 6 | K109: 46098 | L109: 0 | M109: 46098 | N109: 0 | O109: 46098 | P109: 0 | Q109: 46098 | R109: =+I109+L109+N109-P109 -> 6 | S109: 46098 | T109: 4 | AC109: =+R109+W109+Y109-AA109 -> 6 | AF109: 10 | AG109: 2 | AH109: C | AI109: OK
A110: 107 | B110: 9 | C110: 32 | D110: 307 | E110: =CONCATENATE(B110,"-",C110,"-",D110) -> 9-32-307 | F110: =VLOOKUP(E110,'LISTA ITEMS'!$E$2:$G$875,2,FALSE) -> CURVA PVC DN-20 GRIS (PEMSA) | G110: =VLOOKUP(E110,'LISTA ITEMS'!$E$2:$G$875,3,FALSE) -> UND | H110: 46083 | I110: 16 | K110: 46098 | L110: 0 | M110: 46098 | N110: 0 | O110: 46098 | P110: 0 | Q110: 46098 | R110: =+I110+L110+N110-P110 -> 16 | S110: 46098 | T110: 16 | AC110: =+R110+W110+Y110-AA110 -> 16 | AF110: 10 | AG110: 2 | AH110: C | AI110: OK
A111: 108 | B111: 9 | C111: 32 | D111: 308 | E111: =CONCATENATE(B111,"-",C111,"-",D111) -> 9-32-308 | F111: =VLOOKUP(E111,'LISTA ITEMS'!$E$2:$G$875,2,FALSE) -> CURVA PVC M-32 GRIS | G111: =VLOOKUP(E111,'LISTA ITEMS'!$E$2:$G$875,3,FALSE) -> UND | H111: 46083 | I111: 6 | K111: 46098 | L111: 0 | M111: 46098 | N111: 20 | O111: 46098 | P111: 0 | Q111: 46098 | R111: =+I111+L111+N111-P111 -> 26 | S111: 46098 | T111: 30 | AC111: =+R111+W111+Y111-AA111 -> 26 | AF111: 10 | AG111: 2 | AH111: C | AI111: OK
A112: 109 | B112: 16 | C112: 51 | D112: 309 | E112: =CONCATENATE(B112,"-",C112,"-",D112) -> 16-51-309 | F112: =VLOOKUP(E112,'LISTA ITEMS'!$E$2:$G$875,2,FALSE) -> LIMITADOR/SOBRETENSIONES MONOFASICO EPS1 C/2 - 275-40 (MAXGE) | G112: =VLOOKUP(E112,'LISTA ITEMS'!$E$2:$G$875,3,FALSE) -> UND | H112: 46083 | I112: 9 | K112: 46098 | L112: 0 | M112: 46098 | N112: 20 | O112: 46098 | P112: 2 | Q112: 46098 | R112: =+I112+L112+N112-P112 -> 27 | S112: 46098 | T112: 14 | AC112: =+R112+W112+Y112-AA112 -> 27 | AF112: 10 | AG112: 2 | AH112: C | AI112: OK
A113: 110 | B113: 16 | C113: 51 | D113: 310 | E113: =CONCATENATE(B113,"-",C113,"-",D113) -> 16-51-310 | F113: =VLOOKUP(E113,'LISTA ITEMS'!$E$2:$G$875,2,FALSE) -> LIMITADOR/SOBRETENSIONES CORRIENTE CONTINUA 2P/40HA 2.5KV (APARELEC) | G113: =VLOOKUP(E113,'LISTA ITEMS'!$E$2:$G$875,3,FALSE) -> UND | H113: 46083 | I113: 51 | K113: 46098 | L113: 0 | M113: 46098 | N113: 0 | O113: 46098 | P113: 0 | Q113: 46098 | R113: =+I113+L113+N113-P113 -> 51 | S113: 46098 | T113: 49 | AC113: =+R113+W113+Y113-AA113 -> 51 | AF113: 10 | AG113: 2 | AH113: C | AI113: OK
A114: 111 | B114: 16 | C114: 57 | D114: 311 | E114: =CONCATENATE(B114,"-",C114,"-",D114) -> 16-57-311 | F114: =VLOOKUP(E114,'LISTA ITEMS'!$E$2:$G$875,2,FALSE) -> PROTECTOR ALTA TENSION FV1250/3S 1500V DC 5.2KV (TOSCANO VIGIVOLT) | G114: =VLOOKUP(E114,'LISTA ITEMS'!$E$2:$G$875,3,FALSE) -> UND | H114: 46083 | I114: 8 | K114: 46098 | L114: 0 | M114: 46098 | N114: 0 | O114: 46098 | P114: 2 | Q114: 46098 | R114: =+I114+L114+N114-P114 -> 6 | S114: 46098 | T114: 8 | AC114: =+R114+W114+Y114-AA114 -> 6 | AF114: 10 | AG114: 2 | AH114: C | AI114: OK
A115: 112 | B115: 16 | C115: 58 | D115: 312 | E115: =CONCATENATE(B115,"-",C115,"-",D115) -> 16-58-312 | F115: =VLOOKUP(E115,'LISTA ITEMS'!$E$2:$G$875,2,FALSE) -> INTERRUPTOR DIFERENCIAL PROTECTOR PERSONA CONTRA DESCARGAS RX3 40A (LEGRAND) | G115: =VLOOKUP(E115,'LISTA ITEMS'!$E$2:$G$875,3,FALSE) -> UND | H115: 46083 | I115: 1 | K115: 46098 | L115: 0 | M115: 46098 | N115: 0 | O115: 46098 | P115: 0 | Q115: 46098 | R115: =+I115+L115+N115-P115 -> 1 | AC115: =+R115+W115+Y115-AA115 -> 1 | AF115: 10 | AG115: 2 | AH115: C
A116: 113 | B116: 16 | C116: 58 | D116: 313 | E116: =CONCATENATE(B116,"-",C116,"-",D116) -> 16-58-313 | F116: =VLOOKUP(E116,'LISTA ITEMS'!$E$2:$G$875,2,FALSE) -> INTERRUPTOR DIFERENCIAL PROTECTOR PERSONA CONTRA DESCARGAS CDC 748m 40A (HAGER) | G116: =VLOOKUP(E116,'LISTA ITEMS'!$E$2:$G$875,3,FALSE) -> UND | H116: 46083 | I116: 1 | K116: 46098 | L116: 0 | M116: 46098 | N116: 0 | O116: 46098 | P116: 0 | Q116: 46098 | R116: =+I116+L116+N116-P116 -> 1 | S116: 46098 | T116: 1 | AC116: =+R116+W116+Y116-AA116 -> 1 | AF116: 10 | AG116: 2 | AH116: C | AI116: OK
A117: 114 | B117: 16 | C117: 50 | D117: 314 | E117: =CONCATENATE(B117,"-",C117,"-",D117) -> 16-50-314 | F117: =VLOOKUP(E117,'LISTA ITEMS'!$E$2:$G$875,2,FALSE) -> FUSIBLE MG10PV32A (MAXGE) | G117: =VLOOKUP(E117,'LISTA ITEMS'!$E$2:$G$875,3,FALSE) -> UND | H117: 46083 | I117: 23 | K117: 46098 | L117: 0 | M117: 46098 | N117: 0 | O117: 46098 | P117: 10 | Q117: 46098 | R117: =+I117+L117+N117-P117 -> 13 | S117: 46098 | T117: 20 | AC117: =+R117+W117+Y117-AA117 -> 13 | AF117: 10 | AG117: 2 | AH117: C
A118: 115 | B118: 7 | C118: 54 | D118: 323 | E118: =CONCATENATE(B118,"-",C118,"-",D118) -> 7-54-323 | F118: =VLOOKUP(E118,'LISTA ITEMS'!$E$2:$G$875,2,FALSE) -> BATERIA LPF LITHIUM B3 48V 3.6kWh (DYNESS) | G118: =VLOOKUP(E118,'LISTA ITEMS'!$E$2:$G$875,3,FALSE) -> UND | H118: 46083 | I118: 1 | K118: 46098 | L118: 0 | M118: 46098 | N118: 1 | O118: 46098 | P118: 1 | Q118: 46098 | R118: =+I118+L118+N118-P118 -> 1 | AC118: =+R118+W118+Y118-AA118 -> 1 | AD118: 14031612302250180 14031612302250664 | AE118: X | AF118: 6 | AG118: N/A | AH118: SUELO
A119: 116 | B119: 7 | C119: 35 | D119: 327 | E119: =CONCATENATE(B119,"-",C119,"-",D119) -> 7-35-327 | F119: =VLOOKUP(E119,'LISTA ITEMS'!$E$2:$G$875,2,FALSE) -> INVERSOR 48/5000/70-50-230V MULTIPLUS (VICTROM ENERGY) | G119: =VLOOKUP(E119,'LISTA ITEMS'!$E$2:$G$875,3,FALSE) -> UND | H119: 46083 | I119: 1 | K119: 46098 | L119: 0 | M119: 46098 | N119: 1 | O119: 46098 | P119: 2 | Q119: 46098 | R119: =+I119+L119+N119-P119 -> 0 | AC119: =+R119+W119+Y119-AA119 -> 0 | AD119: HQ2424266C3 HQ25269NAV7 | AE119: HQ2424266C4 | AF119: 8 | AG119: 3 | AH119: B
A120: 117 | B120: 10 | C120: 42 | D120: 329 | E120: =CONCATENATE(B120,"-",C120,"-",D120) -> 10-42-329 | F120: =VLOOKUP(E120,'LISTA ITEMS'!$E$2:$G$875,2,FALSE) -> PATA ALUMINIO PARA ESTRUCTURA PLACA SOLAR VELA ANGULO 15º | G120: =VLOOKUP(E120,'LISTA ITEMS'!$E$2:$G$875,3,FALSE) -> UND | H120: 46083 | I120: -8 | K120: 46098 | L120: 0 | M120: 46098 | N120: 0 | O120: 46098 | P120: 0 | Q120: 46098 | R120: =+I120+L120+N120-P120 -> -8 | AC120: =+R120+W120+Y120-AA120 -> -8 | AE120: X | AF120: N/A | AG120: N/A | AH120: N/A
A121: 118 | B121: 4 | C121: 15 | D121: 326 | E121: =CONCATENATE(B121,"-",C121,"-",D121) -> 4-15-326 | F121: =VLOOKUP(E121,'LISTA ITEMS'!$E$2:$G$875,2,FALSE) -> BARRA PERFORADA PARA REFUERZO 27x18x2MT GALV. | G121: =VLOOKUP(E121,'LISTA ITEMS'!$E$2:$G$875,3,FALSE) -> UND | H121: 46083 | I121: 10 | K121: 46098 | L121: 14 | M121: 46098 | N121: 0 | O121: 46098 | P121: 43 | Q121: 46098 | R121: =+I121+L121+N121-P121 -> -19 | AC121: =+R121+W121+Y121-AA121 -> -19 | AF121: 8 | AG121: 2 | AH121: D
A122: 119 | B122: 3 | C122: 31 | D122: 277 | E122: =CONCATENATE(B122,"-",C122,"-",D122) -> 3-31-277 | F122: =VLOOKUP(E122,'LISTA ITEMS'!$E$2:$G$875,2,FALSE) -> CABLE Nª 6 P/PLACA SOLAR NEGRO | G122: =VLOOKUP(E122,'LISTA ITEMS'!$E$2:$G$875,3,FALSE) -> MT | H122: 46083 | I122: -236 | K122: 46098 | L122: 159 | M122: 46098 | N122: 0 | O122: 46098 | P122: 428 | Q122: 46098 | R122: =+I122+L122+N122-P122 -> -505 | S122: 46098 | T122: 100 | AC122: =+R122+W122+Y122-AA122 -> -505 | AF122: 10 | AG122: BOBINA | AH122: SUELO
A123: 120 | B123: 3 | C123: 31 | D123: 278 | E123: =CONCATENATE(B123,"-",C123,"-",D123) -> 3-31-278 | F123: =VLOOKUP(E123,'LISTA ITEMS'!$E$2:$G$875,2,FALSE) -> CABLE Nª 6 P/PLACA SOLAR ROJO | G123: =VLOOKUP(E123,'LISTA ITEMS'!$E$2:$G$875,3,FALSE) -> MT | H123: 46083 | I123: -115 | K123: 46098 | L123: 150 | M123: 46098 | N123: 0 | O123: 46098 | P123: 400 | Q123: 46098 | R123: =+I123+L123+N123-P123 -> -365 | S123: 46098 | T123: 150 | AC123: =+R123+W123+Y123-AA123 -> -365 | AF123: 10 | AG123: BOBINA | AH123: SUELO
A124: 121 | B124: 16 | C124: 45 | D124: 275 | E124: =CONCATENATE(B124,"-",C124,"-",D124) -> 16-45-275 | F124: =VLOOKUP(E124,'LISTA ITEMS'!$E$2:$G$875,2,FALSE) -> CAJA DISTRIBUCION INTERIOR 18 ELEM. (SOLERA) | G124: =VLOOKUP(E124,'LISTA ITEMS'!$E$2:$G$875,3,FALSE) -> UND | H124: 46083 | I124: 5 | K124: 46098 | L124: 0 | M124: 46098 | N124: 10 | O124: 46098 | P124: 3 | Q124: 46098 | R124: =+I124+L124+N124-P124 -> 12 | AC124: =+R124+W124+Y124-AA124 -> 12 | AF124: 8 | AG124: 3 | AH124: C
A125: 122 | B125: 16 | C125: 45 | D125: 317 | E125: =CONCATENATE(B125,"-",C125,"-",D125) -> 16-45-317 | F125: =VLOOKUP(E125,'LISTA ITEMS'!$E$2:$G$875,2,FALSE) -> CAJA DISTRIBUCION INTERIOR 8 ELEM. (SOLERA) | G125: =VLOOKUP(E125,'LISTA ITEMS'!$E$2:$G$875,3,FALSE) -> UND | H125: 46083 | I125: 16 | K125: 46098 | L125: 0 | M125: 46098 | N125: 0 | O125: 46098 | P125: 1 | Q125: 46098 | R125: =+I125+L125+N125-P125 -> 15 | AC125: =+R125+W125+Y125-AA125 -> 15 | AF125: 8 | AG125: 3 | AH125: C
A126: 123 | B126: 16 | C126: 59 | D126: 322 | E126: =CONCATENATE(B126,"-",C126,"-",D126) -> 16-59-322 | F126: =VLOOKUP(E126,'LISTA ITEMS'!$E$2:$G$875,2,FALSE) -> CLAVIJA CAUCHO NEGRA 10/16A | G126: =VLOOKUP(E126,'LISTA ITEMS'!$E$2:$G$875,3,FALSE) -> UND | H126: 46083 | I126: 0 | K126: 46098 | L126: 0 | M126: 46098 | N126: 0 | O126: 46098 | P126: 0 | Q126: 46098 | R126: =+I126+L126+N126-P126 -> 0 | AC126: =+R126+W126+Y126-AA126 -> 0 | AF126: 7 | AG126: 4 | AH126: F
...

Sheet LISTA ITEMS
A1: TOMA DE INVENTARIO
A2: # | B2: GRUPO | C2: ELEMENTO | D2: ITEM | E2: CONCATENADO | F2: DESCRIPCION | G2: UND MEDIDA | H2: PROVEEDOR
A3: 1 | B3: 7 | C3: 20 | D3: 178 | E3: =CONCATENATE(B3,"-",C3,"-",D3) -> 7-20-178 | F3: =IFERROR(VLOOKUP(E3,'ESTRUCTURA CODIGO'!$H$2:$J$1048576,2,FALSE)," ") -> ESTUFA CALEFACCION 9 KW | G3: =IFERROR(VLOOKUP(E3,'ESTRUCTURA CODIGO'!$H$2:$J$1048576,3,FALSE)," ") -> UND | H3: =IFERROR(VLOOKUP(E3,'ESTRUCTURA CODIGO'!$H$2:$L$612,4,FALSE)," ") -> 0
A4: 2 | B4: 7 | C4: 20 | D4: 179 | E4: =CONCATENATE(B4,"-",C4,"-",D4) -> 7-20-179 | F4: =IFERROR(VLOOKUP(E4,'ESTRUCTURA CODIGO'!$H$2:$J$1048576,2,FALSE)," ") -> ESTUFA CALEFACCION 12 KW | G4: =IFERROR(VLOOKUP(E4,'ESTRUCTURA CODIGO'!$H$2:$J$1048576,3,FALSE)," ") -> UND | H4: =IFERROR(VLOOKUP(E4,'ESTRUCTURA CODIGO'!$H$2:$L$612,4,FALSE)," ") -> 0
A5: 3 | B5: 13 | C5: 21 | D5: 180 | E5: =CONCATENATE(B5,"-",C5,"-",D5) -> 13-21-180 | F5: =IFERROR(VLOOKUP(E5,'ESTRUCTURA CODIGO'!$H$2:$J$1048576,2,FALSE)," ") -> TACO P/BRIDA BLANCO | G5: =IFERROR(VLOOKUP(E5,'ESTRUCTURA CODIGO'!$H$2:$J$1048576,3,FALSE)," ") -> UND | H5: =IFERROR(VLOOKUP(E5,'ESTRUCTURA CODIGO'!$H$2:$L$612,4,FALSE)," ") -> RECA
A6: 4 | B6: 13 | C6: 21 | D6: 181 | E6: =CONCATENATE(B6,"-",C6,"-",D6) -> 13-21-181 | F6: =IFERROR(VLOOKUP(E6,'ESTRUCTURA CODIGO'!$H$2:$J$1048576,2,FALSE)," ") -> TACO P/BRIDA NEGRO | G6: =IFERROR(VLOOKUP(E6,'ESTRUCTURA CODIGO'!$H$2:$J$1048576,3,FALSE)," ") -> UND | H6: =IFERROR(VLOOKUP(E6,'ESTRUCTURA CODIGO'!$H$2:$L$612,4,FALSE)," ") -> RECA
A7: 5 | B7: 13 | C7: 22 | D7: 182 | E7: =CONCATENATE(B7,"-",C7,"-",D7) -> 13-22-182 | F7: =IFERROR(VLOOKUP(E7,'ESTRUCTURA CODIGO'!$H$2:$J$1048576,2,FALSE)," ") -> BRIDA P/INTERIOR BLANCA | G7: =IFERROR(VLOOKUP(E7,'ESTRUCTURA CODIGO'!$H$2:$J$1048576,3,FALSE)," ") -> UND | H7: =IFERROR(VLOOKUP(E7,'ESTRUCTURA CODIGO'!$H$2:$L$612,4,FALSE)," ") -> RECA
A8: 6 | B8: 13 | C8: 22 | D8: 183 | E8: =CONCATENATE(B8,"-",C8,"-",D8) -> 13-22-183 | F8: =IFERROR(VLOOKUP(E8,'ESTRUCTURA CODIGO'!$H$2:$J$1048576,2,FALSE)," ") -> BRIDA P/INTERIOR NEGRA | G8: =IFERROR(VLOOKUP(E8,'ESTRUCTURA CODIGO'!$H$2:$J$1048576,3,FALSE)," ") -> UND | H8: =IFERROR(VLOOKUP(E8,'ESTRUCTURA CODIGO'!$H$2:$L$612,4,FALSE)," ") -> RECA
A9: 7 | B9: 13 | C9: 22 | D9: 184 | E9: =CONCATENATE(B9,"-",C9,"-",D9) -> 13-22-184 | F9: =IFERROR(VLOOKUP(E9,'ESTRUCTURA CODIGO'!$H$2:$J$1048576,2,FALSE)," ") -> BRIDA P/EXTERIOR NEGRA | G9: =IFERROR(VLOOKUP(E9,'ESTRUCTURA CODIGO'!$H$2:$J$1048576,3,FALSE)," ") -> UND | H9: =IFERROR(VLOOKUP(E9,'ESTRUCTURA CODIGO'!$H$2:$L$612,4,FALSE)," ") -> RECA
A10: 8 | B10: 13 | C10: 23 | D10: 185 | E10: =CONCATENATE(B10,"-",C10,"-",D10) -> 13-23-185 | F10: =IFERROR(VLOOKUP(E10,'ESTRUCTURA CODIGO'!$H$2:$J$1048576,2,FALSE)," ") -> CINTA BLANCA AISLANTE PVC 50MM | G10: =IFERROR(VLOOKUP(E10,'ESTRUCTURA CODIGO'!$H$2:$J$1048576,3,FALSE)," ") -> UND | H10: =IFERROR(VLOOKUP(E10,'ESTRUCTURA CODIGO'!$H$2:$L$612,4,FALSE)," ") -> RECA
A11: 9 | B11: 13 | C11: 23 | D11: 186 | E11: =CONCATENATE(B11,"-",C11,"-",D11) -> 13-23-186 | F11: =IFERROR(VLOOKUP(E11,'ESTRUCTURA CODIGO'!$H$2:$J$1048576,2,FALSE)," ") -> CINTA NEGRA AISLANTE PVC 50MM | G11: =IFERROR(VLOOKUP(E11,'ESTRUCTURA CODIGO'!$H$2:$J$1048576,3,FALSE)," ") -> UND | H11: =IFERROR(VLOOKUP(E11,'ESTRUCTURA CODIGO'!$H$2:$L$612,4,FALSE)," ") -> RECA
A12: 10 | B12: 13 | C12: 23 | D12: 187 | E12: =CONCATENATE(B12,"-",C12,"-",D12) -> 13-23-187 | F12: =IFERROR(VLOOKUP(E12,'ESTRUCTURA CODIGO'!$H$2:$J$1048576,2,FALSE)," ") -> CINTA VERDE AMARILLA AISLANTE PVC 19MM | G12: =IFERROR(VLOOKUP(E12,'ESTRUCTURA CODIGO'!$H$2:$J$1048576,3,FALSE)," ") -> UND | H12: =IFERROR(VLOOKUP(E12,'ESTRUCTURA CODIGO'!$H$2:$L$612,4,FALSE)," ") -> RECA
A13: 11 | B13: 13 | C13: 23 | D13: 188 | E13: =CONCATENATE(B13,"-",C13,"-",D13) -> 13-23-188 | F13: =IFERROR(VLOOKUP(E13,'ESTRUCTURA CODIGO'!$H$2:$J$1048576,2,FALSE)," ") -> CINTA ROJA AISLANTE PVC 19MM | G13: =IFERROR(VLOOKUP(E13,'ESTRUCTURA CODIGO'!$H$2:$J$1048576,3,FALSE)," ") -> UND | H13: =IFERROR(VLOOKUP(E13,'ESTRUCTURA CODIGO'!$H$2:$L$612,4,FALSE)," ") -> RECA
A14: 12 | B14: 13 | C14: 23 | D14: 189 | E14: =CONCATENATE(B14,"-",C14,"-",D14) -> 13-23-189 | F14: =IFERROR(VLOOKUP(E14,'ESTRUCTURA CODIGO'!$H$2:$J$1048576,2,FALSE)," ") -> CINTA AZUL AISLANTE PVC 19MM | G14: =IFERROR(VLOOKUP(E14,'ESTRUCTURA CODIGO'!$H$2:$J$1048576,3,FALSE)," ") -> UND | H14: =IFERROR(VLOOKUP(E14,'ESTRUCTURA CODIGO'!$H$2:$L$612,4,FALSE)," ") -> RECA
... A99: 97 | B99: 17 | C99: 44 | D99: 273 | E99: =CONCATENATE(B99,"-",C99,"-",D99) -> 17-44-273 | F99: =IFERROR(VLOOKUP(E99,'ESTRUCTURA CODIGO'!$H$2:$J$1048576,2,FALSE)," ") -> SELLANTE QUIMICO TACO | G99: =IFERROR(VLOOKUP(E99,'ESTRUCTURA CODIGO'!$H$2:$J$1048576,3,FALSE)," ") -> UND | H99: =IFERROR(VLOOKUP(E99,'ESTRUCTURA CODIGO'!$H$2:$L$612,4,FALSE)," ") -> RECA
A100: 98 | B100: 7 | C100: 35 | D100: 274 | E100: =CONCATENATE(B100,"-",C100,"-",D100) -> 7-35-274 | F100: =IFERROR(VLOOKUP(E100,'ESTRUCTURA CODIGO'!$H$2:$J$1048576,2,FALSE)," ") -> INVERSOR HIBRIDO MONOFASICO SPE 10000ES 10KW BATER. BAJO VOLTAJE Y BACKUP INCORP. (GROWATT) | G100: UND | H100: =IFERROR(VLOOKUP(E100,'ESTRUCTURA CODIGO'!$H$2:$L$612,4,FALSE)," ") -> COTO
A101: 99 | B101: 16 | C101: 45 | D101: 275 | E101: =CONCATENATE(B101,"-",C101,"-",D101) -> 16-45-275 | F101: =IFERROR(VLOOKUP(E101,'ESTRUCTURA CODIGO'!$H$2:$J$1048576,2,FALSE)," ") -> CAJA DISTRIBUCION INTERIOR 18 ELEM. (SOLERA) | G101: =IFERROR(VLOOKUP(E101,'ESTRUCTURA CODIGO'!$H$2:$J$1048576,3,FALSE)," ") -> UND | H101: =IFERROR(VLOOKUP(E101,'ESTRUCTURA CODIGO'!$H$2:$L$612,4,FALSE)," ") -> BELTRAN Y CRIADO
A102: 100 | B102: 16 | C102: 45 | D102: 276 | E102: =CONCATENATE(B102,"-",C102,"-",D102) -> 16-45-276 | F102: =IFERROR(VLOOKUP(E102,'ESTRUCTURA CODIGO'!$H$2:$J$1048576,2,FALSE)," ") -> CAJA ESTANCA (COCHERA) EXTERIOR 18PT (IDE) | G102: =IFERROR(VLOOKUP(E102,'ESTRUCTURA CODIGO'!$H$2:$J$1048576,3,FALSE)," ") -> UND | H102: =IFERROR(VLOOKUP(E102,'ESTRUCTURA CODIGO'!$H$2:$L$612,4,FALSE)," ") -> BELTRAN Y CRIADO
A103: 101 | B103: 3 | C103: 31 | D103: 277 | E103: =CONCATENATE(B103,"-",C103,"-",D103) -> 3-31-277 | F103: =IFERROR(VLOOKUP(E103,'ESTRUCTURA CODIGO'!$H$2:$J$1048576,2,FALSE)," ") -> CABLE Nª 6 P/PLACA SOLAR NEGRO | G103: =IFERROR(VLOOKUP(E103,'ESTRUCTURA CODIGO'!$H$2:$J$1048576,3,FALSE)," ") -> MT | H103: =IFERROR(VLOOKUP(E103,'ESTRUCTURA CODIGO'!$H$2:$L$612,4,FALSE)," ") -> COTO
A104: 102 | B104: 3 | C104: 31 | D104: 278 | E104: =CONCATENATE(B104,"-",C104,"-",D104) -> 3-31-278 | F104: =IFERROR(VLOOKUP(E104,'ESTRUCTURA CODIGO'!$H$2:$J$1048576,2,FALSE)," ") -> CABLE Nª 6 P/PLACA SOLAR ROJO | G104: =IFERROR(VLOOKUP(E104,'ESTRUCTURA CODIGO'!$H$2:$J$1048576,3,FALSE)," ") -> MT | H104: =IFERROR(VLOOKUP(E104,'ESTRUCTURA CODIGO'!$H$2:$L$612,4,FALSE)," ") -> COTO
A105: 103 | B105: 16 | C105: 46 | D105: 279 | E105: =CONCATENATE(B105,"-",C105,"-",D105) -> 16-46-279 | F105: =IFERROR(VLOOKUP(E105,'ESTRUCTURA CODIGO'!$H$2:$J$1048576,2,FALSE)," ") -> MANGUERA CORRUGADA 25mm NEGRA | G105: =IFERROR(VLOOKUP(E105,'ESTRUCTURA CODIGO'!$H$2:$J$1048576,3,FALSE)," ") -> MT | H105: =IFERROR(VLOOKUP(E105,'ESTRUCTURA CODIGO'!$H$2:$L$612,4,FALSE)," ") -> 0
A106: 104 | B106: 16 | C106: 47 | D106: 280 | E106: =CONCATENATE(B106,"-",C106,"-",D106) -> 16-47-280 | F106: =IFERROR(VLOOKUP(E106,'ESTRUCTURA CODIGO'!$H$2:$J$1048576,2,FALSE)," ") -> DIFERENCIAL EPR2A063030 2P-63A-30mA (MAXGE) | G106: =IFERROR(VLOOKUP(E106,'ESTRUCTURA CODIGO'!$H$2:$J$1048576,3,FALSE)," ") -> UND | H106: =IFERROR(VLOOKUP(E106,'ESTRUCTURA CODIGO'!$H$2:$L$612,4,FALSE)," ") -> BELTRAN Y CRIADO
A107: 105 | B107: 16 | C107: 48 | D107: 281 | E107: =CONCATENATE(B107,"-",C107,"-",D107) -> 16-48-281 | F107: =IFERROR(VLOOKUP(E107,'ESTRUCTURA CODIGO'!$H$2:$J$1048576,2,FALSE)," ") -> PORTA FUSIBLE SGF-32-DC (MAXGE) | G107: =IFERROR(VLOOKUP(E107,'ESTRUCTURA CODIGO'!$H$2:$J$1048576,3,FALSE)," ") -> UND | H107: =IFERROR(VLOOKUP(E107,'ESTRUCTURA CODIGO'!$H$2:$L$612,4,FALSE)," ") -> BELTRAN Y CRIADO
A108: 106 | B108: 16 | C108: 49 | D108: 282 | E108: =CONCATENATE(B108,"-",C108,"-",D108) -> 16-49-282 | F108: =IFERROR(VLOOKUP(E108,'ESTRUCTURA CODIGO'!$H$2:$J$1048576,2,FALSE)," ") -> CONTACTOR MODULAR RV32 (REVALCO) | G108: =IFERROR(VLOOKUP(E108,'ESTRUCTURA CODIGO'!$H$2:$J$1048576,3,FALSE)," ") -> UND | H108: =IFERROR(VLOOKUP(E108,'ESTRUCTURA CODIGO'!$H$2:$L$612,4,FALSE)," ") -> INVERSOLAR
A109: 107 | B109: 16 | C109: 50 | D109: 283 | E109: =CONCATENATE(B109,"-",C109,"-",D109) -> 16-50-283 | F109: =IFERROR(VLOOKUP(E109,'ESTRUCTURA CODIGO'!$H$2:$J$1048576,2,FALSE)," ") -> FUSIBLE 32A-1000VDC (SASSIN) | G109: =IFERROR(VLOOKUP(E109,'ESTRUCTURA CODIGO'!$H$2:$J$1048576,3,FALSE)," ") -> UND | H109: =IFERROR(VLOOKUP(E109,'ESTRUCTURA CODIGO'!$H$2:$L$612,4,FALSE)," ") -> BELTRAN Y CRIADO
A110: 108 | B110: 16 | C110: 51 | D110: 284 | E110: =CONCATENATE(B110,"-",C110,"-",D110) -> 16-51-284 | F110: =IFERROR(VLOOKUP(E110,'ESTRUCTURA CODIGO'!$H$2:$J$1048576,2,FALSE)," ") -> LIMITADOR/SOBRETENSIONES MONOFASICO 3SUR1 15/30kA-275V (SASSIN) | G110: =IFERROR(VLOOKUP(E110,'ESTRUCTURA CODIGO'!$H$2:$J$1048576,3,FALSE)," ") -> UND | H110: =IFERROR(VLOOKUP(E110,'ESTRUCTURA CODIGO'!$H$2:$L$612,4,FALSE)," ") -> BELTRAN Y CRIADO
A111: 109 | B111: 16 | C111: 52 | D111: 285 | E111: =CONCATENATE(B111,"-",C111,"-",D111) -> 16-52-285 | F111: =IFERROR(VLOOKUP(E111,'ESTRUCTURA CODIGO'!$H$2:$J$1048576,2,FALSE)," ") -> TERMICO EPBE63M1NC63 1P+N C63 (MAXGE) | G111: =IFERROR(VLOOKUP(E111,'ESTRUCTURA CODIGO'!$H$2:$J$1048576,3,FALSE)," ") -> UND | H111: =IFERROR(VLOOKUP(E111,'ESTRUCTURA CODIGO'!$H$2:$L$612,4,FALSE)," ") -> BELTRAN Y CRIADO
A112: 110 | B112: 7 | C112: 35 | D112: 286 | E112: =CONCATENATE(B112,"-",C112,"-",D112) -> 7-35-286 | F112: =IFERROR(VLOOKUP(E112,'ESTRUCTURA CODIGO'!$H$2:$J$1048576,2,FALSE)," ") -> INVERSOR SPH 6000TL BL-UP 6KW (GROWATT) | G112: =IFERROR(VLOOKUP(E112,'ESTRUCTURA CODIGO'!$H$2:$J$1048576,3,FALSE)," ") -> UND | H112: =IFERROR(VLOOKUP(E112,'ESTRUCTURA CODIGO'!$H$2:$L$612,4,FALSE)," ") -> INVERSOLAR
A113: 111 | B113: 10 | C113: 37 | D113: 287 | E113: =CONCATENATE(B113,"-",C113,"-",D113) -> 10-37-287 | F113: =IFERROR(VLOOKUP(E113,'ESTRUCTURA CODIGO'!$H$2:$J$1048576,2,FALSE)," ") -> SOPORTE CENTRAL GRIS | G113: =IFERROR(VLOOKUP(E113,'ESTRUCTURA CODIGO'!$H$2:$J$1048576,3,FALSE)," ") -> UND | H113: =IFERROR(VLOOKUP(E113,'ESTRUCTURA CODIGO'!$H$2:$L$612,4,FALSE)," ") -> ESTRUSUR SOLAR
A114: 112 | B114: 16 | C114: 49 | D114: 288 | E114: 16-49-288 | F114: =IFERROR(VLOOKUP(E114,'ESTRUCTURA CODIGO'!$H$2:$J$1048576,2,FALSE)," ") -> CONTACTOR MODULAR EPC1-6322-P7 (MAXGE) | G114: =IFERROR(VLOOKUP(E114,'ESTRUCTURA CODIGO'!$H$2:$J$1048576,3,FALSE)," ") -> UND | H114: =IFERROR(VLOOKUP(E114,'ESTRUCTURA CODIGO'!$H$2:$L$612,4,FALSE)," ") -> BELTRAN Y CRIADO
A115: 113 | B115: 16 | C115: 53 | D115: 289 | E115: 16-53-289 | F115: =IFERROR(VLOOKUP(E115,'ESTRUCTURA CODIGO'!$H$2:$J$1048576,2,FALSE)," ") -> PINCHO DE COMUNICACIÓN WIFI SHINEWILAN X (GROWATT) | G115: =IFERROR(VLOOKUP(E115,'ESTRUCTURA CODIGO'!$H$2:$J$1048576,3,FALSE)," ") -> UND | H115: =IFERROR(VLOOKUP(E115,'ESTRUCTURA CODIGO'!$H$2:$L$612,4,FALSE)," ") -> BELTRAN Y CRIADO
A116: 114 | B116: 16 | C116: 53 | D116: 290 | E116: =CONCATENATE(B116,"-",C116,"-",D116) -> 16-53-290 | F116: =IFERROR(VLOOKUP(E116,'ESTRUCTURA CODIGO'!$H$2:$J$1048576,2,FALSE)," ") -> PINCHO DE COMUNICACIÓN WIFI SHINEWILAN X2 (GROWATT) | G116: =IFERROR(VLOOKUP(E116,'ESTRUCTURA CODIGO'!$H$2:$J$1048576,3,FALSE)," ") -> UND | H116: =IFERROR(VLOOKUP(E116,'ESTRUCTURA CODIGO'!$H$2:$L$612,4,FALSE)," ") -> BELTRAN Y CRIADO
A117: 115 | B117: 9 | C117: 2 | D117: 291 | E117: =CONCATENATE(B117,"-",C117,"-",D117) -> 9-2-291 | F117: =IFERROR(VLOOKUP(E117,'ESTRUCTURA CODIGO'!$H$2:$J$1048576,2,FALSE)," ") -> TUBO ELECTRICO PVC 25mm - 3mt(AISCAN) | G117: =IFERROR(VLOOKUP(E117,'ESTRUCTURA CODIGO'!$H$2:$J$1048576,3,FALSE)," ") -> UND | H117: =IFERROR(VLOOKUP(E117,'ESTRUCTURA CODIGO'!$H$2:$L$612,4,FALSE)," ") -> BELTRAN Y CRIADO
A118: 116 | B118: 16 | C118: 52 | D118: 292 | E118: =CONCATENATE(B118,"-",C118,"-",D118) -> 16-52-292 | F118: =IFERROR(VLOOKUP(E118,'ESTRUCTURA CODIGO'!$H$2:$J$1048576,2,FALSE)," ") -> TERMICO EPBE63M1NC63M1NC40 1P+N C40 (MAXGE) | G118: =IFERROR(VLOOKUP(E118,'ESTRUCTURA CODIGO'!$H$2:$J$1048576,3,FALSE)," ") -> UND | H118: =IFERROR(VLOOKUP(E118,'ESTRUCTURA CODIGO'!$H$2:$L$612,4,FALSE)," ") -> BELTRAN Y CRIADO
A119: 117 | B119: 16 | C119: 52 | D119: 293 | E119: =CONCATENATE(B119,"-",C119,"-",D119) -> 16-52-293 | F119: =IFERROR(VLOOKUP(E119,'ESTRUCTURA CODIGO'!$H$2:$J$1048576,2,FALSE)," ") -> TERMICO EPBE63M1NC63M1NC32 1P+N C32 (MAXGE) | G119: =IFERROR(VLOOKUP(E119,'ESTRUCTURA CODIGO'!$H$2:$J$1048576,3,FALSE)," ") -> UND | H119: =IFERROR(VLOOKUP(E119,'ESTRUCTURA CODIGO'!$H$2:$L$612,4,FALSE)," ") -> BELTRAN Y CRIADO
A120: 118 | B120: 16 | C120: 45 | D120: 294 | E120: =CONCATENATE(B120,"-",C120,"-",D120) -> 16-45-294 | F120: =IFERROR(VLOOKUP(E120,'ESTRUCTURA CODIGO'!$H$2:$J$1048576,2,FALSE)," ") -> CAJA DE ESTANCA 133X180X80 EV161 (IDE) | G120: =IFERROR(VLOOKUP(E120,'ESTRUCTURA CODIGO'!$H$2:$J$1048576,3,FALSE)," ") -> UND | H120: =IFERROR(VLOOKUP(E120,'ESTRUCTURA CODIGO'!$H$2:$L$612,4,FALSE)," ") -> BELTRAN Y CRIADO
A121: 119 | B121: 7 | C121: 54 | D121: 295 | E121: =CONCATENATE(B121,"-",C121,"-",D121) -> 7-54-295 | F121: =IFERROR(VLOOKUP(E121,'ESTRUCTURA CODIGO'!$H$2:$J$1048576,2,FALSE)," ") -> BATERIA LFP LITHIUM DL5.OC (DYNESS) | G121: =IFERROR(VLOOKUP(E121,'ESTRUCTURA CODIGO'!$H$2:$J$1048576,3,FALSE)," ") -> UND | H121: =IFERROR(VLOOKUP(E121,'ESTRUCTURA CODIGO'!$H$2:$L$612,4,FALSE)," ") -> INVERSOLAR
A122: 120 | B122: 7 | C122: 35 | D122: 296 | E122: =CONCATENATE(B122,"-",C122,"-",D122) -> 7-35-296 | F122: =IFERROR(VLOOKUP(E122,'ESTRUCTURA CODIGO'!$H$2:$J$1048576,2,FALSE)," ") -> INVERSOR HIBRIDO MONOFASICO SUN 12KW AM3 (DEYE) | G122: =IFERROR(VLOOKUP(E122,'ESTRUCTURA CODIGO'!$H$2:$J$1048576,3,FALSE)," ") -> UND | H122: =IFERROR(VLOOKUP(E122,'ESTRUCTURA CODIGO'!$H$2:$L$612,4,FALSE)," ") -> BELTRAN Y CRIADO
A123: 121 | B123: 16 | C123: 55 | D123: 297 | E123: =CONCATENATE(B123,"-",C123,"-",D123) -> 16-55-297 | F123: =IFERROR(VLOOKUP(E123,'ESTRUCTURA CODIGO'!$H$2:$J$1048576,2,FALSE)," ") -> MEDIDOR ENERGIA DE CARRIL MODBUS SDM230V MONOFASICO (EASTRON) | G123: =IFERROR(VLOOKUP(E123,'ESTRUCTURA CODIGO'!$H$2:$J$1048576,3,FALSE)," ") -> UND | H123: =IFERROR(VLOOKUP(E123,'ESTRUCTURA CODIGO'!$H$2:$L$612,4,FALSE)," ") -> BELTRAN Y CRIADO
A124: 122 | B124: 16 | C124: 35 | D124: 298 | E124: =CONCATENATE(B124,"-",C124,"-",D124) -> 16-35-298 | F124: =IFERROR(VLOOKUP(E124,'ESTRUCTURA CODIGO'!$H$2:$J$1048576,2,FALSE)," ") -> INVERSOR HIBRIDO TRIFASICO 10KW WIT10K HU C/BACKUP INCORPORADO Y DISEÑADO PARA BATERIA DE BAJO VOLTAJE (GROTWATT) | G124: =IFERROR(VLOOKUP(E124,'ESTRUCTURA CODIGO'!$H$2:$J$1048576,3,FALSE)," ") -> UND | H124: =IFERROR(VLOOKUP(E124,'ESTRUCTURA CODIGO'!$H$2:$L$612,4,FALSE)," ") -> COTO
A125: 123 | B125: 16 | C125: 45 | D125: 299 | E125: =CONCATENATE(B125,"-",C125,"-",D125) -> 16-45-299 | F125: =IFERROR(VLOOKUP(E125,'ESTRUCTURA CODIGO'!$H$2:$J$1048576,2,FALSE)," ") -> CAJA ESTANCA (COCHERA) EXTERIOR 8PT (IDE) | G125: =IFERROR(VLOOKUP(E125,'ESTRUCTURA CODIGO'!$H$2:$J$1048576,3,FALSE)," ") -> UND | H125: =IFERROR(VLOOKUP(E125,'ESTRUCTURA CODIGO'!$H$2:$L$612,4,FALSE)," ") -> BELTRAN Y CRIADO
A126: 124 | B126: 16 | C126: 45 | D126: 300 | E126: =CONCATENATE(B126,"-",C126,"-",D126) -> 16-45-300 | F126: =IFERROR(VLOOKUP(E126,'ESTRUCTURA CODIGO'!$H$2:$J$1048576,2,FALSE)," ") -> CAJA ESTANCA (COCHERA) EXTERIOR 24PT (IDE) | G126: =IFERROR(VLOOKUP(E126,'ESTRUCTURA CODIGO'!$H$2:$J$1048576,3,FALSE)," ") -> UND | H126: =IFERROR(VLOOKUP(E126,'ESTRUCTURA CODIGO'!$H$2:$L$612,4,FALSE)," ") -> BELTRAN Y CRIADO
A127: 125 | B127: 16 | C127: 45 | D127: 301 | E127: =CONCATENATE(B127,"-",C127,"-",D127) -> 16-45-301 | F127: =IFERROR(VLOOKUP(E127,'ESTRUCTURA CODIGO'!$H$2:$J$1048576,2,FALSE)," ") -> CAJA ESTANCA (COCHERA) EXTERIOR 36PT (IDE) | G127: =IFERROR(VLOOKUP(E127,'ESTRUCTURA CODIGO'!$H$2:$J$1048576,3,FALSE)," ") -> UND | H127: =IFERROR(VLOOKUP(E127,'ESTRUCTURA CODIGO'!$H$2:$L$612,4,FALSE)," ") -> BELTRAN Y CRIADO
... A249: 247 | B249: 7 | C249: 54 | D249: 423 | E249: =CONCATENATE(B249,"-",C249,"-",D249) -> 7-54-423 | F249: =IFERROR(VLOOKUP(E249,'ESTRUCTURA CODIGO'!$H$2:$J$1048576,2,FALSE)," ") -> BATERIA LFP LITHIUM DL5.OC RACK (DYNESS) | G249: =IFERROR(VLOOKUP(E249,'ESTRUCTURA CODIGO'!$H$2:$J$1048576,3,FALSE)," ") -> UND | H249: =IFERROR(VLOOKUP(E249,'ESTRUCTURA CODIGO'!$H$2:$L$612,4,FALSE)," ") -> INVERSOLAR
A250: 248 | E250: =CONCATENATE(B250,"-",C250,"-",D250) -> -- | F250: =IFERROR(VLOOKUP(E250,'ESTRUCTURA CODIGO'!$H$2:$J$1048576,2,FALSE)," ") -> 0 | G250: =IFERROR(VLOOKUP(E250,'ESTRUCTURA CODIGO'!$H$2:$J$1048576,3,FALSE)," ") -> 0 | H250: =IFERROR(VLOOKUP(E250,'ESTRUCTURA CODIGO'!$H$2:$L$612,4,FALSE)," ") -> 0
A251: 249 | E251: =CONCATENATE(B251,"-",C251,"-",D251) -> -- | F251: =IFERROR(VLOOKUP(E251,'ESTRUCTURA CODIGO'!$H$2:$J$1048576,2,FALSE)," ") -> 0 | G251: =IFERROR(VLOOKUP(E251,'ESTRUCTURA CODIGO'!$H$2:$J$1048576,3,FALSE)," ") -> 0 | H251: =IFERROR(VLOOKUP(E251,'ESTRUCTURA CODIGO'!$H$2:$L$612,4,FALSE)," ") -> 0
A252: 250 | E252: =CONCATENATE(B252,"-",C252,"-",D252) -> -- | F252: =IFERROR(VLOOKUP(E252,'ESTRUCTURA CODIGO'!$H$2:$J$1048576,2,FALSE)," ") -> 0 | G252: =IFERROR(VLOOKUP(E252,'ESTRUCTURA CODIGO'!$H$2:$J$1048576,3,FALSE)," ") -> 0 | H252: =IFERROR(VLOOKUP(E252,'ESTRUCTURA CODIGO'!$H$2:$L$612,4,FALSE)," ") -> 0
A253: 251 | E253: =CONCATENATE(B253,"-",C253,"-",D253) -> -- | F253: =IFERROR(VLOOKUP(E253,'ESTRUCTURA CODIGO'!$H$2:$J$1048576,2,FALSE)," ") -> 0 | G253: =IFERROR(VLOOKUP(E253,'ESTRUCTURA CODIGO'!$H$2:$J$1048576,3,FALSE)," ") -> 0 | H253: =IFERROR(VLOOKUP(E253,'ESTRUCTURA CODIGO'!$H$2:$L$612,4,FALSE)," ") -> 0
A254: 252 | E254: =CONCATENATE(B254,"-",C254,"-",D254) -> -- | F254: =IFERROR(VLOOKUP(E254,'ESTRUCTURA CODIGO'!$H$2:$J$1048576,2,FALSE)," ") -> 0 | G254: =IFERROR(VLOOKUP(E254,'ESTRUCTURA CODIGO'!$H$2:$J$1048576,3,FALSE)," ") -> 0 | H254: =IFERROR(VLOOKUP(E254,'ESTRUCTURA CODIGO'!$H$2:$L$612,4,FALSE)," ") -> 0
A255: 253 | E255: =CONCATENATE(B255,"-",C255,"-",D255) -> -- | F255: =IFERROR(VLOOKUP(E255,'ESTRUCTURA CODIGO'!$H$2:$J$1048576,2,FALSE)," ") -> 0 | G255: =IFERROR(VLOOKUP(E255,'ESTRUCTURA CODIGO'!$H$2:$J$1048576,3,FALSE)," ") -> 0 | H255: =IFERROR(VLOOKUP(E255,'ESTRUCTURA CODIGO'!$H$2:$L$612,4,FALSE)," ") -> 0
A256: 254 | E256: =CONCATENATE(B256,"-",C256,"-",D256) -> -- | F256: =IFERROR(VLOOKUP(E256,'ESTRUCTURA CODIGO'!$H$2:$J$1048576,2,FALSE)," ") -> 0 | G256: =IFERROR(VLOOKUP(E256,'ESTRUCTURA CODIGO'!$H$2:$J$1048576,3,FALSE)," ") -> 0 | H256: =IFERROR(VLOOKUP(E256,'ESTRUCTURA CODIGO'!$H$2:$L$612,4,FALSE)," ") -> 0
A257: 255 | E257: =CONCATENATE(B257,"-",C257,"-",D257) -> -- | F257: =IFERROR(VLOOKUP(E257,'ESTRUCTURA CODIGO'!$H$2:$J$1048576,2,FALSE)," ") -> 0 | G257: =IFERROR(VLOOKUP(E257,'ESTRUCTURA CODIGO'!$H$2:$J$1048576,3,FALSE)," ") -> 0 | H257: =IFERROR(VLOOKUP(E257,'ESTRUCTURA CODIGO'!$H$2:$L$612,4,FALSE)," ") -> 0
A258: 256 | E258: =CONCATENATE(B258,"-",C258,"-",D258) -> -- | F258: =IFERROR(VLOOKUP(E258,'ESTRUCTURA CODIGO'!$H$2:$J$1048576,2,FALSE)," ") -> 0 | G258: =IFERROR(VLOOKUP(E258,'ESTRUCTURA CODIGO'!$H$2:$J$1048576,3,FALSE)," ") -> 0 | H258: =IFERROR(VLOOKUP(E258,'ESTRUCTURA CODIGO'!$H$2:$L$612,4,FALSE)," ") -> 0
A259: 257 | E259: =CONCATENATE(B259,"-",C259,"-",D259) -> -- | F259: =IFERROR(VLOOKUP(E259,'ESTRUCTURA CODIGO'!$H$2:$J$1048576,2,FALSE)," ") -> 0 | G259: =IFERROR(VLOOKUP(E259,'ESTRUCTURA CODIGO'!$H$2:$J$1048576,3,FALSE)," ") -> 0 | H259: =IFERROR(VLOOKUP(E259,'ESTRUCTURA CODIGO'!$H$2:$L$612,4,FALSE)," ") -> 0
A260: 258 | E260: =CONCATENATE(B260,"-",C260,"-",D260) -> -- | F260: =IFERROR(VLOOKUP(E260,'ESTRUCTURA CODIGO'!$H$2:$J$1048576,2,FALSE)," ") -> 0 | G260: =IFERROR(VLOOKUP(E260,'ESTRUCTURA CODIGO'!$H$2:$J$1048576,3,FALSE)," ") -> 0 | H260: =IFERROR(VLOOKUP(E260,'ESTRUCTURA CODIGO'!$H$2:$L$612,4,FALSE)," ") -> 0
A261: 259 | E261: =CONCATENATE(B261,"-",C261,"-",D261) -> -- | F261: =IFERROR(VLOOKUP(E261,'ESTRUCTURA CODIGO'!$H$2:$J$1048576,2,FALSE)," ") -> 0 | G261: =IFERROR(VLOOKUP(E261,'ESTRUCTURA CODIGO'!$H$2:$J$1048576,3,FALSE)," ") -> 0 | H261: =IFERROR(VLOOKUP(E261,'ESTRUCTURA CODIGO'!$H$2:$L$612,4,FALSE)," ") -> 0
... A874: 872 | E874: =CONCATENATE(B874,"-",C874,"-",D874) -> -- | F874: =IFERROR(VLOOKUP(E874,'ESTRUCTURA CODIGO'!$H$2:$J$1048576,2,FALSE)," ") -> 0 | G874: =IFERROR(VLOOKUP(E874,'ESTRUCTURA CODIGO'!$H$2:$J$1048576,3,FALSE)," ") -> 0 | H874: =IFERROR(VLOOKUP(E874,'ESTRUCTURA CODIGO'!$H$2:$L$612,4,FALSE)," ") -> 0
A875: 873 | B875: X | C875: X | D875: X | E875: X | F875: X | G875: X | H875: X | I875: X | J875: X | K875: X

Sheet ESTRUCTURA CODIGO
A1: LINEA | B1: GRUPO | C1: ELEMENTO | D1: ITEM | E1: G | F1: E | G1: I | H1: CONCATENAR | I1: DESCRIPCION | J1: UND MEDIDA | K1: PROVEEDOR PRIMARIO | L1: PROVEEDOR SECUNDARIO
A2: 1 | B2: ACERO INOXIDABLE | C2: CODO | G2: 1 | H2: =CONCATENATE(E2,"-",F2,"-",G2) -> --1
A3: 2 | B3: CAUCHO | C3: TUBO | G3: 2 | H3: =CONCATENATE(E3,"-",F3,"-",G3) -> --2
A4: 3 | B4: HILO | C4: TE | G4: 3 | H4: =CONCATENATE(E4,"-",F4,"-",G4) -> --3
A5: 4 | B5: GALVANIZADO | C5: ABRAZADERA | G5: 4 | H5: =CONCATENATE(E5,"-",F5,"-",G5) -> --4
A6: 5 | B6: COBRE | C6: SOMBRERETE | G6: 5 | H6: =CONCATENATE(E6,"-",F6,"-",G6) -> --5
A7: 6 | B7: ACERO | C7: DEFLECTOR | G7: 6 | H7: =CONCATENATE(E7,"-",F7,"-",G7) -> --6
A8: 7 | B8: EQUIPOS | C8: COLECTOR | G8: 7 | H8: =CONCATENATE(E8,"-",F8,"-",G8) -> --7
A9: 8 | B9: ACERO GALVALIZADO | C9: ROSETON | G9: 8 | H9: =CONCATENATE(E9,"-",F9,"-",G9) -> --8
A10: 9 | B10: PVC | C10: TERMINAL ANTILLUVIA | G10: 9 | H10: =CONCATENATE(E10,"-",F10,"-",G10) -> --9
A11: 10 | B11: ALUMINIO | C11: VALVULA | G11: 10 | H11: =CONCATENATE(E11,"-",F11,"-",G11) -> --10
A12: 11 | B12: HIERRO | C12: REDUCCION | G12: 11 | H12: =CONCATENATE(E12,"-",F12,"-",G12) -> --11
A13: 12 | B13: PLACA SOLAR | C13: EMBELLECEDOR | G13: 12 | H13: =CONCATENATE(E13,"-",F13,"-",G13) -> --12
... A22: 21 | B22: ASEO | C22: TACO BRIDA | G22: 21 | H22: =CONCATENATE(E22,"-",F22,"-",G22) -> --21
A23: 22 | C23: BRIDA | G23: 22 | H23: =CONCATENATE(E23,"-",F23,"-",G23) -> --22
A24: 23 | C24: CINTA | G24: 23 | H24: =CONCATENATE(E24,"-",F24,"-",G24) -> --23
A25: 24 | C25: DISCO | G25: 24 | H25: =CONCATENATE(E25,"-",F25,"-",G25) -> --24
A26: 25 | C26: ANCLAJE | G26: 25 | H26: =CONCATENATE(E26,"-",F26,"-",G26) -> --25
A27: 26 | C27: ESTACION DE CARGA | G27: 26 | H27: =CONCATENATE(E27,"-",F27,"-",G27) -> --26
A28: 27 | C28: TORNILLO | G28: 27 | H28: =CONCATENATE(E28,"-",F28,"-",G28) -> --27
A29: 28 | C29: ARANDELA | G29: 28 | H29: =CONCATENATE(E29,"-",F29,"-",G29) -> --28
A30: 29 | C30: ARGOLLA | G30: 29 | H30: =CONCATENATE(E30,"-",F30,"-",G30) -> --29
A31: 30 | C31: PERRILLO | G31: 30 | H31: =CONCATENATE(E31,"-",F31,"-",G31) -> --30
A32: 31 | C32: CABLE | G32: 31 | H32: =CONCATENATE(E32,"-",F32,"-",G32) -> --31
A33: 32 | C33: CURVA | G33: 32 | H33: =CONCATENATE(E33,"-",F33,"-",G33) -> --32
A34: 33 | C34: OPTIMIZADOR | G34: 33 | H34: =CONCATENATE(E34,"-",F34,"-",G34) -> --33
... A88: 87 | C88: MODULO DISTRIBUCION | G88: 87 | H88: =CONCATENATE(E88,"-",F88,"-",G88) -> --87
A89: 88 | G89: 88 | H89: =CONCATENATE(E89,"-",F89,"-",G89) -> --88
A90: 89 | G90: 89 | H90: =CONCATENATE(E90,"-",F90,"-",G90) -> --89
A91: 90 | G91: 90 | H91: =CONCATENATE(E91,"-",F91,"-",G91) -> --90
A92: 91 | G92: 91 | H92: =CONCATENATE(E92,"-",F92,"-",G92) -> --91
A93: 92 | G93: 92 | H93: =CONCATENATE(E93,"-",F93,"-",G93) -> --92
A94: 93 | G94: 93 | H94: =CONCATENATE(E94,"-",F94,"-",G94) -> --93
A95: 94 | G95: 94 | H95: =CONCATENATE(E95,"-",F95,"-",G95) -> --94
A96: 95 | G96: 95 | H96: =CONCATENATE(E96,"-",F96,"-",G96) -> --95
A97: 96 | G97: 96 | H97: =CONCATENATE(E97,"-",F97,"-",G97) -> --96
A98: 97 | G98: 97 | H98: =CONCATENATE(E98,"-",F98,"-",G98) -> --97
A99: 98 | G99: 98 | H99: =CONCATENATE(E99,"-",F99,"-",G99) -> --98
A100: 99 | G100: 99 | H100: =CONCATENATE(E100,"-",F100,"-",G100) -> --99
... A178: 177 | G178: 177 | H178: =CONCATENATE(E178,"-",F178,"-",G178) -> --177
A179: 178 | D179: 9 KW CALEFACCION | E179: 7 | F179: 20 | G179: 178 | H179: =CONCATENATE(E179,"-",F179,"-",G179) -> 7-20-178 | I179: ESTUFA CALEFACCION 9 KW | J179: UND | L179: AFC RENOVABLES
A180: 179 | D180: 12 KW CALEFACCION | E180: 7 | F180: 20 | G180: 179 | H180: =CONCATENATE(E180,"-",F180,"-",G180) -> 7-20-179 | I180: ESTUFA CALEFACCION 12 KW | J180: UND | L180: AFC RENOVABLES
A181: 180 | D181: TACO BRIDA BLANCO | E181: 13 | F181: 21 | G181: 180 | H181: =CONCATENATE(E181,"-",F181,"-",G181) -> 13-21-180 | I181: TACO P/BRIDA BLANCO | J181: UND | K181: RECA
A182: 181 | D182: TACO BRIDA NEGRO | E182: 13 | F182: 21 | G182: 181 | H182: =CONCATENATE(E182,"-",F182,"-",G182) -> 13-21-181 | I182: TACO P/BRIDA NEGRO | J182: UND | K182: RECA
A183: 182 | D183: BRIDA P/INTERIOR BLANCA | E183: 13 | F183: 22 | G183: 182 | H183: =CONCATENATE(E183,"-",F183,"-",G183) -> 13-22-182 | I183: BRIDA P/INTERIOR BLANCA | J183: UND | K183: RECA
A184: 183 | D184: BRIDA P/INTERIOR NEGRA | E184: 13 | F184: 22 | G184: 183 | H184: =CONCATENATE(E184,"-",F184,"-",G184) -> 13-22-183 | I184: BRIDA P/INTERIOR NEGRA | J184: UND | K184: RECA
A185: 184 | D185: BRIDA P/EXTERIOR NEGRA | E185: 13 | F185: 22 | G185: 184 | H185: =CONCATENATE(E185,"-",F185,"-",G185) -> 13-22-184 | I185: BRIDA P/EXTERIOR NEGRA | J185: UND | K185: RECA
A186: 185 | D186: CINTA BLANCA AISLANTE PVC 50MM | E186: 13 | F186: 23 | G186: 185 | H186: =CONCATENATE(E186,"-",F186,"-",G186) -> 13-23-185 | I186: CINTA BLANCA AISLANTE PVC 50MM | J186: UND | K186: RECA
A187: 186 | D187: CINTA NEGRA AISLANTE PVC 50MM | E187: 13 | F187: 23 | G187: 186 | H187: =CONCATENATE(E187,"-",F187,"-",G187) -> 13-23-186 | I187: CINTA NEGRA AISLANTE PVC 50MM | J187: UND | K187: RECA
A188: 187 | D188: CINTA VERDE AMARILLA AISLANTE PVC 19MM | E188: 13 | F188: 23 | G188: 187 | H188: =CONCATENATE(E188,"-",F188,"-",G188) -> 13-23-187 | I188: CINTA VERDE AMARILLA AISLANTE PVC 19MM | J188: UND | K188: RECA
A189: 188 | D189: CINTA ROJA AISLANTE PVC 19MM | E189: 13 | F189: 23 | G189: 188 | H189: =CONCATENATE(E189,"-",F189,"-",G189) -> 13-23-188 | I189: CINTA ROJA AISLANTE PVC 19MM | J189: UND | K189: RECA
A190: 189 | D190: CINTA AZUL AISLANTE PVC 19MM | E190: 13 | F190: 23 | G190: 189 | H190: =CONCATENATE(E190,"-",F190,"-",G190) -> 13-23-189 | I190: CINTA AZUL AISLANTE PVC 19MM | J190: UND | K190: RECA
A191: 190 | D191: CINTA BLANCA AISLANTE PVC 19MM | E191: 13 | F191: 23 | G191: 190 | H191: =CONCATENATE(E191,"-",F191,"-",G191) -> 13-23-190 | I191: CINTA BLANCA AISLANTE PVC 19MM | J191: UND | K191: RECA
A192: 191 | D192: CINTA NEGRA AISLANTE PVC 19MM | E192: 13 | F192: 23 | G192: 191 | H192: =CONCATENATE(E192,"-",F192,"-",G192) -> 13-23-191 | I192: CINTA NEGRA AISLANTE PVC 19MM | J192: UND | K192: RECA
... A232: 231 | D232: INVERSOR 24/3000/70-16-230V MULTIPLUS (VICTROM ENERGY) | E232: 7 | F232: 35 | G232: 230 | H232: =CONCATENATE(E232,"-",F232,"-",G232) -> 7-35-230 | I232: INVERSOR VICTROM ENERGY MULTIPLUS 24/3000/70-16-230V | J232: UND | K232: VICTROM ENERGY
A233: 232 | D233: CONTROLADOR SMART SOLAR MPPT 250/100-TR VICTROM ENERGY | E233: 7 | F233: 36 | G233: 231 | H233: =CONCATENATE(E233,"-",F233,"-",G233) -> 7-36-231 | I233: =+D233 -> CONTROLADOR SMART SOLAR MPPT 250/100-TR VICTROM ENERGY | J233: UND | K233: VICTROM ENERGY
A234: 233 | D234: SOPORTE CENTRAL NEGRO | E234: 10 | F234: 37 | G234: 232 | H234: =CONCATENATE(E234,"-",F234,"-",G234) -> 10-37-232 | I234: =+D234 -> SOPORTE CENTRAL NEGRO | J234: UND | K234: ESTRUSUR SOLAR
A235: 234 | D235: PLACA SOLAR EX-275P-60 275W / 31.50V | E235: 7 | F235: 38 | G235: 233 | H235: =CONCATENATE(E235,"-",F235,"-",G235) -> 7-38-233 | I235: =+D235 -> PLACA SOLAR EX-275P-60 275W / 31.50V | J235: UND | K235: EXIOM SOLUTION SA
A236: 235 | D236: PLACA SOLAR CSP-6P-345W / 38.3C | E236: 7 | F236: 38 | G236: =+G235+1 -> 234 | H236: =CONCATENATE(E236,"-",F236,"-",G236) -> 7-38-234 | I236: =+D236 -> PLACA SOLAR CSP-6P-345W / 38.3C | J236: UND | K236: CRADY SOLAR
A237: 236 | D237: PLACA SOLAR CS6L-450MS 450W / 34.4V | E237: 7 | F237: 38 | G237: =+G236+1 -> 235 | H237: =CONCATENATE(E237,"-",F237,"-",G237) -> 7-38-235 | I237: =+D237 -> PLACA SOLAR CS6L-450MS 450W / 34.4V | J237: UND | K237: CANADIANSOLAR
A238: 237 | D238: PLACA SOLAR JAM66S30-505MR 505W / 45.72V | E238: 7 | F238: 38 | G238: =+G237+1 -> 236 | H238: =CONCATENATE(E238,"-",F238,"-",G238) -> 7-38-236 | I238: =+D238 -> PLACA SOLAR JAM66S30-505MR 505W / 45.72V | J238: UND | K238: JASOLAR
A239: 238 | D239: PLACA SOLAR CS6.1-60TB-505 505W / 43.4V | E239: 7 | F239: 38 | G239: =+G238+1 -> 237 | H239: =CONCATENATE(E239,"-",F239,"-",G239) -> 7-38-237 | I239: =+D239 -> PLACA SOLAR CS6.1-60TB-505 505W / 43.4V | J239: UND | K239: CANADIANSOLAR
A240: 239 | D240: PLACA SOLAR SPR-P3-375-BLK-E4-AC 375W / 35.5V | E240: 7 | F240: 38 | G240: =+G239+1 -> 238 | H240: =CONCATENATE(E240,"-",F240,"-",G240) -> 7-38-238 | I240: =+D240 -> PLACA SOLAR SPR-P3-375-BLK-E4-AC 375W / 35.5V | J240: UND | K240: SUNPOWER
A241: 240 | D241: PLACA SOLAR JAMS0D42-520LB 520W / 43.53V | E241: 7 | F241: 38 | G241: =+G240+1 -> 239 | H241: =CONCATENATE(E241,"-",F241,"-",G241) -> 7-38-239 | I241: =+D241 -> PLACA SOLAR JAMS0D42-520LB 520W / 43.53V | J241: UND | K241: JASOLAR
A242: 241 | D242: PLACA SOLAR JAM72D30-545MB 545W / 49.75V | E242: 7 | F242: 38 | G242: =+G241+1 -> 240 | H242: =CONCATENATE(E242,"-",F242,"-",G242) -> 7-38-240 | I242: =+D242 -> PLACA SOLAR JAM72D30-545MB 545W / 49.75V | J242: UND | K242: JASOLAR
A243: 242 | D243: PLACA SOLAR PS555M6H-24TH 555W / 41.64V | E243: 7 | F243: 38 | G243: =+G242+1 -> 241 | H243: =CONCATENATE(E243,"-",F243,"-",G243) -> 7-38-241 | I243: =+D243 -> PLACA SOLAR PS555M6H-24TH 555W / 41.64V | J243: UND | K243: PHONO
A244: 243 | D244: PLACA SOLAR CS6W-585T 585W / 52.4V | E244: 7 | F244: 38 | G244: =+G243+1 -> 242 | H244: =CONCATENATE(E244,"-",F244,"-",G244) -> 7-38-242 | I244: =+D244 -> PLACA SOLAR CS6W-585T 585W / 52.4V | J244: UND | K244: CANADIANSOLAR
A245: 244 | D245: PLACA SOLAR YL550D-49e 1500V 1/2 550W / 42.0V | E245: 7 | F245: 38 | G245: =+G244+1 -> 243 | H245: =CONCATENATE(E245,"-",F245,"-",G245) -> 7-38-243 | I245: =+D245 -> PLACA SOLAR YL550D-49e 1500V 1/2 550W / 42.0V | J245: UND | K245: YINGLI SOLAR
A246: 245 | D246: PLACA SOLAR SK9612MHVC-550 550W / 42.16V | E246: 7 | F246: 38 | G246: =+G245+1 -> 244 | H246: =CONCATENATE(E246,"-",F246,"-",G246) -> 7-38-244 | I246: =+D246 -> PLACA SOLAR SK9612MHVC-550 550W / 42.16V | J246: UND | K246: AKCOME
A247: 246 | D247: PLACA SOLAR JAM72D40-590MB 590W / 52.37V | E247: 7 | F247: 38 | G247: =+G246+1 -> 245 | H247: =CONCATENATE(E247,"-",F247,"-",G247) -> 7-38-245 | I247: =+D247 -> PLACA SOLAR JAM72D40-590MB 590W / 52.37V | J247: UND | K247: JASOLAR
... A251: 250 | D251: PLACA SOLAR JAM72S30-570LR 570W / 50.68V | E251: 7 | F251: 38 | G251: =+G250+1 -> 249 | H251: =CONCATENATE(E251,"-",F251,"-",G251) -> 7-38-249 | I251: =+D251 -> PLACA SOLAR JAM72S30-570LR 570W / 50.68V | J251: UND | K251: JASOLAR
A252: =+A251+1 -> 251 | D252: CASQUILLO ESPACIADOR GALV M8X25 | E252: 4 | F252: 39 | G252: 250 | H252: =CONCATENATE(E252,"-",F252,"-",G252) -> 4-39-250 | I252: =+D252 -> CASQUILLO ESPACIADOR GALV M8X25 | J252: UND | K252: RECA
A253: =+A252+1 -> 252 | D253: TORNILLO ESPARRAGO GALV TX25 M8X80 | E253: 4 | F253: 40 | G253: 251 | H253: =CONCATENATE(E253,"-",F253,"-",G253) -> 4-40-251 | I253: =+D253 -> TORNILLO ESPARRAGO GALV TX25 M8X80 | J253: UND | K253: RECA
A254: =+A253+1 -> 253 | D254: ANCLAJE PLASTICO MULTIUSO NYLON 2ALAS 14X100 | E254: 13 | F254: 25 | G254: 252 | H254: =CONCATENATE(E254,"-",F254,"-",G254) -> 13-25-252 | I254: =+D254 -> ANCLAJE PLASTICO MULTIUSO NYLON 2ALAS 14X100 | J254: UND | K254: RECA
A255: =+A254+1 -> 254 | D255: ANCLAJE PLASTICO MULTIUSO C/COLLARIN 6X36MM | E255: 13 | F255: 25 | G255: 253 | H255: =CONCATENATE(E255,"-",F255,"-",G255) -> 13-25-253 | I255: =+D255 -> ANCLAJE PLASTICO MULTIUSO C/COLLARIN 6X36MM | J255: UND | K255: RECA
A256: =+A255+1 -> 255 | D256: ANCLAJE PLASTICO MULTIUSO C/COLLARIN 8X51MM | E256: 13 | F256: 25 | G256: 254 | H256: =CONCATENATE(E256,"-",F256,"-",G256) -> 13-25-254 | I256: =+D256 -> ANCLAJE PLASTICO MULTIUSO C/COLLARIN 8X51MM | J256: UND | K256: RECA
A257: =+A256+1 -> 256 | D257: ANCLAJE PLASTICO MULTIUSO C/COLLARIN 10X61MM | E257: 13 | F257: 25 | G257: 255 | H257: =CONCATENATE(E257,"-",F257,"-",G257) -> 13-25-255 | I257: =+D257 -> ANCLAJE PLASTICO MULTIUSO C/COLLARIN 10X61MM | J257: UND | K257: RECA
A258: =+A257+1 -> 257 | D258: ANCLAJE PLASTICO MULTIUSO C/COLLARIN 12X71MM | E258: 13 | F258: 25 | G258: 256 | H258: =CONCATENATE(E258,"-",F258,"-",G258) -> 13-25-256 | I258: =+D258 -> ANCLAJE PLASTICO MULTIUSO C/COLLARIN 12X71MM | J258: UND | K258: RECA
A259: =+A258+1 -> 258 | D259: ARANDELA A/GALVANIZADO P/CARROCERIA 8.4X30X1.5 | E259: 8 | F259: 28 | G259: 257 | H259: =CONCATENATE(E259,"-",F259,"-",G259) -> 8-28-257 | I259: =+D259 -> ARANDELA A/GALVANIZADO P/CARROCERIA 8.4X30X1.5 | J259: UND | K259: RECA
A260: =+A259+1 -> 259 | D260: ARANDELA A/GALVANIZADO P/CARROCERIA 8.4X25X1.25 | E260: 8 | F260: 28 | G260: 258 | H260: =CONCATENATE(E260,"-",F260,"-",G260) -> 8-28-258 | I260: =+D260 -> ARANDELA A/GALVANIZADO P/CARROCERIA 8.4X25X1.25 | J260: UND | K260: RECA
A261: =+A260+1 -> 260 | D261: KIT TORNILLO TIPO T 18X30mm CON ARANDELA Y T/HEXAGONAL M8X25MM A/GALV | E261: 8 | F261: 13 | G261: 259 | H261: =CONCATENATE(E261,"-",F261,"-",G261) -> 8-13-259 | I261: =+D261 -> KIT TORNILLO TIPO T 18X30mm CON ARANDELA Y T/HEXAGONAL M8X25MM A/GALV | J261: UND | K261: RECA
A262: =+A261+1 -> 261 | D262: KIT TORNILLO TIPO T 10X23mm CON ARANDELA DE PRESION, ARANDELA LISA Y T/HEXAGONAL M8X20MM A/INOX | E262: 1 | F262: 13 | G262: 260 | H262: =CONCATENATE(E262,"-",F262,"-",G262) -> 1-13-260 | I262: =+D262 -> KIT TORNILLO TIPO T 10X23mm CON ARANDELA DE PRESION, ARANDELA LISA Y T/HEXAGONAL M8X20MM A/INOX | J262: UND | K262: RECA
A263: =+A262+1 -> 262 | D263: ARANDELA DE PRESION A/INOX PARA TORN. M8 | E263: 1 | F263: 28 | G263: 261 | H263: =CONCATENATE(E263,"-",F263,"-",G263) -> 1-28-261 | I263: =+D263 -> ARANDELA DE PRESION A/INOX PARA TORN. M8 | J263: UND | K263: RECA
... A280: =+A279+1 -> 279 | D280: CABLE Nª 6 P/PLACA SOLAR ROJO | E280: 3 | F280: 31 | G280: 278 | H280: =CONCATENATE(E280,"-",F280,"-",G280) -> 3-31-278 | I280: =+D280 -> CABLE Nª 6 P/PLACA SOLAR ROJO | J280: MT | K280: COTO
A281: =+A280+1 -> 280 | D281: MANGUERA CORRUGADA 25mm NEGRA | E281: 16 | F281: 46 | G281: 279 | H281: =CONCATENATE(E281,"-",F281,"-",G281) -> 16-46-279 | I281: =+D281 -> MANGUERA CORRUGADA 25mm NEGRA | J281: MT
A282: =+A281+1 -> 281 | D282: DIFERENCIAL EPR2A063030 2P-63A-30mA (MAXGE) | E282: 16 | F282: 47 | G282: 280 | H282: =CONCATENATE(E282,"-",F282,"-",G282) -> 16-47-280 | I282: =+D282 -> DIFERENCIAL EPR2A063030 2P-63A-30mA (MAXGE) | J282: UND | K282: BELTRAN Y CRIADO
A283: =+A282+1 -> 282 | D283: PORTA FUSIBLE SGF-32-DC (MAXGE) | E283: 16 | F283: 48 | G283: 281 | H283: =CONCATENATE(E283,"-",F283,"-",G283) -> 16-48-281 | I283: =+D283 -> PORTA FUSIBLE SGF-32-DC (MAXGE) | J283: UND | K283: BELTRAN Y CRIADO
A284: =+A283+1 -> 283 | D284: CONTACTOR MODULAR RV32 (REVALCO) | E284: 16 | F284: 49 | G284: 282 | H284: =CONCATENATE(E284,"-",F284,"-",G284) -> 16-49-282 | I284: =+D284 -> CONTACTOR MODULAR RV32 (REVALCO) | J284: UND | K284: INVERSOLAR
A285: =+A284+1 -> 284 | D285: FUSIBLE 32A-1000VDC (SASSIN) | E285: 16 | F285: 50 | G285: 283 | H285: =CONCATENATE(E285,"-",F285,"-",G285) -> 16-50-283 | I285: =+D285 -> FUSIBLE 32A-1000VDC (SASSIN) | J285: UND | K285: BELTRAN Y CRIADO
A286: =+A285+1 -> 285 | D286: LIMITADOR/SOBRETENSIONES MONOFASICO 3SUR1 15/30kA-275V (SASSIN) | E286: 16 | F286: 51 | G286: 284 | H286: =CONCATENATE(E286,"-",F286,"-",G286) -> 16-51-284 | I286: =+D286 -> LIMITADOR/SOBRETENSIONES MONOFASICO 3SUR1 15/30kA-275V (SASSIN) | J286: UND | K286: BELTRAN Y CRIADO
A287: =+A286+1 -> 286 | D287: TERMICO EPBE63M1NC63 1P+N C63 (MAXGE) | E287: 16 | F287: 52 | G287: 285 | H287: =CONCATENATE(E287,"-",F287,"-",G287) -> 16-52-285 | I287: =+D287 -> TERMICO EPBE63M1NC63 1P+N C63 (MAXGE) | J287: UND | K287: BELTRAN Y CRIADO
A288: =+A287+1 -> 287 | D288: INVERSOR SPH 6000TL BL-UP 6KW (GROWATT) | E288: 7 | F288: 35 | G288: 286 | H288: =CONCATENATE(E288,"-",F288,"-",G288) -> 7-35-286 | I288: =+D288 -> INVERSOR SPH 6000TL BL-UP 6KW (GROWATT) | J288: UND | K288: INVERSOLAR
A289: =+A288+1 -> 288 | D289: SOPORTE CENTRAL GRIS | E289: 10 | F289: 37 | G289: 287 | H289: =CONCATENATE(E289,"-",F289,"-",G289) -> 10-37-287 | I289: =+D289 -> SOPORTE CENTRAL GRIS | J289: UND | K289: ESTRUSUR SOLAR
A290: =+A289+1 -> 289 | D290: CONTACTOR MODULAR EPC1-6322-P7 (MAXGE) | E290: 16 | F290: 49 | G290: 288 | H290: =CONCATENATE(E290,"-",F290,"-",G290) -> 16-49-288 | I290: =+D290 -> CONTACTOR MODULAR EPC1-6322-P7 (MAXGE) | J290: UND | K290: BELTRAN Y CRIADO
A291: =+A290+1 -> 290 | D291: PINCHO DE COMUNICACIÓN WIFI SHINEWILAN X (GROWATT) | E291: 16 | F291: 53 | G291: 289 | H291: =CONCATENATE(E291,"-",F291,"-",G291) -> 16-53-289 | I291: =+D291 -> PINCHO DE COMUNICACIÓN WIFI SHINEWILAN X (GROWATT) | J291: UND | K291: BELTRAN Y CRIADO
A292: =+A291+1 -> 291 | D292: PINCHO DE COMUNICACIÓN WIFI SHINEWILAN X2 (GROWATT) | E292: 16 | F292: 53 | G292: 290 | H292: =CONCATENATE(E292,"-",F292,"-",G292) -> 16-53-290 | I292: =+D292 -> PINCHO DE COMUNICACIÓN WIFI SHINEWILAN X2 (GROWATT) | J292: UND | K292: BELTRAN Y CRIADO
A293: =+A292+1 -> 292 | D293: TUBO ELECTRICO PVC 25mm - 3mt(AISCAN) | E293: 9 | F293: 2 | G293: 291 | H293: =CONCATENATE(E293,"-",F293,"-",G293) -> 9-2-291 | I293: =+D293 -> TUBO ELECTRICO PVC 25mm - 3mt(AISCAN) | J293: UND | K293: BELTRAN Y CRIADO
... A321: =+A320+1 -> 320 | D321: TERMICO EPBE63M1NC25 1P+N C25 (MAXGE) | E321: 16 | F321: 52 | G321: 319 | H321: =CONCATENATE(E321,"-",F321,"-",G321) -> 16-52-319 | I321: =+D321 -> TERMICO EPBE63M1NC25 1P+N C25 (MAXGE) | J321: UND | K321: BELTRAN Y CRIADO
A322: =+A321+1 -> 321 | D322: JUEGO CABLE PARA BATERIA DE LITIO B4850 | E322: 16 | F322: 31 | G322: 320 | H322: =CONCATENATE(E322,"-",F322,"-",G322) -> 16-31-320 | I322: =+D322 -> JUEGO CABLE PARA BATERIA DE LITIO B4850 | J322: UND
A323: =+A322+1 -> 322 | D323: TORNILLO AUTOTALADRANTE CON C/HEXAGONAL - R/PARCIAL - ARANDELA CAUCHO 6X120mm A/GALV. | E323: 8 | F323: 27 | G323: 321 | H323: =CONCATENATE(E323,"-",F323,"-",G323) -> 8-27-321 | I323: =+D323 -> TORNILLO AUTOTALADRANTE CON C/HEXAGONAL - R/PARCIAL - ARANDELA CAUCHO 6X120mm A/GALV. | J323: UND | K323: RECA
...

Sheet OTRO
K1: CORTE DEL 01 AL 15 MARZO | V1: CORTE DEL 16 AL 31 MARZO
A2: FMT-01-INV | D2: RELACION TOMA DE INVENTARIOS DIARIOS | H2: INVENTARIO INICIAL | K2: ENTRADA DEVOLUCION | M2: ENTRADA ALBARAN | O2: SALIDA | Q2: SALDO FINAL | S2: TOMA INVENTARIO | V2: ENTRADA DEVOLUCION | X2: ENTRADA ALBARAN | Z2: SALIDA | AB2: SALDO FINAL | AF2: UBICACIÓN
A3: LINEA | B3: GRUPO | C3: ELEMENTO | D3: ITEM | E3: CONCATENADO | F3: DESCRIPCION | G3: UND MEDIDA | H3: FECHA | I3: CANTIDAD | K3: FECHA RELACION | L3: CANT. | M3: FECHA RELACION | N3: CANT. | O3: FECHA RELACION | P3: CANT. | Q3: FECHA | R3: CANTIDAD | S3: FECHA | T3: CANTIDAD | V3: FECHA RELACION | W3: CANT. | X3: FECHA RELACION | Y3: CANT. | Z3: FECHA RELACION | AA3: CANT. | AB3: FECHA | AC3: CANTIDAD | AD3: SERIAL Nª | AE3: NOTA | AF3: ZONA | AG3: ESTAN | AH3: NIVEL
A4: 242 | E4: =CONCATENATE(B4,"-",C4,"-",D4) -> -- | F4: =VLOOKUP(E4,'LISTA ITEMS'!$E$2:$G$875,2,FALSE) -> 0 | G4: =VLOOKUP(E4,'LISTA ITEMS'!$E$2:$G$875,3,FALSE) -> 0 | I4: 0 | R4: =+I4+L4+N4-P4 -> 0 | AC4: =+R4+W4+Y4-AA4 -> 0
A5: 243 | E5: =CONCATENATE(B5,"-",C5,"-",D5) -> -- | F5: =VLOOKUP(E5,'LISTA ITEMS'!$E$2:$G$875,2,FALSE) -> 0 | G5: =VLOOKUP(E5,'LISTA ITEMS'!$E$2:$G$875,3,FALSE) -> 0 | I5: 0 | R5: =+I5+L5+N5-P5 -> 0 | AC5: =+R5+W5+Y5-AA5 -> 0
A6: 244 | E6: =CONCATENATE(B6,"-",C6,"-",D6) -> -- | F6: =VLOOKUP(E6,'LISTA ITEMS'!$E$2:$G$875,2,FALSE) -> 0 | G6: =VLOOKUP(E6,'LISTA ITEMS'!$E$2:$G$875,3,FALSE) -> 0 | I6: 0 | R6: =+I6+L6+N6-P6 -> 0 | AC6: =+R6+W6+Y6-AA6 -> 0
A7: 245 | E7: =CONCATENATE(B7,"-",C7,"-",D7) -> -- | F7: =VLOOKUP(E7,'LISTA ITEMS'!$E$2:$G$875,2,FALSE) -> 0 | G7: =VLOOKUP(E7,'LISTA ITEMS'!$E$2:$G$875,3,FALSE) -> 0 | I7: 0 | R7: =+I7+L7+N7-P7 -> 0 | AC7: =+R7+W7+Y7-AA7 -> 0
A8: 246 | E8: =CONCATENATE(B8,"-",C8,"-",D8) -> -- | F8: =VLOOKUP(E8,'LISTA ITEMS'!$E$2:$G$875,2,FALSE) -> 0 | G8: =VLOOKUP(E8,'LISTA ITEMS'!$E$2:$G$875,3,FALSE) -> 0 | I8: 0 | R8: =+I8+L8+N8-P8 -> 0 | AC8: =+R8+W8+Y8-AA8 -> 0
A9: 247 | E9: =CONCATENATE(B9,"-",C9,"-",D9) -> -- | F9: =VLOOKUP(E9,'LISTA ITEMS'!$E$2:$G$875,2,FALSE) -> 0 | G9: =VLOOKUP(E9,'LISTA ITEMS'!$E$2:$G$875,3,FALSE) -> 0 | I9: 0 | R9: =+I9+L9+N9-P9 -> 0 | AC9: =+R9+W9+Y9-AA9 -> 0
A10: 248 | E10: =CONCATENATE(B10,"-",C10,"-",D10) -> -- | F10: =VLOOKUP(E10,'LISTA ITEMS'!$E$2:$G$875,2,FALSE) -> 0 | G10: =VLOOKUP(E10,'LISTA ITEMS'!$E$2:$G$875,3,FALSE) -> 0 | I10: 0 | R10: =+I10+L10+N10-P10 -> 0 | AC10: =+R10+W10+Y10-AA10 -> 0
A11: 249 | E11: =CONCATENATE(B11,"-",C11,"-",D11) -> -- | F11: =VLOOKUP(E11,'LISTA ITEMS'!$E$2:$G$875,2,FALSE) -> 0 | G11: =VLOOKUP(E11,'LISTA ITEMS'!$E$2:$G$875,3,FALSE) -> 0 | I11: 0 | R11: =+I11+L11+N11-P11 -> 0 | AC11: =+R11+W11+Y11-AA11 -> 0
A12: 250 | E12: =CONCATENATE(B12,"-",C12,"-",D12) -> -- | F12: =VLOOKUP(E12,'LISTA ITEMS'!$E$2:$G$875,2,FALSE) -> 0 | G12: =VLOOKUP(E12,'LISTA ITEMS'!$E$2:$G$875,3,FALSE) -> 0 | I12: 0 | R12: =+I12+L12+N12-P12 -> 0 | AC12: =+R12+W12+Y12-AA12 -> 0
A13: 251 | E13: =CONCATENATE(B13,"-",C13,"-",D13) -> -- | F13: =VLOOKUP(E13,'LISTA ITEMS'!$E$2:$G$875,2,FALSE) -> 0 | G13: =VLOOKUP(E13,'LISTA ITEMS'!$E$2:$G$875,3,FALSE) -> 0 | I13: 0 | R13: =+I13+L13+N13-P13 -> 0 | AC13: =+R13+W13+Y13-AA13 -> 0
A14: 252 | E14: =CONCATENATE(B14,"-",C14,"-",D14) -> -- | F14: =VLOOKUP(E14,'LISTA ITEMS'!$E$2:$G$875,2,FALSE) -> 0 | G14: =VLOOKUP(E14,'LISTA ITEMS'!$E$2:$G$875,3,FALSE) -> 0 | I14: 0 | R14: =+I14+L14+N14-P14 -> 0 | AC14: =+R14+W14+Y14-AA14 -> 0
A15: 253 | E15: =CONCATENATE(B15,"-",C15,"-",D15) -> -- | F15: =VLOOKUP(E15,'LISTA ITEMS'!$E$2:$G$875,2,FALSE) -> 0 | G15: =VLOOKUP(E15,'LISTA ITEMS'!$E$2:$G$875,3,FALSE) -> 0 | I15: 0 | R15: =+I15+L15+N15-P15 -> 0 | AC15: =+R15+W15+Y15-AA15 -> 0
... A33: 271 | E33: =CONCATENATE(B33,"-",C33,"-",D33) -> -- | F33: =VLOOKUP(E33,'LISTA ITEMS'!$E$2:$G$875,2,FALSE) -> 0 | G33: =VLOOKUP(E33,'LISTA ITEMS'!$E$2:$G$875,3,FALSE) -> 0 | I33: 0 | R33: =+I33+L33+N33-P33 -> 0 | AC33: =+R33+W33+Y33-AA33 -> 0
A34: 272 | E34: =CONCATENATE(B34,"-",C34,"-",D34) -> -- | F34: =VLOOKUP(E34,'LISTA ITEMS'!$E$2:$G$875,2,FALSE) -> 0 | G34: =VLOOKUP(E34,'LISTA ITEMS'!$E$2:$G$875,3,FALSE) -> 0 | I34: 0 | R34: =+I34+L34+N34-P34 -> 0 | AC34: =+R34+W34+Y34-AA34 -> 0 | AI34: OK
A35: 273 | E35: =CONCATENATE(B35,"-",C35,"-",D35) -> -- | F35: =VLOOKUP(E35,'LISTA ITEMS'!$E$2:$G$875,2,FALSE) -> 0 | G35: =VLOOKUP(E35,'LISTA ITEMS'!$E$2:$G$875,3,FALSE) -> 0 | I35: 0 | R35: =+I35+L35+N35-P35 -> 0 | AC35: =+R35+W35+Y35-AA35 -> 0 | AI35: OK
A36: 274 | E36: =CONCATENATE(B36,"-",C36,"-",D36) -> -- | F36: =VLOOKUP(E36,'LISTA ITEMS'!$E$2:$G$875,2,FALSE) -> 0 | G36: =VLOOKUP(E36,'LISTA ITEMS'!$E$2:$G$875,3,FALSE) -> 0 | I36: 0 | R36: =+I36+L36+N36-P36 -> 0 | AC36: =+R36+W36+Y36-AA36 -> 0 | AI36: OK
A37: 275 | E37: =CONCATENATE(B37,"-",C37,"-",D37) -> -- | F37: =VLOOKUP(E37,'LISTA ITEMS'!$E$2:$G$875,2,FALSE) -> 0 | G37: =VLOOKUP(E37,'LISTA ITEMS'!$E$2:$G$875,3,FALSE) -> 0 | I37: 0 | R37: =+I37+L37+N37-P37 -> 0 | AC37: =+R37+W37+Y37-AA37 -> 0 | AI37: OK
A38: 276 | E38: =CONCATENATE(B38,"-",C38,"-",D38) -> -- | F38: =VLOOKUP(E38,'LISTA ITEMS'!$E$2:$G$875,2,FALSE) -> 0 | G38: =VLOOKUP(E38,'LISTA ITEMS'!$E$2:$G$875,3,FALSE) -> 0 | I38: 0 | R38: =+I38+L38+N38-P38 -> 0 | AC38: =+R38+W38+Y38-AA38 -> 0 | AI38: OK
A39: 277 | E39: =CONCATENATE(B39,"-",C39,"-",D39) -> -- | F39: =VLOOKUP(E39,'LISTA ITEMS'!$E$2:$G$875,2,FALSE) -> 0 | G39: =VLOOKUP(E39,'LISTA ITEMS'!$E$2:$G$875,3,FALSE) -> 0 | I39: 0 | R39: =+I39+L39+N39-P39 -> 0 | AC39: =+R39+W39+Y39-AA39 -> 0 | AI39: OK
A40: 278 | E40: =CONCATENATE(B40,"-",C40,"-",D40) -> -- | F40: =VLOOKUP(E40,'LISTA ITEMS'!$E$2:$G$875,2,FALSE) -> 0 | G40: =VLOOKUP(E40,'LISTA ITEMS'!$E$2:$G$875,3,FALSE) -> 0 | I40: 0 | R40: =+I40+L40+N40-P40 -> 0 | AC40: =+R40+W40+Y40-AA40 -> 0 | AI40: OK
A41: 279 | E41: =CONCATENATE(B41,"-",C41,"-",D41) -> -- | F41: =VLOOKUP(E41,'LISTA ITEMS'!$E$2:$G$875,2,FALSE) -> 0 | G41: =VLOOKUP(E41,'LISTA ITEMS'!$E$2:$G$875,3,FALSE) -> 0 | I41: 0 | R41: =+I41+L41+N41-P41 -> 0 | AC41: =+R41+W41+Y41-AA41 -> 0 | AI41: OK
A42: 280 | E42: =CONCATENATE(B42,"-",C42,"-",D42) -> -- | F42: =VLOOKUP(E42,'LISTA ITEMS'!$E$2:$G$875,2,FALSE) -> 0 | G42: =VLOOKUP(E42,'LISTA ITEMS'!$E$2:$G$875,3,FALSE) -> 0 | I42: 0 | R42: =+I42+L42+N42-P42 -> 0 | AC42: =+R42+W42+Y42-AA42 -> 0 | AI42: OK
A43: 281 | E43: =CONCATENATE(B43,"-",C43,"-",D43) -> -- | F43: =VLOOKUP(E43,'LISTA ITEMS'!$E$2:$G$875,2,FALSE) -> 0 | G43: =VLOOKUP(E43,'LISTA ITEMS'!$E$2:$G$875,3,FALSE) -> 0 | I43: 0 | R43: =+I43+L43+N43-P43 -> 0 | AC43: =+R43+W43+Y43-AA43 -> 0 | AI43: OK
A44: 282 | E44: =CONCATENATE(B44,"-",C44,"-",D44) -> -- | F44: =VLOOKUP(E44,'LISTA ITEMS'!$E$2:$G$875,2,FALSE) -> 0 | G44: =VLOOKUP(E44,'LISTA ITEMS'!$E$2:$G$875,3,FALSE) -> 0 | I44: 0 | R44: =+I44+L44+N44-P44 -> 0 | AC44: =+R44+W44+Y44-AA44 -> 0 | AI44: OK
A45: 283 | E45: =CONCATENATE(B45,"-",C45,"-",D45) -> -- | F45: =VLOOKUP(E45,'LISTA ITEMS'!$E$2:$G$875,2,FALSE) -> 0 | G45: =VLOOKUP(E45,'LISTA ITEMS'!$E$2:$G$875,3,FALSE) -> 0 | I45: 0 | R45: =+I45+L45+N45-P45 -> 0 | AC45: =+R45+W45+Y45-AA45 -> 0 | AI45: OK
... A47: 285 | E47: =CONCATENATE(B47,"-",C47,"-",D47) -> -- | F47: =VLOOKUP(E47,'LISTA ITEMS'!$E$2:$G$875,2,FALSE) -> 0 | G47: =VLOOKUP(E47,'LISTA ITEMS'!$E$2:$G$875,3,FALSE) -> 0 | I47: 0 | R47: =+I47+L47+N47-P47 -> 0 | AC47: =+R47+W47+Y47-AA47 -> 0 | AI47: OK
A48: 286 | E48: =CONCATENATE(B48,"-",C48,"-",D48) -> -- | F48: =VLOOKUP(E48,'LISTA ITEMS'!$E$2:$G$875,2,FALSE) -> 0 | G48: =VLOOKUP(E48,'LISTA ITEMS'!$E$2:$G$875,3,FALSE) -> 0 | I48: 0 | R48: =+I48+L48+N48-P48 -> 0 | AC48: =+R48+W48+Y48-AA48 -> 0
A49: 287 | E49: =CONCATENATE(B49,"-",C49,"-",D49) -> -- | F49: =VLOOKUP(E49,'LISTA ITEMS'!$E$2:$G$875,2,FALSE) -> 0 | G49: =VLOOKUP(E49,'LISTA ITEMS'!$E$2:$G$875,3,FALSE) -> 0 | I49: 0 | R49: =+I49+L49+N49-P49 -> 0 | AC49: =+R49+W49+Y49-AA49 -> 0
A50: 288 | E50: =CONCATENATE(B50,"-",C50,"-",D50) -> -- | F50: =VLOOKUP(E50,'LISTA ITEMS'!$E$2:$G$875,2,FALSE) -> 0 | G50: =VLOOKUP(E50,'LISTA ITEMS'!$E$2:$G$875,3,FALSE) -> 0 | I50: 0 | R50: =+I50+L50+N50-P50 -> 0 | AC50: =+R50+W50+Y50-AA50 -> 0
A51: 289 | E51: =CONCATENATE(B51,"-",C51,"-",D51) -> -- | F51: =VLOOKUP(E51,'LISTA ITEMS'!$E$2:$G$875,2,FALSE) -> 0 | G51: =VLOOKUP(E51,'LISTA ITEMS'!$E$2:$G$875,3,FALSE) -> 0 | I51: 0 | R51: =+I51+L51+N51-P51 -> 0 | AC51: =+R51+W51+Y51-AA51 -> 0
A52: 290 | E52: =CONCATENATE(B52,"-",C52,"-",D52) -> -- | F52: =VLOOKUP(E52,'LISTA ITEMS'!$E$2:$G$875,2,FALSE) -> 0 | G52: =VLOOKUP(E52,'LISTA ITEMS'!$E$2:$G$875,3,FALSE) -> 0 | I52: 0 | R52: =+I52+L52+N52-P52 -> 0 | AC52: =+R52+W52+Y52-AA52 -> 0
A53: 291 | E53: =CONCATENATE(B53,"-",C53,"-",D53) -> -- | F53: =VLOOKUP(E53,'LISTA ITEMS'!$E$2:$G$875,2,FALSE) -> 0 | G53: =VLOOKUP(E53,'LISTA ITEMS'!$E$2:$G$875,3,FALSE) -> 0 | I53: 0 | R53: =+I53+L53+N53-P53 -> 0 | AC53: =+R53+W53+Y53-AA53 -> 0
A54: 292 | E54: =CONCATENATE(B54,"-",C54,"-",D54) -> -- | F54: =VLOOKUP(E54,'LISTA ITEMS'!$E$2:$G$875,2,FALSE) -> 0 | G54: =VLOOKUP(E54,'LISTA ITEMS'!$E$2:$G$875,3,FALSE) -> 0 | I54: 0 | R54: =+I54+L54+N54-P54 -> 0 | AC54: =+R54+W54+Y54-AA54 -> 0
A55: 293 | E55: =CONCATENATE(B55,"-",C55,"-",D55) -> -- | F55: =VLOOKUP(E55,'LISTA ITEMS'!$E$2:$G$875,2,FALSE) -> 0 | G55: =VLOOKUP(E55,'LISTA ITEMS'!$E$2:$G$875,3,FALSE) -> 0 | I55: 0 | R55: =+I55+L55+N55-P55 -> 0 | AC55: =+R55+W55+Y55-AA55 -> 0
A56: 294 | E56: =CONCATENATE(B56,"-",C56,"-",D56) -> -- | F56: =VLOOKUP(E56,'LISTA ITEMS'!$E$2:$G$875,2,FALSE) -> 0 | G56: =VLOOKUP(E56,'LISTA ITEMS'!$E$2:$G$875,3,FALSE) -> 0 | I56: 0 | R56: =+I56+L56+N56-P56 -> 0 | AC56: =+R56+W56+Y56-AA56 -> 0
A57: 295 | E57: =CONCATENATE(B57,"-",C57,"-",D57) -> -- | F57: =VLOOKUP(E57,'LISTA ITEMS'!$E$2:$G$875,2,FALSE) -> 0 | G57: =VLOOKUP(E57,'LISTA ITEMS'!$E$2:$G$875,3,FALSE) -> 0 | I57: 0 | R57: =+I57+L57+N57-P57 -> 0 | AC57: =+R57+W57+Y57-AA57 -> 0
A58: 296 | E58: =CONCATENATE(B58,"-",C58,"-",D58) -> -- | F58: =VLOOKUP(E58,'LISTA ITEMS'!$E$2:$G$875,2,FALSE) -> 0 | G58: =VLOOKUP(E58,'LISTA ITEMS'!$E$2:$G$875,3,FALSE) -> 0 | I58: 0 | R58: =+I58+L58+N58-P58 -> 0 | AC58: =+R58+W58+Y58-AA58 -> 0
A59: 297 | E59: =CONCATENATE(B59,"-",C59,"-",D59) -> -- | F59: =VLOOKUP(E59,'LISTA ITEMS'!$E$2:$G$875,2,FALSE) -> 0 | G59: =VLOOKUP(E59,'LISTA ITEMS'!$E$2:$G$875,3,FALSE) -> 0 | I59: 0 | R59: =+I59+L59+N59-P59 -> 0 | AC59: =+R59+W59+Y59-AA59 -> 0
... A90: 328 | E90: =CONCATENATE(B90,"-",C90,"-",D90) -> -- | F90: =VLOOKUP(E90,'LISTA ITEMS'!$E$2:$G$875,2,FALSE) -> 0 | G90: =VLOOKUP(E90,'LISTA ITEMS'!$E$2:$G$875,3,FALSE) -> 0 | I90: 0 | R90: =+I90+L90+N90-P90 -> 0 | AC90: =+R90+W90+Y90-AA90 -> 0
A91: 329 | E91: =CONCATENATE(B91,"-",C91,"-",D91) -> -- | F91: =VLOOKUP(E91,'LISTA ITEMS'!$E$2:$G$875,2,FALSE) -> 0 | G91: =VLOOKUP(E91,'LISTA ITEMS'!$E$2:$G$875,3,FALSE) -> 0 | I91: 0 | R91: =+I91+L91+N91-P91 -> 0 | AC91: =+R91+W91+Y91-AA91 -> 0 | AI91: OK
A92: 330 | E92: =CONCATENATE(B92,"-",C92,"-",D92) -> -- | F92: =VLOOKUP(E92,'LISTA ITEMS'!$E$2:$G$875,2,FALSE) -> 0 | G92: =VLOOKUP(E92,'LISTA ITEMS'!$E$2:$G$875,3,FALSE) -> 0 | I92: 0 | R92: =+I92+L92+N92-P92 -> 0 | AC92: =+R92+W92+Y92-AA92 -> 0
A93: 331 | E93: =CONCATENATE(B93,"-",C93,"-",D93) -> -- | F93: =VLOOKUP(E93,'LISTA ITEMS'!$E$2:$G$875,2,FALSE) -> 0 | G93: =VLOOKUP(E93,'LISTA ITEMS'!$E$2:$G$875,3,FALSE) -> 0 | I93: 0 | R93: =+I93+L93+N93-P93 -> 0 | AC93: =+R93+W93+Y93-AA93 -> 0
A94: 332 | E94: =CONCATENATE(B94,"-",C94,"-",D94) -> -- | F94: =VLOOKUP(E94,'LISTA ITEMS'!$E$2:$G$875,2,FALSE) -> 0 | G94: =VLOOKUP(E94,'LISTA ITEMS'!$E$2:$G$875,3,FALSE) -> 0 | I94: 0 | R94: =+I94+L94+N94-P94 -> 0 | AC94: =+R94+W94+Y94-AA94 -> 0
A95: 333 | E95: =CONCATENATE(B95,"-",C95,"-",D95) -> -- | F95: =VLOOKUP(E95,'LISTA ITEMS'!$E$2:$G$875,2,FALSE) -> 0 | G95: =VLOOKUP(E95,'LISTA ITEMS'!$E$2:$G$875,3,FALSE) -> 0 | I95: 0 | R95: =+I95+L95+N95-P95 -> 0 | AC95: =+R95+W95+Y95-AA95 -> 0
A96: 334 | E96: =CONCATENATE(B96,"-",C96,"-",D96) -> -- | F96: =VLOOKUP(E96,'LISTA ITEMS'!$E$2:$G$875,2,FALSE) -> 0 | G96: =VLOOKUP(E96,'LISTA ITEMS'!$E$2:$G$875,3,FALSE) -> 0 | I96: 0 | R96: =+I96+L96+N96-P96 -> 0 | AC96: =+R96+W96+Y96-AA96 -> 0
A97: 335 | E97: =CONCATENATE(B97,"-",C97,"-",D97) -> -- | F97: =VLOOKUP(E97,'LISTA ITEMS'!$E$2:$G$875,2,FALSE) -> 0 | G97: =VLOOKUP(E97,'LISTA ITEMS'!$E$2:$G$875,3,FALSE) -> 0 | I97: 0 | R97: =+I97+L97+N97-P97 -> 0 | AC97: =+R97+W97+Y97-AA97 -> 0 | AI97: OK
A98: 336 | E98: =CONCATENATE(B98,"-",C98,"-",D98) -> -- | F98: =VLOOKUP(E98,'LISTA ITEMS'!$E$2:$G$875,2,FALSE) -> 0 | G98: =VLOOKUP(E98,'LISTA ITEMS'!$E$2:$G$875,3,FALSE) -> 0 | I98: 0 | R98: =+I98+L98+N98-P98 -> 0 | AC98: =+R98+W98+Y98-AA98 -> 0 | AI98: OK
A99: 337 | E99: =CONCATENATE(B99,"-",C99,"-",D99) -> -- | F99: =VLOOKUP(E99,'LISTA ITEMS'!$E$2:$G$875,2,FALSE) -> 0 | G99: =VLOOKUP(E99,'LISTA ITEMS'!$E$2:$G$875,3,FALSE) -> 0 | I99: 0 | R99: =+I99+L99+N99-P99 -> 0 | AC99: =+R99+W99+Y99-AA99 -> 0 | AI99: OK
A100: 338 | E100: =CONCATENATE(B100,"-",C100,"-",D100) -> -- | F100: =VLOOKUP(E100,'LISTA ITEMS'!$E$2:$G$875,2,FALSE) -> 0 | G100: =VLOOKUP(E100,'LISTA ITEMS'!$E$2:$G$875,3,FALSE) -> 0 | I100: 0 | R100: =+I100+L100+N100-P100 -> 0 | AC100: =+R100+W100+Y100-AA100 -> 0
A101: 339 | E101: =CONCATENATE(B101,"-",C101,"-",D101) -> -- | F101: =VLOOKUP(E101,'LISTA ITEMS'!$E$2:$G$875,2,FALSE) -> 0 | G101: =VLOOKUP(E101,'LISTA ITEMS'!$E$2:$G$875,3,FALSE) -> 0 | I101: 0 | R101: =+I101+L101+N101-P101 -> 0 | AC101: =+R101+W101+Y101-AA101 -> 0
A102: 340 | E102: =CONCATENATE(B102,"-",C102,"-",D102) -> -- | F102: =VLOOKUP(E102,'LISTA ITEMS'!$E$2:$G$875,2,FALSE) -> 0 | G102: =VLOOKUP(E102,'LISTA ITEMS'!$E$2:$G$875,3,FALSE) -> 0 | I102: 0 | R102: =+I102+L102+N102-P102 -> 0 | AC102: =+R102+W102+Y102-AA102 -> 0 | AI102: OK
A103: 341 | E103: =CONCATENATE(B103,"-",C103,"-",D103) -> -- | F103: =VLOOKUP(E103,'LISTA ITEMS'!$E$2:$G$875,2,FALSE) -> 0 | G103: =VLOOKUP(E103,'LISTA ITEMS'!$E$2:$G$875,3,FALSE) -> 0 | I103: 0 | R103: =+I103+L103+N103-P103 -> 0 | AC103: =+R103+W103+Y103-AA103 -> 0
A104: 342 | E104: =CONCATENATE(B104,"-",C104,"-",D104) -> -- | F104: =VLOOKUP(E104,'LISTA ITEMS'!$E$2:$G$875,2,FALSE) -> 0 | G104: =VLOOKUP(E104,'LISTA ITEMS'!$E$2:$G$875,3,FALSE) -> 0 | I104: 0 | R104: =+I104+L104+N104-P104 -> 0 | AC104: =+R104+W104+Y104-AA104 -> 0 | AI104: OK
A105: 343 | E105: =CONCATENATE(B105,"-",C105,"-",D105) -> -- | F105: =VLOOKUP(E105,'LISTA ITEMS'!$E$2:$G$875,2,FALSE) -> 0 | G105: =VLOOKUP(E105,'LISTA ITEMS'!$E$2:$G$875,3,FALSE) -> 0 | I105: 0 | R105: =+I105+L105+N105-P105 -> 0 | AC105: =+R105+W105+Y105-AA105 -> 0 | AI105: OK
A106: 344 | E106: =CONCATENATE(B106,"-",C106,"-",D106) -> -- | F106: =VLOOKUP(E106,'LISTA ITEMS'!$E$2:$G$875,2,FALSE) -> 0 | G106: =VLOOKUP(E106,'LISTA ITEMS'!$E$2:$G$875,3,FALSE) -> 0 | I106: 0 | R106: =+I106+L106+N106-P106 -> 0 | AC106: =+R106+W106+Y106-AA106 -> 0 | AI106: OK
A107: 345 | E107: =CONCATENATE(B107,"-",C107,"-",D107) -> -- | F107: =VLOOKUP(E107,'LISTA ITEMS'!$E$2:$G$875,2,FALSE) -> 0 | G107: =VLOOKUP(E107,'LISTA ITEMS'!$E$2:$G$875,3,FALSE) -> 0 | I107: 0 | R107: =+I107+L107+N107-P107 -> 0 | AC107: =+R107+W107+Y107-AA107 -> 0 | AI107: OK
A108: 346 | E108: =CONCATENATE(B108,"-",C108,"-",D108) -> -- | F108: =VLOOKUP(E108,'LISTA ITEMS'!$E$2:$G$875,2,FALSE) -> 0 | G108: =VLOOKUP(E108,'LISTA ITEMS'!$E$2:$G$875,3,FALSE) -> 0 | I108: 0 | R108: =+I108+L108+N108-P108 -> 0 | AC108: =+R108+W108+Y108-AA108 -> 0 | AI108: OK
A109: 347 | E109: =CONCATENATE(B109,"-",C109,"-",D109) -> -- | F109: =VLOOKUP(E109,'LISTA ITEMS'!$E$2:$G$875,2,FALSE) -> 0 | G109: =VLOOKUP(E109,'LISTA ITEMS'!$E$2:$G$875,3,FALSE) -> 0 | I109: 0 | R109: =+I109+L109+N109-P109 -> 0 | AC109: =+R109+W109+Y109-AA109 -> 0 | AI109: OK
A110: 348 | E110: =CONCATENATE(B110,"-",C110,"-",D110) -> -- | F110: =VLOOKUP(E110,'LISTA ITEMS'!$E$2:$G$875,2,FALSE) -> 0 | G110: =VLOOKUP(E110,'LISTA ITEMS'!$E$2:$G$875,3,FALSE) -> 0 | I110: 0 | R110: =+I110+L110+N110-P110 -> 0 | AC110: =+R110+W110+Y110-AA110 -> 0 | AI110: OK
A111: 349 | E111: =CONCATENATE(B111,"-",C111,"-",D111) -> -- | F111: =VLOOKUP(E111,'LISTA ITEMS'!$E$2:$G$875,2,FALSE) -> 0 | G111: =VLOOKUP(E111,'LISTA ITEMS'!$E$2:$G$875,3,FALSE) -> 0 | I111: 0 | R111: =+I111+L111+N111-P111 -> 0 | AC111: =+R111+W111+Y111-AA111 -> 0 | AI111: OK
A112: 350 | E112: =CONCATENATE(B112,"-",C112,"-",D112) -> -- | F112: =VLOOKUP(E112,'LISTA ITEMS'!$E$2:$G$875,2,FALSE) -> 0 | G112: =VLOOKUP(E112,'LISTA ITEMS'!$E$2:$G$875,3,FALSE) -> 0 | I112: 0 | R112: =+I112+L112+N112-P112 -> 0 | AC112: =+R112+W112+Y112-AA112 -> 0 | AI112: OK
A113: 351 | E113: =CONCATENATE(B113,"-",C113,"-",D113) -> -- | F113: =VLOOKUP(E113,'LISTA ITEMS'!$E$2:$G$875,2,FALSE) -> 0 | G113: =VLOOKUP(E113,'LISTA ITEMS'!$E$2:$G$875,3,FALSE) -> 0 | I113: 0 | R113: =+I113+L113+N113-P113 -> 0 | AC113: =+R113+W113+Y113-AA113 -> 0 | AI113: OK
A114: 352 | E114: =CONCATENATE(B114,"-",C114,"-",D114) -> -- | F114: =VLOOKUP(E114,'LISTA ITEMS'!$E$2:$G$875,2,FALSE) -> 0 | G114: =VLOOKUP(E114,'LISTA ITEMS'!$E$2:$G$875,3,FALSE) -> 0 | I114: 0 | R114: =+I114+L114+N114-P114 -> 0 | AC114: =+R114+W114+Y114-AA114 -> 0 | AI114: OK
A115: 353 | E115: =CONCATENATE(B115,"-",C115,"-",D115) -> -- | F115: =VLOOKUP(E115,'LISTA ITEMS'!$E$2:$G$875,2,FALSE) -> 0 | G115: =VLOOKUP(E115,'LISTA ITEMS'!$E$2:$G$875,3,FALSE) -> 0 | I115: 0 | R115: =+I115+L115+N115-P115 -> 0 | AC115: =+R115+W115+Y115-AA115 -> 0
A116: 354 | E116: =CONCATENATE(B116,"-",C116,"-",D116) -> -- | F116: =VLOOKUP(E116,'LISTA ITEMS'!$E$2:$G$875,2,FALSE) -> 0 | G116: =VLOOKUP(E116,'LISTA ITEMS'!$E$2:$G$875,3,FALSE) -> 0 | I116: 0 | R116: =+I116+L116+N116-P116 -> 0 | AC116: =+R116+W116+Y116-AA116 -> 0 | AI116: OK
A117: 355 | E117: =CONCATENATE(B117,"-",C117,"-",D117) -> -- | F117: =VLOOKUP(E117,'LISTA ITEMS'!$E$2:$G$875,2,FALSE) -> 0 | G117: =VLOOKUP(E117,'LISTA ITEMS'!$E$2:$G$875,3,FALSE) -> 0 | I117: 0 | R117: =+I117+L117+N117-P117 -> 0 | AC117: =+R117+W117+Y117-AA117 -> 0
A118: 356 | E118: =CONCATENATE(B118,"-",C118,"-",D118) -> -- | F118: =VLOOKUP(E118,'LISTA ITEMS'!$E$2:$G$875,2,FALSE) -> 0 | G118: =VLOOKUP(E118,'LISTA ITEMS'!$E$2:$G$875,3,FALSE) -> 0 | I118: 0 | R118: =+I118+L118+N118-P118 -> 0 | AC118: =+R118+W118+Y118-AA118 -> 0
A119: 357 | E119: =CONCATENATE(B119,"-",C119,"-",D119) -> -- | F119: =VLOOKUP(E119,'LISTA ITEMS'!$E$2:$G$875,2,FALSE) -> 0 | G119: =VLOOKUP(E119,'LISTA ITEMS'!$E$2:$G$875,3,FALSE) -> 0 | I119: 0 | R119: =+I119+L119+N119-P119 -> 0 | AC119: =+R119+W119+Y119-AA119 -> 0
A120: 358 | E120: =CONCATENATE(B120,"-",C120,"-",D120) -> -- | F120: =VLOOKUP(E120,'LISTA ITEMS'!$E$2:$G$875,2,FALSE) -> 0 | G120: =VLOOKUP(E120,'LISTA ITEMS'!$E$2:$G$875,3,FALSE) -> 0 | I120: 0 | R120: =+I120+L120+N120-P120 -> 0 | AC120: =+R120+W120+Y120-AA120 -> 0
A121: 359 | E121: =CONCATENATE(B121,"-",C121,"-",D121) -> -- | F121: =VLOOKUP(E121,'LISTA ITEMS'!$E$2:$G$875,2,FALSE) -> 0 | G121: =VLOOKUP(E121,'LISTA ITEMS'!$E$2:$G$875,3,FALSE) -> 0 | I121: 0 | R121: =+I121+L121+N121-P121 -> 0 | AC121: =+R121+W121+Y121-AA121 -> 0
A122: 360 | E122: =CONCATENATE(B122,"-",C122,"-",D122) -> -- | F122: =VLOOKUP(E122,'LISTA ITEMS'!$E$2:$G$875,2,FALSE) -> 0 | G122: =VLOOKUP(E122,'LISTA ITEMS'!$E$2:$G$875,3,FALSE) -> 0 | I122: 0 | R122: =+I122+L122+N122-P122 -> 0 | AC122: =+R122+W122+Y122-AA122 -> 0
A123: 361 | E123: =CONCATENATE(B123,"-",C123,"-",D123) -> -- | F123: =VLOOKUP(E123,'LISTA ITEMS'!$E$2:$G$875,2,FALSE) -> 0 | G123: =VLOOKUP(E123,'LISTA ITEMS'!$E$2:$G$875,3,FALSE) -> 0 | I123: 0 | R123: =+I123+L123+N123-P123 -> 0 | AC123: =+R123+W123+Y123-AA123 -> 0
A124: 362 | E124: =CONCATENATE(B124,"-",C124,"-",D124) -> -- | F124: =VLOOKUP(E124,'LISTA ITEMS'!$E$2:$G$875,2,FALSE) -> 0 | G124: =VLOOKUP(E124,'LISTA ITEMS'!$E$2:$G$875,3,FALSE) -> 0 | I124: 0 | R124: =+I124+L124+N124-P124 -> 0 | AC124: =+R124+W124+Y124-AA124 -> 0
A125: 363 | E125: =CONCATENATE(B125,"-",C125,"-",D125) -> -- | F125: =VLOOKUP(E125,'LISTA ITEMS'!$E$2:$G$875,2,FALSE) -> 0 | G125: =VLOOKUP(E125,'LISTA ITEMS'!$E$2:$G$875,3,FALSE) -> 0 | I125: 0 | R125: =+I125+L125+N125-P125 -> 0 | AC125: =+R125+W125+Y125-AA125 -> 0
A126: 364 | E126: =CONCATENATE(B126,"-",C126,"-",D126) -> -- | F126: =VLOOKUP(E126,'LISTA ITEMS'!$E$2:$G$875,2,FALSE) -> 0 | G126: =VLOOKUP(E126,'LISTA ITEMS'!$E$2:$G$875,3,FALSE) -> 0 | I126: 0 | R126: =+I126+L126+N126-P126 -> 0 | AC126: =+R126+W126+Y126-AA126 -> 0
A127: 365 | E127: =CONCATENATE(B127,"-",C127,"-",D127) -> -- | F127: =VLOOKUP(E127,'LISTA ITEMS'!$E$2:$G$875,2,FALSE) -> 0 | G127: =VLOOKUP(E127,'LISTA ITEMS'!$E$2:$G$875,3,FALSE) -> 0 | I127: 0 | R127: =+I127+L127+N127-P127 -> 0 | AC127: =+R127+W127+Y127-AA127 -> 0 | AI127: OK
A128: 366 | E128: =CONCATENATE(B128,"-",C128,"-",D128) -> -- | F128: =VLOOKUP(E128,'LISTA ITEMS'!$E$2:$G$875,2,FALSE) -> 0 | G128: =VLOOKUP(E128,'LISTA ITEMS'!$E$2:$G$875,3,FALSE) -> 0 | I128: 0 | R128: =+I128+L128+N128-P128 -> 0 | AC128: =+R128+W128+Y128-AA128 -> 0 | AI128: OK
A129: 367 | E129: =CONCATENATE(B129,"-",C129,"-",D129) -> -- | F129: =VLOOKUP(E129,'LISTA ITEMS'!$E$2:$G$875,2,FALSE) -> 0 | G129: =VLOOKUP(E129,'LISTA ITEMS'!$E$2:$G$875,3,FALSE) -> 0 | I129: 0 | R129: =+I129+L129+N129-P129 -> 0 | AC129: =+R129+W129+Y129-AA129 -> 0 | AI129: OK
A130: 368 | E130: =CONCATENATE(B130,"-",C130,"-",D130) -> -- | F130: =VLOOKUP(E130,'LISTA ITEMS'!$E$2:$G$875,2,FALSE) -> 0 | G130: =VLOOKUP(E130,'LISTA ITEMS'!$E$2:$G$875,3,FALSE) -> 0 | I130: 0 | R130: =+I130+L130+N130-P130 -> 0 | AC130: =+R130+W130+Y130-AA130 -> 0 | AI130: OK
A131: 369 | E131: =CONCATENATE(B131,"-",C131,"-",D131) -> -- | F131: =VLOOKUP(E131,'LISTA ITEMS'!$E$2:$G$875,2,FALSE) -> 0 | G131: =VLOOKUP(E131,'LISTA ITEMS'!$E$2:$G$875,3,FALSE) -> 0 | I131: 0 | R131: =+I131+L131+N131-P131 -> 0 | AC131: =+R131+W131+Y131-AA131 -> 0 | AI131: OK
A132: 370 | E132: =CONCATENATE(B132,"-",C132,"-",D132) -> -- | F132: =VLOOKUP(E132,'LISTA ITEMS'!$E$2:$G$875,2,FALSE) -> 0 | G132: =VLOOKUP(E132,'LISTA ITEMS'!$E$2:$G$875,3,FALSE) -> 0 | I132: 0 | R132: =+I132+L132+N132-P132 -> 0 | AC132: =+R132+W132+Y132-AA132 -> 0 | AI132: OK
A133: 371 | E133: =CONCATENATE(B133,"-",C133,"-",D133) -> -- | F133: =VLOOKUP(E133,'LISTA ITEMS'!$E$2:$G$875,2,FALSE) -> 0 | G133: =VLOOKUP(E133,'LISTA ITEMS'!$E$2:$G$875,3,FALSE) -> 0 | I133: 0 | R133: =+I133+L133+N133-P133 -> 0 | AC133: =+R133+W133+Y133-AA133 -> 0
A134: 372 | E134: =CONCATENATE(B134,"-",C134,"-",D134) -> -- | F134: =VLOOKUP(E134,'LISTA ITEMS'!$E$2:$G$875,2,FALSE) -> 0 | G134: =VLOOKUP(E134,'LISTA ITEMS'!$E$2:$G$875,3,FALSE) -> 0 | I134: 0 | R134: =+I134+L134+N134-P134 -> 0 | AC134: =+R134+W134+Y134-AA134 -> 0
A135: 373 | E135: =CONCATENATE(B135,"-",C135,"-",D135) -> -- | F135: =VLOOKUP(E135,'LISTA ITEMS'!$E$2:$G$875,2,FALSE) -> 0 | G135: =VLOOKUP(E135,'LISTA ITEMS'!$E$2:$G$875,3,FALSE) -> 0 | I135: 0 | R135: =+I135+L135+N135-P135 -> 0 | AC135: =+R135+W135+Y135-AA135 -> 0
A136: 374 | E136: =CONCATENATE(B136,"-",C136,"-",D136) -> -- | F136: =VLOOKUP(E136,'LISTA ITEMS'!$E$2:$G$875,2,FALSE) -> 0 | G136: =VLOOKUP(E136,'LISTA ITEMS'!$E$2:$G$875,3,FALSE) -> 0 | I136: 0 | R136: =+I136+L136+N136-P136 -> 0 | AC136: =+R136+W136+Y136-AA136 -> 0
A137: 375 | E137: =CONCATENATE(B137,"-",C137,"-",D137) -> -- | F137: =VLOOKUP(E137,'LISTA ITEMS'!$E$2:$G$875,2,FALSE) -> 0 | G137: =VLOOKUP(E137,'LISTA ITEMS'!$E$2:$G$875,3,FALSE) -> 0 | I137: 0 | R137: =+I137+L137+N137-P137 -> 0 | AC137: =+R137+W137+Y137-AA137 -> 0
A138: 376 | E138: =CONCATENATE(B138,"-",C138,"-",D138) -> -- | F138: =VLOOKUP(E138,'LISTA ITEMS'!$E$2:$G$875,2,FALSE) -> 0 | G138: =VLOOKUP(E138,'LISTA ITEMS'!$E$2:$G$875,3,FALSE) -> 0 | I138: 0 | R138: =+I138+L138+N138-P138 -> 0 | AC138: =+R138+W138+Y138-AA138 -> 0
A139: 377 | E139: =CONCATENATE(B139,"-",C139,"-",D139) -> -- | F139: =VLOOKUP(E139,'LISTA ITEMS'!$E$2:$G$875,2,FALSE) -> 0 | G139: =VLOOKUP(E139,'LISTA ITEMS'!$E$2:$G$875,3,FALSE) -> 0 | I139: 0 | R139: =+I139+L139+N139-P139 -> 0 | AC139: =+R139+W139+Y139-AA139 -> 0
A140: 378 | E140: =CONCATENATE(B140,"-",C140,"-",D140) -> -- | F140: =VLOOKUP(E140,'LISTA ITEMS'!$E$2:$G$875,2,FALSE) -> 0 | G140: =VLOOKUP(E140,'LISTA ITEMS'!$E$2:$G$875,3,FALSE) -> 0 | I140: 0 | R140: =+I140+L140+N140-P140 -> 0 | AC140: =+R140+W140+Y140-AA140 -> 0
A141: 379 | E141: =CONCATENATE(B141,"-",C141,"-",D141) -> -- | F141: =VLOOKUP(E141,'LISTA ITEMS'!$E$2:$G$875,2,FALSE) -> 0 | G141: =VLOOKUP(E141,'LISTA ITEMS'!$E$2:$G$875,3,FALSE) -> 0 | I141: 0 | R141: =+I141+L141+N141-P141 -> 0 | AC141: =+R141+W141+Y141-AA141 -> 0
A142: 380 | E142: =CONCATENATE(B142,"-",C142,"-",D142) -> -- | F142: =VLOOKUP(E142,'LISTA ITEMS'!$E$2:$G$875,2,FALSE) -> 0 | G142: =VLOOKUP(E142,'LISTA ITEMS'!$E$2:$G$875,3,FALSE) -> 0 | I142: 0 | R142: =+I142+L142+N142-P142 -> 0 | AC142: =+R142+W142+Y142-AA142 -> 0
A143: 381 | E143: =CONCATENATE(B143,"-",C143,"-",D143) -> -- | F143: =VLOOKUP(E143,'LISTA ITEMS'!$E$2:$G$875,2,FALSE) -> 0 | G143: =VLOOKUP(E143,'LISTA ITEMS'!$E$2:$G$875,3,FALSE) -> 0 | I143: 0 | R143: =+I143+L143+N143-P143 -> 0 | AC143: =+R143+W143+Y143-AA143 -> 0
A144: 382 | E144: =CONCATENATE(B144,"-",C144,"-",D144) -> -- | F144: =VLOOKUP(E144,'LISTA ITEMS'!$E$2:$G$875,2,FALSE) -> 0 | G144: =VLOOKUP(E144,'LISTA ITEMS'!$E$2:$G$875,3,FALSE) -> 0 | I144: 0 | R144: =+I144+L144+N144-P144 -> 0 | AC144: =+R144+W144+Y144-AA144 -> 0
... A146: 384 | E146: =CONCATENATE(B146,"-",C146,"-",D146) -> -- | F146: =VLOOKUP(E146,'LISTA ITEMS'!$E$2:$G$875,2,FALSE) -> 0 | G146: =VLOOKUP(E146,'LISTA ITEMS'!$E$2:$G$875,3,FALSE) -> 0 | I146: 0 | R146: =+I146+L146+N146-P146 -> 0 | AC146: =+R146+W146+Y146-AA146 -> 0
A147: 385 | E147: =CONCATENATE(B147,"-",C147,"-",D147) -> -- | F147: =VLOOKUP(E147,'LISTA ITEMS'!$E$2:$G$875,2,FALSE) -> 0 | G147: =VLOOKUP(E147,'LISTA ITEMS'!$E$2:$G$875,3,FALSE) -> 0 | I147: 0 | R147: =+I147+L147+N147-P147 -> 0 | AC147: =+R147+W147+Y147-AA147 -> 0 | AI147: OK
A148: 386 | E148: =CONCATENATE(B148,"-",C148,"-",D148) -> -- | F148: =VLOOKUP(E148,'LISTA ITEMS'!$E$2:$G$875,2,FALSE) -> 0 | G148: =VLOOKUP(E148,'LISTA ITEMS'!$E$2:$G$875,3,FALSE) -> 0 | I148: 0 | R148: =+I148+L148+N148-P148 -> 0 | AC148: =+R148+W148+Y148-AA148 -> 0 | AI148: OK
A149: 387 | E149: =CONCATENATE(B149,"-",C149,"-",D149) -> -- | F149: =VLOOKUP(E149,'LISTA ITEMS'!$E$2:$G$875,2,FALSE) -> 0 | G149: =VLOOKUP(E149,'LISTA ITEMS'!$E$2:$G$875,3,FALSE) -> 0 | I149: 0 | R149: =+I149+L149+N149-P149 -> 0 | AC149: =+R149+W149+Y149-AA149 -> 0 | AI149: OK
...

Sheet INV CRISTOBAL 23-3
A1: FMT-01-INV | D1: RELACION TOMA DE INVENTARIOS DIARIOS | H1: TOMA INVENTARIO | K1: UBICACIÓN FISICA
A2: LINEA | B2: GRUPO | C2: ELEMENTO | D2: ITEM | E2: CONCATENADO | F2: DESCRIPCION | G2: UND MEDIDA | H2: FECHA | I2: CANTIDAD | J2: NOTA | K2: ZONA | L2: ESTAN | M2: NIVEL
A3: 97 | B3: 7 | C3: 54 | D3: 295 | E3: =CONCATENATE(B3,"-",C3,"-",D3) -> 7-54-295 | F3: =VLOOKUP(E3,'LISTA ITEMS'!$E$2:$G$875,2,FALSE) -> BATERIA LFP LITHIUM DL5.OC (DYNESS) | G3: =VLOOKUP(E3,'LISTA ITEMS'!$E$2:$G$875,3,FALSE) -> UND | H3: 46104 | I3: 5 | K3: 6 | L3: N/A | M3: SUELO
A4: 243 | B4: 7 | C4: 54 | D4: 423 | E4: 7-54-423 | F4: BATERIA LFP LITHIUM DL5.OC RACK (DYNESS) | G4: UND | H4: 46104 | I4: 8 | K4: AREA RECIBO | L4: PALLET | M4: SUELO
A5: 115 | B5: 7 | C5: 54 | D5: 323 | E5: =CONCATENATE(B5,"-",C5,"-",D5) -> 7-54-323 | F5: =VLOOKUP(E5,'LISTA ITEMS'!$E$2:$G$875,2,FALSE) -> BATERIA LPF LITHIUM B3 48V 3.6kWh (DYNESS) | G5: =VLOOKUP(E5,'LISTA ITEMS'!$E$2:$G$875,3,FALSE) -> UND | H5: 46104 | I5: 1 | K5: AREA RECIBO | L5: PALLET | M5: SUELO
A6: 226 | B6: 7 | C6: 54 | D6: 404 | E6: =CONCATENATE(B6,"-",C6,"-",D6) -> 7-54-404 | F6: =VLOOKUP(E6,'LISTA ITEMS'!$E$2:$G$875,2,FALSE) -> BATERIA RECARGABLE LITHIUM DL10 POWERBOX G2 (DYNESS) | G6: =VLOOKUP(E6,'LISTA ITEMS'!$E$2:$G$875,3,FALSE) -> UND | H6: 46104 | I6: 1 | K6: AREA RECIBO | L6: PALLET | M6: SUELO
A7: 205 | B7: 16 | C7: 45 | D7: 383 | E7: =CONCATENATE(B7,"-",C7,"-",D7) -> 16-45-383 | F7: =VLOOKUP(E7,'LISTA ITEMS'!$E$2:$G$875,2,FALSE) -> CAJA BLANCA P/BATERIA (DYNNES) | G7: =VLOOKUP(E7,'LISTA ITEMS'!$E$2:$G$875,3,FALSE) -> UND | H7: 46104 | I7: 3 | K7: 6 | L7: PALLET | M7: SUELO
A8: 180 | B8: 7 | C8: 35 | D8: 286 | E8: =CONCATENATE(B8,"-",C8,"-",D8) -> 7-35-286 | F8: =VLOOKUP(E8,'LISTA ITEMS'!$E$2:$G$875,2,FALSE) -> INVERSOR SPH 6000TL BL-UP 6KW (GROWATT) | G8: =VLOOKUP(E8,'LISTA ITEMS'!$E$2:$G$875,3,FALSE) -> UND | H8: 46104 | I8: 8 | K8: 6 | L8: N/A | M8: SUELO
A9: 55 | B9: 7 | C9: 38 | D9: 237 | E9: =CONCATENATE(B9,"-",C9,"-",D9) -> 7-38-237 | F9: =VLOOKUP(E9,'LISTA ITEMS'!$E$2:$G$875,2,FALSE) -> PLACA SOLAR CS6.1-60TB-505 505W / 43.4V | G9: =VLOOKUP(E9,'LISTA ITEMS'!$E$2:$G$875,3,FALSE) -> UND | H9: 46104 | I9: 2 | J9: NEGRA | K9: 5 | L9: PARED | M9: 1
A10: 53 | B10: 7 | C10: 38 | D10: 235 | E10: =CONCATENATE(B10,"-",C10,"-",D10) -> 7-38-235 | F10: =VLOOKUP(E10,'LISTA ITEMS'!$E$2:$G$875,2,FALSE) -> PLACA SOLAR CS6L-450MS 450W / 34.4V | G10: =VLOOKUP(E10,'LISTA ITEMS'!$E$2:$G$875,3,FALSE) -> UND | H10: 46104 | I10: 1 | J10: NEGRA | K10: 5 | L10: PARED | M10: 5
A11: 60 | B11: 7 | C11: 38 | D11: 242 | E11: =CONCATENATE(B11,"-",C11,"-",D11) -> 7-38-242 | F11: =VLOOKUP(E11,'LISTA ITEMS'!$E$2:$G$875,2,FALSE) -> PLACA SOLAR CS6W-585T 585W / 52.4V | G11: =VLOOKUP(E11,'LISTA ITEMS'!$E$2:$G$875,3,FALSE) -> UND | H11: 46104 | I11: 3 | J11: GRIS | K11: 5 | L11: PARED | M11: 5
A12: 52 | B12: 7 | C12: 38 | D12: 234 | E12: =CONCATENATE(B12,"-",C12,"-",D12) -> 7-38-234 | F12: =VLOOKUP(E12,'LISTA ITEMS'!$E$2:$G$875,2,FALSE) -> PLACA SOLAR CSP-6P-345W / 38.3C | G12: =VLOOKUP(E12,'LISTA ITEMS'!$E$2:$G$875,3,FALSE) -> UND | H12: 46104 | I12: 1 | J12: GRIS | K12: 5 | L12: PARED | M12: 4
A13: 51 | B13: 7 | C13: 38 | D13: 233 | E13: =CONCATENATE(B13,"-",C13,"-",D13) -> 7-38-233 | F13: =VLOOKUP(E13,'LISTA ITEMS'!$E$2:$G$875,2,FALSE) -> PLACA SOLAR EX-275P-60 275W / 31.50V | G13: =VLOOKUP(E13,'LISTA ITEMS'!$E$2:$G$875,3,FALSE) -> UND | H13: 46104 | I13: 1 | J13: GRIS | K13: 5 | L13: PARED | M13: 3
A14: 65 | B14: 7 | C14: 38 | D14: 247 | E14: =CONCATENATE(B14,"-",C14,"-",D14) -> 7-38-247 | F14: =VLOOKUP(E14,'LISTA ITEMS'!$E$2:$G$875,2,FALSE) -> PLACA SOLAR JAM60D42-535LB 535W / 44.13V | G14: =VLOOKUP(E14,'LISTA ITEMS'!$E$2:$G$875,3,FALSE) -> UND | H14: 46104 | I14: =3*36+11 -> 119 | J14: NEGRA | K14: 6 | L14: N/A | M14: SUELO
A15: 54 | B15: 7 | C15: 38 | D15: 236 | E15: =CONCATENATE(B15,"-",C15,"-",D15) -> 7-38-236 | F15: =VLOOKUP(E15,'LISTA ITEMS'!$E$2:$G$875,2,FALSE) -> PLACA SOLAR JAM66S30-505MR 505W / 45.72V | G15: =VLOOKUP(E15,'LISTA ITEMS'!$E$2:$G$875,3,FALSE) -> UND | H15: 46104 | I15: 1 | J15: GRIS | K15: 5 | L15: PARED | M15: 2
A16: 58 | B16: 7 | C16: 38 | D16: 240 | E16: =CONCATENATE(B16,"-",C16,"-",D16) -> 7-38-240 | F16: =VLOOKUP(E16,'LISTA ITEMS'!$E$2:$G$875,2,FALSE) -> PLACA SOLAR JAM72D30-545MB 545W / 49.75V | G16: =VLOOKUP(E16,'LISTA ITEMS'!$E$2:$G$875,3,FALSE) -> UND | H16: 46104 | I16: 1 | J16: GRIS | K16: 5 | L16: PARED | M16: 8
A17: 63 | B17: 7 | C17: 38 | D17: 245 | E17: =CONCATENATE(B17,"-",C17,"-",D17) -> 7-38-245 | F17: =VLOOKUP(E17,'LISTA ITEMS'!$E$2:$G$875,2,FALSE) -> PLACA SOLAR JAM72D40-590MB 590W / 52.37V | G17: =VLOOKUP(E17,'LISTA ITEMS'!$E$2:$G$875,3,FALSE) -> UND | H17: 46104 | I17: 2 | J17: GRIS | K17: 5 | L17: PARED | M17: 3
A18: 67 | B18: 7 | C18: 38 | D18: 249 | E18: =CONCATENATE(B18,"-",C18,"-",D18) -> 7-38-249 | F18: =VLOOKUP(E18,'LISTA ITEMS'!$E$2:$G$875,2,FALSE) -> PLACA SOLAR JAM72S30-570LR 570W / 50.68V | G18: =VLOOKUP(E18,'LISTA ITEMS'!$E$2:$G$875,3,FALSE) -> UND | H18: 46104 | I18: 9 | J18: GRIS | K18: 4 | L18: PALLET | M18: SUELO
A19: 57 | B19: 7 | C19: 38 | D19: 239 | E19: =CONCATENATE(B19,"-",C19,"-",D19) -> 7-38-239 | F19: =VLOOKUP(E19,'LISTA ITEMS'!$E$2:$G$875,2,FALSE) -> PLACA SOLAR JAMS0D42-520LB 520W / 43.53V | G19: =VLOOKUP(E19,'LISTA ITEMS'!$E$2:$G$875,3,FALSE) -> UND | H19: 46104 | I19: 1 | J19: GRIS | K19: 5 | L19: PARED | M19: 8
A20: 59 | B20: 7 | C20: 38 | D20: 241 | E20: =CONCATENATE(B20,"-",C20,"-",D20) -> 7-38-241 | F20: =VLOOKUP(E20,'LISTA ITEMS'!$E$2:$G$875,2,FALSE) -> PLACA SOLAR PS555M6H-24TH 555W / 41.64V | G20: =VLOOKUP(E20,'LISTA ITEMS'!$E$2:$G$875,3,FALSE) -> UND | H20: 46104 | I20: 2 | J20: GRIS | K20: 5 | L20: PARED | M20: 7
A21: 242 | B21: 7 | C21: 38 | D21: 422 | E21: =CONCATENATE(B21,"-",C21,"-",D21) -> 7-38-422 | F21: =VLOOKUP(E21,'LISTA ITEMS'!$E$2:$G$875,2,FALSE) -> PLACA SOLAR PS595M8GFH-24/TNH 595W (PHONO) | G21: =VLOOKUP(E21,'LISTA ITEMS'!$E$2:$G$875,3,FALSE) -> UND | H21: 46104 | I21: 15 | J21: CLIENTE AGRISUR GRIS | K21: 5 | L21: PALLET | M21: SUELO
A22: 62 | B22: 7 | C22: 38 | D22: 244 | E22: =CONCATENATE(B22,"-",C22,"-",D22) -> 7-38-244 | F22: =VLOOKUP(E22,'LISTA ITEMS'!$E$2:$G$875,2,FALSE) -> PLACA SOLAR SK9612MHVC-550 550W / 42.16V | G22: =VLOOKUP(E22,'LISTA ITEMS'!$E$2:$G$875,3,FALSE) -> UND | H22: 46104 | I22: 1 | J22: GRIS | K22: 5 | L22: PARED | M22: 2
A23: 56 | B23: 7 | C23: 38 | D23: 238 | E23: =CONCATENATE(B23,"-",C23,"-",D23) -> 7-38-238 | F23: =VLOOKUP(E23,'LISTA ITEMS'!$E$2:$G$875,2,FALSE) -> PLACA SOLAR SPR-P3-375-BLK-E4-AC 375W / 35.5V | G23: =VLOOKUP(E23,'LISTA ITEMS'!$E$2:$G$875,3,FALSE) -> UND | H23: 46104 | I23: 1 | J23: NEGRA | K23: 5 | L23: PARED | M23: 7
A24: 64 | B24: 7 | C24: 38 | D24: 246 | E24: =CONCATENATE(B24,"-",C24,"-",D24) -> 7-38-246 | F24: =VLOOKUP(E24,'LISTA ITEMS'!$E$2:$G$875,2,FALSE) -> PLACA SOLAR TSM-505DE18M.08(II) 505W / 43.0V | G24: =VLOOKUP(E24,'LISTA ITEMS'!$E$2:$G$875,3,FALSE) -> UND | H24: 46104 | I24: 2 | J24: NEGRA | K24: 5 | L24: PARED | M24: 4
A25: 61 | B25: 7 | C25: 38 | D25: 243 | E25: =CONCATENATE(B25,"-",C25,"-",D25) -> 7-38-243 | F25: =VLOOKUP(E25,'LISTA ITEMS'!$E$2:$G$875,2,FALSE) -> PLACA SOLAR YL550D-49e 1500V 1/2 550W / 42.0V | G25: =VLOOKUP(E25,'LISTA ITEMS'!$E$2:$G$875,3,FALSE) -> UND | H25: 46104 | I25: 1 | J25: GRIS | K25: 5 | L25: PARED | M25: 1
L54: 2
