Workbook

Sheet LISTA ITEMS
A1: GRUPO | B1: ELEMENTO | C1: ITEM | D1: CONCATENADO | E1: DESCRIPCION | F1: UND MEDIDA | G1: PROVEEDOR
A2: 7 | B2: 20 | C2: 178 | D2: 7-20-178 | E2: ESTUFA CALEFACCION 9 KW | F2: UND | G2: 0
A3: 7 | B3: 20 | C3: 179 | D3: 7-20-179 | E3: ESTUFA CALEFACCION 12 KW | F3: UND | G3: 0
A4: 13 | B4: 21 | C4: 180 | D4: 13-21-180 | E4: TACO P/BRIDA BLANCO | F4: UND | G4: RECA
A5: 13 | B5: 21 | C5: 181 | D5: 13-21-181 | E5: TACO P/BRIDA NEGRO | F5: UND | G5: RECA
A6: 13 | B6: 22 | C6: 182 | D6: 13-22-182 | E6: BRIDA P/INTERIOR BLANCA | F6: UND | G6: RECA
A7: 13 | B7: 22 | C7: 183 | D7: 13-22-183 | E7: BRIDA P/INTERIOR NEGRA | F7: UND | G7: RECA
A8: 13 | B8: 22 | C8: 184 | D8: 13-22-184 | E8: BRIDA P/EXTERIOR NEGRA | F8: UND | G8: RECA
A9: 13 | B9: 23 | C9: 185 | D9: 13-23-185 | E9: CINTA BLANCA AISLANTE PVC 50MM | F9: UND | G9: RECA
A10: 13 | B10: 23 | C10: 186 | D10: 13-23-186 | E10: CINTA NEGRA AISLANTE PVC 50MM | F10: UND | G10: RECA
A11: 13 | B11: 23 | C11: 187 | D11: 13-23-187 | E11: CINTA VERDE AMARILLA AISLANTE PVC 19MM | F11: UND | G11: RECA
A12: 13 | B12: 23 | C12: 188 | D12: 13-23-188 | E12: CINTA ROJA AISLANTE PVC 19MM | F12: UND | G12: RECA
A13: 13 | B13: 23 | C13: 189 | D13: 13-23-189 | E13: CINTA AZUL AISLANTE PVC 19MM | F13: UND | G13: RECA
A14: 13 | B14: 23 | C14: 190 | D14: 13-23-190 | E14: CINTA BLANCA AISLANTE PVC 19MM | F14: UND | G14: RECA
A15: 13 | B15: 23 | C15: 191 | D15: 13-23-191 | E15: CINTA NEGRA AISLANTE PVC 19MM | F15: UND | G15: RECA
... A103: 3 | B103: 31 | C103: 278 | D103: 3-31-278 | E103: CABLE Nª 10 P/PLACA SOLAR ROJO | F103: MT | G103: COTO
A104: 16 | B104: 46 | C104: 279 | D104: 16-46-279 | E104: MANGUERA CORRUGADA NEGRA | F104: MT | G104: 0
A105: 16 | B105: 47 | C105: 280 | D105: 16-47-280 | E105: DIFERENCIAL EPR2A063030 2P-63A-30mA (MAXGE) | F105: UND | G105: BELTRAN Y CRIADO
A106: 16 | B106: 48 | C106: 281 | D106: 16-48-281 | E106: PORTA FUSIBLE SGF-32-DC (MAXGE) | F106: UND | G106: BELTRAN Y CRIADO
A107: 16 | B107: 49 | C107: 282 | D107: 16-49-282 | E107: CONTACTOR MODULAR RV32 (REVALCO) | F107: UND | G107: INVERSOLAR
A108: 16 | B108: 50 | C108: 283 | D108: 16-50-283 | E108: FUSIBLE 32A-1000VDC (SASSIN) | F108: UND | G108: BELTRAN Y CRIADO
A109: 16 | B109: 51 | C109: 284 | D109: 16-51-284 | E109: LIMITADOR MONOFASICO 3SUR1 15/30kA-275V (SASSIN) | F109: UND | G109: BELTRAN Y CRIADO
A110: 16 | B110: 52 | C110: 285 | D110: 16-52-285 | E110: TERMICO EPBE63M1NC63 1P+N C63 (MAXGE) | F110: UND | G110: BELTRAN Y CRIADO
D111: -- | E111: 0 | F111: 0 | G111: 0
D112: -- | E112: 0 | F112: 0 | G112: 0
D113: -- | E113: 0 | F113: 0 | G113: 0
D114: -- | E114: 0 | F114: 0 | G114: 0
D115: -- | E115: 0 | F115: 0 | G115: 0
D116: -- | E116: 0 | F116: 0 | G116: 0
D117: -- | E117: 0 | F117: 0 | G117: 0
D118: -- | E118: 0 | F118: 0 | G118: 0
D119: -- | E119: 0 | F119: 0 | G119: 0
D120: -- | E120: 0 | F120: 0 | G120: 0
D121: -- | E121: 0 | F121: 0 | G121: 0
D122: -- | E122: 0 | F122: 0 | G122: 0
... D876: -- | E876: 0 | F876: 0 | G876: 0

Sheet FMT BASE TECNICOS
A1: FORMATO TOMA DE MATERIALES (TECNICOS) | H1: FMT-02-ALM
A2: LINEA | B2: CLIENTE | C2: CODIGO | F2: UND MEDIDA | G2: CANTIDAD | H2: NOMBRE
A3: 1
A4: =+A3+1 -> 2
A5: =+A4+1 -> 3
A6: =+A5+1 -> 4
A7: =+A6+1 -> 5
A8: =+A7+1 -> 6
A9: =+A8+1 -> 7
A10: =+A9+1 -> 8
A11: =+A10+1 -> 9
A12: =+A11+1 -> 10
A13: =+A12+1 -> 11
A14: =+A13+1 -> 12
A15: =+A14+1 -> 13
... A21: =+A20+1 -> 19

Sheet FMT BASE
A1: FMT-03-ALM | C1: FORMATO ALISTAMIENTO DE MATERIALES (ALMACENISTA) | F1: CONSEC. #
A2: CLIENTE | F2: PARTE TRAB. #
A3: CIUDAD | E3: ALISTADO POR: | F3: FECHA REQUER.
A4: LINEA | B4: CODIGO | E4: DESCRIPCION | F4: UND MED. | G4: CANT. | H4: VERIFICA TECNICO
A5: 1
A6: 2
A7: 3
A8: 4
A9: 5
A10: 6
A11: 7
A12: 8
A13: 9
A14: 10
A15: 11
A16: 12
... A36: 32

Sheet Hector 05feb
A1: FMT-03-ALM | C1: FORMATO ALISTAMIENTO DE MATERIALES (ALMACENISTA) | F1: CONSEC. # | H1: 1 | J1: REGISTRO | K1: OK
A2: CLIENTE | C2: JESUS MORALES BUSTOS | F2: PARTE TRAB. # | H2: 2 | J2: DEVOLUCION | K2: OK
A3: CIUDAD | C3: JAEN | E3: ALISTADO POR: FABIO GUTIERREZ | F3: FECHA 02feb2026 REQUER.
A4: LINEA | B4: CODIGO | E4: DESCRIPCION | F4: UND MED. | G4: CANT. | H4: VERIFICA TECNICO | I4: FECHA | J4: DEVOLUC. | K4: CANT. REAL CONSUMIDA
A5: 1 | B5: 13 | C5: 22 | D5: 184 | E5: BRIDA P/EXTERIOR NEGRA | F5: UND | G5: 100 | H5: si | I5: 46058 | J5: 50 | K5: =+G5-J5 -> 50
A6: 2 | B6: 6 | C6: 23 | D6: 192 | E6: CINTA ACERO PERFORADA PARA MONTAJE | F6: UND | G6: 2 | H6: si | I6: 46058 | J6: 2 | K6: =+G6-J6 -> 0
A7: 3 | B7: 14 | C7: 24 | D7: 193 | E7: DISCO CORTE ACERO/INOX A1 2EN1 | F7: UND | G7: 1 | H7: si | I7: 46058 | J7: 1 | K7: =+G7-J7 -> 0
A8: 4 | B8: 3 | C8: 31 | D8: 209 | E8: CABLE Nª 6 C/ALTERNA MARRON | F8: MT | G8: 100 | H8: si | I8: 46058 | J8: 100 | K8: =+G8-J8 -> 0
A9: 5 | B9: 3 | C9: 31 | D9: 210 | E9: CABLE Nª 6 C/ALTERNA GRIS | F9: MT | G9: 100 | H9: si | I9: 46058 | J9: 100 | K9: =+G9-J9 -> 0
A10: 6 | B10: 3 | C10: 31 | D10: 212 | E10: CABLE Nª 6 C/ALTERNA AZUL | F10: MT | G10: 100 | H10: si | I10: 46058 | J10: 100 | K10: =+G10-J10 -> 0
A11: 7 | B11: 3 | C11: 31 | D11: 213 | E11: CABLE Nª 6 C/ALTERNA NEGRO | F11: MT | G11: 100 | H11: si | I11: 46058 | J11: 100 | K11: =+G11-J11 -> 0
A12: 8 | B12: 9 | C12: 32 | D12: 223 | E12: CURVA PVC M-25 GRIS TIPO A | F12: UND | G12: 30 | H12: si | I12: 46058 | J12: 22 | K12: =+G12-J12 -> 8
A13: 9 | B13: 4 | C13: 15 | D13: 267 | E13: BARRA PERFORADA PARA REFUERZO 20X10X2MT GALV. | F13: UND | G13: 30 | H13: si | K13: =+G13-J13 -> 30
A14: 10 | B14: 10 | C14: 42 | D14: 268 | E14: PATA ALUMINIO PARA ESTRUCTURA PLACA SOLAR | F14: UND | G14: 20 | H14: si | I14: 46058 | J14: 10 | K14: =+G14-J14 -> 10
A15: 11 | B15: 10 | C15: 15 | D15: 269 | E15: BARRA ALUMINIO PARA ESTRUCTURA | F15: UND | G15: 19 | H15: si | K15: =+G15-J15 -> 19
A16: 12 | B16: 13 | C16: 25 | D16: 255 | E16: ANCLAJE PLASTICO MULTIUSO C/COLLARIN 10X61MM | F16: UND | G16: 50 | H16: si | I16: 46058 | J16: 50 | K16: =+G16-J16 -> 0
A17: 13 | B17: 10 | C17: 43 | D17: 270 | E17: EMPALME ALUMINIO P/BARRA | F17: UND | G17: 15 | H17: si | I17: 46058 | J17: 15 | K17: =+G17-J17 -> 0
A18: 14 | B18: 17 | C18: 44 | D18: 271 | E18: SELLANTE QUIMICO BLANCO | F18: UND | G18: 2 | H18: si | I18: 46058 | J18: 2 | K18: =+G18-J18 -> 0
A19: 15 | B19: 17 | C19: 44 | D19: 272 | E19: SELLANTE QUIMICO GRIS | F19: UND | G19: 1 | H19: si | I19: 46058 | J19: 0.5 | K19: =+G19-J19 -> 0.5
A20: 16 | B20: 7 | C20: 35 | D20: 274 | E20: INVERSOR HIBRIDO MONOFASICO SPE 10000ES 10KW BATER. BAJO VOLTAJE Y BACKUP INCORP. (GROWATT) | F20: UND | G20: 1 | H20: si | J20: HAQ1F4P4JV | K20: 1
A21: 17 | B21: 16 | C21: 45 | D21: 275 | E21: CAJA DISTRIBUCION INTERIOR 18 ELEM. (SOLERA) | F21: UND | G21: 1 | H21: si | K21: =+G21-J21 -> 1
A22: 18 | B22: 16 | C22: 45 | D22: 276 | E22: CAJA ESTANCA (COCHERA) EXTERIOR 18PT (IDE) | F22: UND | G22: 1 | H22: si | K22: =+G22-J22 -> 1
A23: 19 | B23: 3 | C23: 31 | D23: 277 | E23: CABLE Nª 10 P/PLACA SOLAR NEGRO | F23: MT | G23: 30 | H23: si | K23: =+G23-J23 -> 30
A24: 20 | B24: 3 | C24: 31 | D24: 278 | E24: CABLE Nª 10 P/PLACA SOLAR ROJO | F24: MT | G24: 30 | H24: si | K24: =+G24-J24 -> 30
A25: 21 | B25: 16 | C25: 46 | D25: 279 | E25: MANGUERA CORRUGADA NEGRA | F25: MT | G25: 2 | H25: si | I25: 46058 | J25: 1 | K25: =+G25-J25 -> 1
A26: 22 | B26: 3 | C26: 31 | D26: 222 | E26: CABLE Nª 10 C/ALTERNA NEGRO | F26: MT | G26: 100 | H26: si | I26: 46058 | J26: 88 | K26: =+G26-J26 -> 12
A27: 23 | B27: 3 | C27: 31 | D27: 221 | E27: CABLE Nª 10 C/ALTERNA AZUL | F27: MT | G27: 100 | H27: si | I27: 46058 | J27: 88 | K27: =+G27-J27 -> 12
A28: 24 | B28: 3 | C28: 31 | D28: 220 | E28: CABLE Nª 10 C/ALTERNA GRIS | F28: MT | G28: 100 | H28: si | I28: 46058 | J28: 88 | K28: =+G28-J28 -> 12
A29: 25 | B29: 3 | C29: 31 | D29: 219 | E29: CABLE Nª 10 C/ALTERNA MARRON | F29: MT | G29: 100 | H29: si | I29: 46058 | J29: 88 | K29: =+G29-J29 -> 12
A30: 26 | B30: 3 | C30: 31 | D30: 218 | E30: CABLE Nª 10 C/ALTERNA VERDE/AMARILLO | F30: MT | G30: 60 | H30: si | I30: 46058 | J30: 88 | K30: =+G30-J30 -> -28
A31: 27 | B31: 16 | C31: 47 | D31: 280 | E31: DIFERENCIAL EPR2A063030 2P-63A-30mA (MAXGE) | F31: UND | G31: 2 | H31: si | I31: 46058 | J31: 1 | K31: =+G31-J31 -> 1
A32: 28 | B32: 16 | C32: 48 | D32: 281 | E32: PORTA FUSIBLE SGF-32-DC (MAXGE) | F32: UND | G32: 4 | H32: si | K32: =+G32-J32 -> 4
A33: 29 | B33: 16 | C33: 49 | D33: 282 | E33: CONTACTOR MODULAR RV32 (REVALCO) | F33: UND | G33: 1 | H33: si | K33: =+G33-J33 -> 1
A34: 30 | B34: 16 | C34: 50 | D34: 283 | E34: FUSIBLE 32A-1000VDC (SASSIN) | F34: UND | G34: 10 | H34: si | I34: 46058 | J34: 6 | K34: =+G34-J34 -> 4
A35: 31 | B35: 16 | C35: 51 | D35: 284 | E35: LIMITADOR MONOFASICO 3SUR1 15/30kA-275V (SASSIN) | F35: UND | G35: 1 | H35: si | K35: =+G35-J35 -> 1
A36: 32 | B36: 16 | C36: 52 | D36: 285 | E36: TERMICO EPBE63M1NC63 1P+N C63 (MAXGE) | F36: UND | G36: 2 | H36: si | I36: 46058 | J36: 1 | K36: =+G36-J36 -> 1

Sheet HECTOR-JAVI 06FEB
A1: FMT-03-ALM | C1: FORMATO ALISTAMIENTO DE MATERIALES (ALMACENISTA) | G1: CONSEC. # | I1: 2 | K1: REGISTRO | L1: OK
A2: CLIENTE | C2: ILDEFONSO MONILLAS CAMPAN | G2: PARTE TRAB. # | I2: 4 | K2: DEVOLUCION | L2: OK
A3: CIUDAD | C3: Mancha Real | F3: ALISTADO POR: FABIO GUTIERREZ | G3: FECHA REQUER. | I3: 46059
A4: CUADIRILLA FORMADA POR: | F4: HECTOR - JAVI
A5: LINEA | B5: CODIGO | F5: DESCRIPCION | G5: UND MED. | H5: CANT. | I5: VERIFICA TECNICO | J5: FECHA | K5: DEVOLUC. | L5: CANT. REAL CONSUMIDA | M5: SERIAL Nª
A6: 1 | B6: 13 | C6: 21 | D6: 181 | E6: =CONCATENATE(B6,"-",C6,"-",D6) -> 13-21-181 | F6: =IFERROR(VLOOKUP(E6,'LISTA ITEMS (2)'!$E$2:$G$910,2,FALSE)," ") -> TACO P/BRIDA NEGRO | G6: =IFERROR(VLOOKUP(E6,'LISTA ITEMS (2)'!$E$2:$G$910,3,FALSE)," ") -> UND | H6: 100 | I6: si | J6: 46062 | K6: 100 | L6: =+H6-K6 -> 0
A7: 2 | B7: 13 | C7: 22 | D7: 183 | E7: =CONCATENATE(B7,"-",C7,"-",D7) -> 13-22-183 | F7: =IFERROR(VLOOKUP(E7,'LISTA ITEMS (2)'!$E$2:$G$910,2,FALSE)," ") -> BRIDA P/INTERIOR NEGRA | G7: =IFERROR(VLOOKUP(E7,'LISTA ITEMS (2)'!$E$2:$G$910,3,FALSE)," ") -> UND | H7: 100 | I7: si | J7: 46062 | K7: 100 | L7: =+H7-K7 -> 0
A8: 3 | B8: 13 | C8: 22 | D8: 184 | E8: =CONCATENATE(B8,"-",C8,"-",D8) -> 13-22-184 | F8: =IFERROR(VLOOKUP(E8,'LISTA ITEMS (2)'!$E$2:$G$910,2,FALSE)," ") -> BRIDA P/EXTERIOR NEGRA | G8: =IFERROR(VLOOKUP(E8,'LISTA ITEMS (2)'!$E$2:$G$910,3,FALSE)," ") -> UND | H8: 50 | I8: si | J8: 46062 | K8: 50 | L8: =+H8-K8 -> 0
A9: 4 | B9: 10 | C9: 37 | D9: 232 | E9: =CONCATENATE(B9,"-",C9,"-",D9) -> 10-37-232 | F9: =IFERROR(VLOOKUP(E9,'LISTA ITEMS (2)'!$E$2:$G$910,2,FALSE)," ") -> SOPORTE CENTRAL NEGRO | G9: =IFERROR(VLOOKUP(E9,'LISTA ITEMS (2)'!$E$2:$G$910,3,FALSE)," ") -> UND | H9: 25 | I9: si | J9: 46062 | K9: 25 | L9: =+H9-K9 -> 0
A10: 5 | B10: 10 | C10: 37 | D10: 315 | E10: =CONCATENATE(B10,"-",C10,"-",D10) -> 10-37-315 | F10: =IFERROR(VLOOKUP(E10,'LISTA ITEMS (2)'!$E$2:$G$910,2,FALSE)," ") -> SOPORTE FINAL NEGRO | G10: =IFERROR(VLOOKUP(E10,'LISTA ITEMS (2)'!$E$2:$G$910,3,FALSE)," ") -> UND | H10: 25 | I10: si | J10: 46062 | K10: 25 | L10: =+H10-K10 -> 0
A11: 6 | B11: 6 | C11: 23 | D11: 192 | E11: =CONCATENATE(B11,"-",C11,"-",D11) -> 6-23-192 | F11: =IFERROR(VLOOKUP(E11,'LISTA ITEMS (2)'!$E$2:$G$910,2,FALSE)," ") -> CINTA ACERO PERFORADA PARA MONTAJE | G11: =IFERROR(VLOOKUP(E11,'LISTA ITEMS (2)'!$E$2:$G$910,3,FALSE)," ") -> UND | H11: 3 | I11: si | J11: 46062 | K11: 1.5 | L11: =+H11-K11 -> 1.5
A12: 7 | B12: 16 | C12: 45 | D12: 294 | E12: =CONCATENATE(B12,"-",C12,"-",D12) -> 16-45-294 | F12: =IFERROR(VLOOKUP(E12,'LISTA ITEMS (2)'!$E$2:$G$910,2,FALSE)," ") -> CAJA DE ESTANCA 133X180X80 EV161 (IDE) | G12: =IFERROR(VLOOKUP(E12,'LISTA ITEMS (2)'!$E$2:$G$910,3,FALSE)," ") -> UND | H12: 1 | I12: si | L12: =+H12-K12 -> 1
A13: 8 | B13: 10 | C13: 43 | D13: 270 | E13: =CONCATENATE(B13,"-",C13,"-",D13) -> 10-43-270 | F13: =IFERROR(VLOOKUP(E13,'LISTA ITEMS (2)'!$E$2:$G$910,2,FALSE)," ") -> EMPALME ALUMINIO P/BARRA | G13: =IFERROR(VLOOKUP(E13,'LISTA ITEMS (2)'!$E$2:$G$910,3,FALSE)," ") -> UND | H13: 8 | I13: si | J13: 46062 | K13: 8 | L13: =+H13-K13 -> 0
A14: 9 | B14: 16 | C14: 45 | D14: 276 | E14: =CONCATENATE(B14,"-",C14,"-",D14) -> 16-45-276 | F14: =IFERROR(VLOOKUP(E14,'LISTA ITEMS (2)'!$E$2:$G$910,2,FALSE)," ") -> CAJA ESTANCA (COCHERA) EXTERIOR 18PT (IDE) | G14: =IFERROR(VLOOKUP(E14,'LISTA ITEMS (2)'!$E$2:$G$910,3,FALSE)," ") -> UND | H14: 1 | I14: si | J14: 46062 | K14: 1 | L14: =+H14-K14 -> 0
A15: 10 | B15: 16 | C15: 45 | D15: 317 | E15: =CONCATENATE(B15,"-",C15,"-",D15) -> 16-45-317 | F15: =IFERROR(VLOOKUP(E15,'LISTA ITEMS (2)'!$E$2:$G$910,2,FALSE)," ") -> CAJA DISTRIBUCION INTERIOR 8 ELEM. (SOLERA) | G15: =IFERROR(VLOOKUP(E15,'LISTA ITEMS (2)'!$E$2:$G$910,3,FALSE)," ") -> UND | H15: 1 | I15: si | J15: 46062 | K15: 1 | L15: =+H15-K15 -> 0
A16: 11 | B16: 16 | C16: 47 | D16: 318 | E16: =CONCATENATE(B16,"-",C16,"-",D16) -> 16-47-318 | F16: =IFERROR(VLOOKUP(E16,'LISTA ITEMS (2)'!$E$2:$G$910,2,FALSE)," ") -> DIFERENCIAL EPR2A040030 2P-40A-30mA (MAXGE) | G16: =IFERROR(VLOOKUP(E16,'LISTA ITEMS (2)'!$E$2:$G$910,3,FALSE)," ") -> UND | H16: 1 | I16: si | L16: =+H16-K16 -> 1
A17: 12 | B17: 16 | C17: 52 | D17: 319 | E17: =CONCATENATE(B17,"-",C17,"-",D17) -> 16-52-319 | F17: =IFERROR(VLOOKUP(E17,'LISTA ITEMS (2)'!$E$2:$G$910,2,FALSE)," ") -> TERMICO EPBE63M1NC25 1P+N C25 (MAXGE) | G17: =IFERROR(VLOOKUP(E17,'LISTA ITEMS (2)'!$E$2:$G$910,3,FALSE)," ") -> UND | H17: 1 | I17: si | L17: =+H17-K17 -> 1
A18: 13 | B18: 16 | C18: 45 | D18: 275 | E18: =CONCATENATE(B18,"-",C18,"-",D18) -> 16-45-275 | F18: =IFERROR(VLOOKUP(E18,'LISTA ITEMS (2)'!$E$2:$G$910,2,FALSE)," ") -> CAJA DISTRIBUCION INTERIOR 18 ELEM. (SOLERA) | G18: =IFERROR(VLOOKUP(E18,'LISTA ITEMS (2)'!$E$2:$G$910,3,FALSE)," ") -> UND | H18: 1 | I18: si | J18: 46062 | K18: 1 | L18: =+H18-K18 -> 0
A19: 14 | B19: 16 | C19: 45 | D19: 299 | E19: =CONCATENATE(B19,"-",C19,"-",D19) -> 16-45-299 | F19: =IFERROR(VLOOKUP(E19,'LISTA ITEMS (2)'!$E$2:$G$910,2,FALSE)," ") -> CAJA ESTANCA (COCHERA) EXTERIOR 8PT (IDE) | G19: =IFERROR(VLOOKUP(E19,'LISTA ITEMS (2)'!$E$2:$G$910,3,FALSE)," ") -> UND | H19: 1 | I19: si | L19: =+H19-K19 -> 1
A20: 15 | B20: 10 | C20: 42 | D20: 268 | E20: =CONCATENATE(B20,"-",C20,"-",D20) -> 10-42-268 | F20: =IFERROR(VLOOKUP(E20,'LISTA ITEMS (2)'!$E$2:$G$910,2,FALSE)," ") -> PATA ALUMINIO PARA ESTRUCTURA PLACA SOLAR ANGULO 30º | G20: =IFERROR(VLOOKUP(E20,'LISTA ITEMS (2)'!$E$2:$G$910,3,FALSE)," ") -> UND | H20: 8 | I20: si | J20: 46062 | K20: 8 | L20: =+H20-K20 -> 0
A21: 16 | B21: 16 | C21: 31 | D21: 320 | E21: =CONCATENATE(B21,"-",C21,"-",D21) -> 16-31-320 | F21: =IFERROR(VLOOKUP(E21,'LISTA ITEMS (2)'!$E$2:$G$910,2,FALSE)," ") -> JUEGO CABLE PARA BATERIA DE LITIO B4850 | G21: =IFERROR(VLOOKUP(E21,'LISTA ITEMS (2)'!$E$2:$G$910,3,FALSE)," ") -> UND | H21: 1 | I21: si | L21: 1
A22: 17 | B22: 17 | C22: 44 | D22: 271 | E22: =CONCATENATE(B22,"-",C22,"-",D22) -> 17-44-271 | F22: =IFERROR(VLOOKUP(E22,'LISTA ITEMS (2)'!$E$2:$G$910,2,FALSE)," ") -> SELLANTE QUIMICO BLANCO | G22: =IFERROR(VLOOKUP(E22,'LISTA ITEMS (2)'!$E$2:$G$910,3,FALSE)," ") -> UND | H22: 1 | I22: si | J22: 46062 | K22: 1 | L22: =+H22-K22 -> 0
A23: 18 | B23: 17 | C23: 44 | D23: 272 | E23: =CONCATENATE(B23,"-",C23,"-",D23) -> 17-44-272 | F23: =IFERROR(VLOOKUP(E23,'LISTA ITEMS (2)'!$E$2:$G$910,2,FALSE)," ") -> SELLANTE QUIMICO GRIS | G23: =IFERROR(VLOOKUP(E23,'LISTA ITEMS (2)'!$E$2:$G$910,3,FALSE)," ") -> UND | H23: 1 | I23: si | J23: 46062 | K23: 1 | L23: =+H23-K23 -> 0
A24: 19 | B24: 8 | C24: 27 | D24: 321 | E24: =CONCATENATE(B24,"-",C24,"-",D24) -> 8-27-321 | F24: =IFERROR(VLOOKUP(E24,'LISTA ITEMS (2)'!$E$2:$G$910,2,FALSE)," ") -> TORNILLO AUTOTALADRANTE CON C/HEXAGONAL - R/PARCIAL - ARANDELA CAUCHO 6X120mm A/GALV. | G24: =IFERROR(VLOOKUP(E24,'LISTA ITEMS (2)'!$E$2:$G$910,3,FALSE)," ") -> UND | H24: 20 | I24: si | J24: 46062 | K24: 20 | L24: =+H24-K24 -> 0
A25: 20 | B25: 16 | C25: 59 | D25: 322 | E25: =CONCATENATE(B25,"-",C25,"-",D25) -> 16-59-322 | F25: =IFERROR(VLOOKUP(E25,'LISTA ITEMS (2)'!$E$2:$G$910,2,FALSE)," ") -> CLAVIJA CAUCHO NEGRA 10/16A | G25: =IFERROR(VLOOKUP(E25,'LISTA ITEMS (2)'!$E$2:$G$910,3,FALSE)," ") -> UND | H25: 1 | I25: si | L25: =+H25-K25 -> 1
A26: 21 | B26: 9 | C26: 2 | D26: 291 | E26: =CONCATENATE(B26,"-",C26,"-",D26) -> 9-2-291 | F26: =IFERROR(VLOOKUP(E26,'LISTA ITEMS (2)'!$E$2:$G$910,2,FALSE)," ") -> TUBO ELECTRICO PVC 25mm - 3mt(AISCAN) | G26: =IFERROR(VLOOKUP(E26,'LISTA ITEMS (2)'!$E$2:$G$910,3,FALSE)," ") -> UND | H26: 8 | I26: si | J26: 46062 | K26: 6 | L26: =+H26-K26 -> 2
A27: 22 | B27: 10 | C27: 15 | D27: 269 | E27: =CONCATENATE(B27,"-",C27,"-",D27) -> 10-15-269 | F27: =IFERROR(VLOOKUP(E27,'LISTA ITEMS (2)'!$E$2:$G$910,2,FALSE)," ") -> BARRA ALUMINIO PARA ESTRUCTURA 3.60mt | G27: =IFERROR(VLOOKUP(E27,'LISTA ITEMS (2)'!$E$2:$G$910,3,FALSE)," ") -> UND | H27: 10 | I27: si | L27: =+H27-K27 -> 10
A28: 23 | B28: 7 | C28: 38 | D28: 247 | E28: =CONCATENATE(B28,"-",C28,"-",D28) -> 7-38-247 | F28: =IFERROR(VLOOKUP(E28,'LISTA ITEMS (2)'!$E$2:$G$910,2,FALSE)," ") -> PLACA SOLAR JAM60D42-535LB 535W / 44.13V | G28: =IFERROR(VLOOKUP(E28,'LISTA ITEMS (2)'!$E$2:$G$910,3,FALSE)," ") -> UND | H28: 8 | I28: si | J28: 46062 | K28: 8 | L28: =+H28-K28 -> 0
A29: 24 | B29: 7 | C29: 54 | D29: 323 | E29: =CONCATENATE(B29,"-",C29,"-",D29) -> 7-54-323 | F29: =IFERROR(VLOOKUP(E29,'LISTA ITEMS (2)'!$E$2:$G$910,2,FALSE)," ") -> BATERIA LPF LITHIUM B3 (DYNESS) | G29: =IFERROR(VLOOKUP(E29,'LISTA ITEMS (2)'!$E$2:$G$910,3,FALSE)," ") -> UND | H29: 3 | I29: si | L29: =+H29-K29 -> 3 | M29: 14031612302260443 14031612302260454 14031612302260445
A30: 25 | B30: 14 | C30: 24 | D30: 193 | E30: =CONCATENATE(B30,"-",C30,"-",D30) -> 14-24-193 | F30: =IFERROR(VLOOKUP(E30,'LISTA ITEMS (2)'!$E$2:$G$910,2,FALSE)," ") -> DISCO CORTE ACERO/INOX A1 2EN1 | G30: =IFERROR(VLOOKUP(E30,'LISTA ITEMS (2)'!$E$2:$G$910,3,FALSE)," ") -> UND | H30: 3 | I30: si | J30: 46062 | K30: 1 | L30: =+H30-K30 -> 2
A31: 26 | B31: 16 | C31: 60 | D31: 324 | E31: =CONCATENATE(B31,"-",C31,"-",D31) -> 16-60-324 | F31: =IFERROR(VLOOKUP(E31,'LISTA ITEMS (2)'!$E$2:$G$910,2,FALSE)," ") -> REGLETA CONEXIÓN ELECTRICA 35mm NEGRA 12Puntos | G31: =IFERROR(VLOOKUP(E31,'LISTA ITEMS (2)'!$E$2:$G$910,3,FALSE)," ") -> UND | H31: 1 | I31: si | L31: =+H31-K31 -> 1
A32: 27 | B32: 16 | C32: 60 | D32: 325 | E32: =CONCATENATE(B32,"-",C32,"-",D32) -> 16-60-325 | F32: =IFERROR(VLOOKUP(E32,'LISTA ITEMS (2)'!$E$2:$G$910,2,FALSE)," ") -> REGLETA CONEXIÓN ELECTRICA 16mm NEGRA | G32: =IFERROR(VLOOKUP(E32,'LISTA ITEMS (2)'!$E$2:$G$910,3,FALSE)," ") -> UND | H32: 1 | I32: si | L32: =+H32-K32 -> 1
A33: 28 | B33: 3 | C33: 31 | D33: 277 | E33: =CONCATENATE(B33,"-",C33,"-",D33) -> 3-31-277 | F33: =IFERROR(VLOOKUP(E33,'LISTA ITEMS (2)'!$E$2:$G$910,2,FALSE)," ") -> CABLE Nª 6 P/PLACA SOLAR NEGRO | G33: =IFERROR(VLOOKUP(E33,'LISTA ITEMS (2)'!$E$2:$G$910,3,FALSE)," ") -> MT | H33: 15 | I33: si | J33: 46062 | K33: 15 | L33: =+H33-K33 -> 0
A34: 29 | B34: 3 | C34: 31 | D34: 278 | E34: =CONCATENATE(B34,"-",C34,"-",D34) -> 3-31-278 | F34: =IFERROR(VLOOKUP(E34,'LISTA ITEMS (2)'!$E$2:$G$910,2,FALSE)," ") -> CABLE Nª 6 P/PLACA SOLAR ROJO | G34: =IFERROR(VLOOKUP(E34,'LISTA ITEMS (2)'!$E$2:$G$910,3,FALSE)," ") -> MT | H34: 15 | I34: si | J34: 46062 | K34: 15 | L34: =+H34-K34 -> 0
A35: 30 | B35: 4 | C35: 15 | D35: 326 | E35: =CONCATENATE(B35,"-",C35,"-",D35) -> 4-15-326 | F35: =IFERROR(VLOOKUP(E35,'LISTA ITEMS (2)'!$E$2:$G$910,2,FALSE)," ") -> BARRA PERFORADA PARA REFUERZO 27x18x2MT GALV. | G35: =IFERROR(VLOOKUP(E35,'LISTA ITEMS (2)'!$E$2:$G$910,3,FALSE)," ") -> UND | H35: 6 | I35: si | J35: 46062 | K35: 6 | L35: =+H35-K35 -> 0
A36: 31 | B36: 7 | C36: 35 | D36: 327 | E36: =CONCATENATE(B36,"-",C36,"-",D36) -> 7-35-327 | F36: =IFERROR(VLOOKUP(E36,'LISTA ITEMS (2)'!$E$2:$G$910,2,FALSE)," ") -> INVERSOR 48/5000/70-50-230V MULTIPLUS (VICTROM ENERGY) | G36: =IFERROR(VLOOKUP(E36,'LISTA ITEMS (2)'!$E$2:$G$910,3,FALSE)," ") -> UND | H36: 1 | I36: si | J36: 46062 | K36: 1 | L36: =+H36-K36 -> 0 | M36: HQ2424266C3
A37: 32 | B37: 7 | C37: 36 | D37: 231 | E37: =CONCATENATE(B37,"-",C37,"-",D37) -> 7-36-231 | F37: =IFERROR(VLOOKUP(E37,'LISTA ITEMS (2)'!$E$2:$G$910,2,FALSE)," ") -> CONTROLADOR SMART SOLAR MPPT 250/100-TR VICTROM ENERGY | G37: =IFERROR(VLOOKUP(E37,'LISTA ITEMS (2)'!$E$2:$G$910,3,FALSE)," ") -> UND | H37: 1 | I37: si | L37: =+H37-K37 -> 1 | M37: HQ2505PP6CN
A38: 33 | E38: =CONCATENATE(B38,"-",C38,"-",D38) -> -- | F38: =IFERROR(VLOOKUP(E38,'LISTA ITEMS (2)'!$E$2:$G$910,2,FALSE)," ") -> 0 | G38: =IFERROR(VLOOKUP(E38,'LISTA ITEMS (2)'!$E$2:$G$910,3,FALSE)," ") -> 0
A40: NOTA: TODO EL MATERIAL FUE REVISADO POR LOS TECNICOS JAVI Y HECTOR.

Sheet SALI FEBRE 2026
A1: ALM-07-SAL | G1: RELACION DETALLA DE SALIDAS DIARIAS
A2: LINEA | B2: # FORMT. ALISTAM. | C2: PARTE TRABAJO # | D2: UNIDAD DE NEGOCIO | E2: TIPO DE TRABAJO | F2: CLEINTE | G2: CIUDAD | H2: TECNICOS RESPONSABLE | I2: FECHA DE CARGUE | J2: GRUPO | K2: ELEM | L2: ITEM | M2: CODIGO | N2: DESCRIPCION | O2: UND MEDIDA | P2: CANT. ENTREGADA | Q2: NOTA | R2: SERIAL | S2: CANT. DEVOLUC.
A3: 1 | B3: 1 | C3: 2 | F3: JESUS MORALES BUSTOS | G3: JAEN | H3: HECTOR Y MANUEL | I3: 46055 | J3: 13 | K3: 22 | L3: 184 | M3: =CONCATENATE(J3,"-",K3,"-",L3) -> 13-22-184 | N3: =IFERROR(VLOOKUP(M3,'LISTA ITEMS (2)'!$E$2:$G$910,2,FALSE)," ") -> BRIDA P/EXTERIOR NEGRA | O3: =IFERROR(VLOOKUP(M3,'LISTA ITEMS (2)'!$E$2:$G$910,3,FALSE)," ") -> UND | P3: 100 | Q3: INSTALACION DE INTERCAMBIADOR SPE 10KW | S3: 50
A4: 2 | B4: 1 | C4: 2 | F4: JESUS MORALES BUSTOS | G4: JAEN | H4: HECTOR Y MANUEL | I4: 46055 | J4: 6 | K4: 23 | L4: 192 | M4: =CONCATENATE(J4,"-",K4,"-",L4) -> 6-23-192 | N4: =IFERROR(VLOOKUP(M4,'LISTA ITEMS (2)'!$E$2:$G$910,2,FALSE)," ") -> CINTA ACERO PERFORADA PARA MONTAJE | O4: =IFERROR(VLOOKUP(M4,'LISTA ITEMS (2)'!$E$2:$G$910,3,FALSE)," ") -> UND | P4: 2 | Q4: INSTALACION DE INTERCAMBIADOR SPE 10KW | S4: 2
A5: 3 | B5: 1 | C5: 2 | F5: JESUS MORALES BUSTOS | G5: JAEN | H5: HECTOR Y MANUEL | I5: 46055 | J5: 14 | K5: 24 | L5: 193 | M5: =CONCATENATE(J5,"-",K5,"-",L5) -> 14-24-193 | N5: =IFERROR(VLOOKUP(M5,'LISTA ITEMS (2)'!$E$2:$G$910,2,FALSE)," ") -> DISCO CORTE ACERO/INOX A1 2EN1 | O5: =IFERROR(VLOOKUP(M5,'LISTA ITEMS (2)'!$E$2:$G$910,3,FALSE)," ") -> UND | P5: 1 | Q5: INSTALACION DE INTERCAMBIADOR SPE 10KW | S5: 1
A6: 4 | B6: 1 | C6: 2 | F6: JESUS MORALES BUSTOS | G6: JAEN | H6: HECTOR Y MANUEL | I6: 46055 | J6: 3 | K6: 31 | L6: 209 | M6: =CONCATENATE(J6,"-",K6,"-",L6) -> 3-31-209 | N6: =IFERROR(VLOOKUP(M6,'LISTA ITEMS (2)'!$E$2:$G$910,2,FALSE)," ") -> CABLE Nª 6 C/ALTERNA MARRON | O6: =IFERROR(VLOOKUP(M6,'LISTA ITEMS (2)'!$E$2:$G$910,3,FALSE)," ") -> MT | P6: 100 | Q6: INSTALACION DE INTERCAMBIADOR SPE 10KW | S6: 100
A7: 5 | B7: 1 | C7: 2 | F7: JESUS MORALES BUSTOS | G7: JAEN | H7: HECTOR Y MANUEL | I7: 46055 | J7: 3 | K7: 31 | L7: 210 | M7: =CONCATENATE(J7,"-",K7,"-",L7) -> 3-31-210 | N7: =IFERROR(VLOOKUP(M7,'LISTA ITEMS (2)'!$E$2:$G$910,2,FALSE)," ") -> CABLE Nª 6 C/ALTERNA GRIS | O7: =IFERROR(VLOOKUP(M7,'LISTA ITEMS (2)'!$E$2:$G$910,3,FALSE)," ") -> MT | P7: 100 | Q7: INSTALACION DE INTERCAMBIADOR SPE 10KW | S7: 100
A8: 6 | B8: 1 | C8: 2 | F8: JESUS MORALES BUSTOS | G8: JAEN | H8: HECTOR Y MANUEL | I8: 46055 | J8: 3 | K8: 31 | L8: 212 | M8: =CONCATENATE(J8,"-",K8,"-",L8) -> 3-31-212 | N8: =IFERROR(VLOOKUP(M8,'LISTA ITEMS (2)'!$E$2:$G$910,2,FALSE)," ") -> CABLE Nª 6 C/ALTERNA AZUL | O8: =IFERROR(VLOOKUP(M8,'LISTA ITEMS (2)'!$E$2:$G$910,3,FALSE)," ") -> MT | P8: 100 | Q8: INSTALACION DE INTERCAMBIADOR SPE 10KW | S8: 100
A9: 7 | B9: 1 | C9: 2 | F9: JESUS MORALES BUSTOS | G9: JAEN | H9: HECTOR Y MANUEL | I9: 46055 | J9: 3 | K9: 31 | L9: 213 | M9: =CONCATENATE(J9,"-",K9,"-",L9) -> 3-31-213 | N9: =IFERROR(VLOOKUP(M9,'LISTA ITEMS (2)'!$E$2:$G$910,2,FALSE)," ") -> CABLE Nª 6 C/ALTERNA NEGRO | O9: =IFERROR(VLOOKUP(M9,'LISTA ITEMS (2)'!$E$2:$G$910,3,FALSE)," ") -> MT | P9: 100 | Q9: INSTALACION DE INTERCAMBIADOR SPE 10KW | S9: 100
A10: 8 | B10: 1 | C10: 2 | F10: JESUS MORALES BUSTOS | G10: JAEN | H10: HECTOR Y MANUEL | I10: 46055 | J10: 9 | K10: 32 | L10: 223 | M10: =CONCATENATE(J10,"-",K10,"-",L10) -> 9-32-223 | N10: =IFERROR(VLOOKUP(M10,'LISTA ITEMS (2)'!$E$2:$G$910,2,FALSE)," ") -> CURVA PVC M-25 GRIS TIPO A | O10: =IFERROR(VLOOKUP(M10,'LISTA ITEMS (2)'!$E$2:$G$910,3,FALSE)," ") -> UND | P10: =20*3 -> 60 | Q10: INSTALACION DE INTERCAMBIADOR SPE 10KW | S10: 22
A11: 9 | B11: 1 | C11: 2 | F11: JESUS MORALES BUSTOS | G11: JAEN | H11: HECTOR Y MANUEL | I11: 46055 | J11: 4 | K11: 15 | L11: 267 | M11: =CONCATENATE(J11,"-",K11,"-",L11) -> 4-15-267 | N11: =IFERROR(VLOOKUP(M11,'LISTA ITEMS (2)'!$E$2:$G$910,2,FALSE)," ") -> BARRA PERFORADA PARA REFUERZO 20X10X2MT GALV. | O11: =IFERROR(VLOOKUP(M11,'LISTA ITEMS (2)'!$E$2:$G$910,3,FALSE)," ") -> UND | P11: 30 | Q11: INSTALACION DE INTERCAMBIADOR SPE 10KW
A12: 10 | B12: 1 | C12: 2 | F12: JESUS MORALES BUSTOS | G12: JAEN | H12: HECTOR Y MANUEL | I12: 46055 | J12: 10 | K12: 42 | L12: 268 | M12: =CONCATENATE(J12,"-",K12,"-",L12) -> 10-42-268 | N12: =IFERROR(VLOOKUP(M12,'LISTA ITEMS (2)'!$E$2:$G$910,2,FALSE)," ") -> PATA ALUMINIO PARA ESTRUCTURA PLACA SOLAR ANGULO 30º | O12: =IFERROR(VLOOKUP(M12,'LISTA ITEMS (2)'!$E$2:$G$910,3,FALSE)," ") -> UND | P12: 20 | Q12: INSTALACION DE INTERCAMBIADOR SPE 10KW | S12: 10
A13: 11 | B13: 1 | C13: 2 | F13: JESUS MORALES BUSTOS | G13: JAEN | H13: HECTOR Y MANUEL | I13: 46055 | J13: 10 | K13: 15 | L13: 269 | M13: =CONCATENATE(J13,"-",K13,"-",L13) -> 10-15-269 | N13: =IFERROR(VLOOKUP(M13,'LISTA ITEMS (2)'!$E$2:$G$910,2,FALSE)," ") -> BARRA ALUMINIO PARA ESTRUCTURA 3.60mt | O13: =IFERROR(VLOOKUP(M13,'LISTA ITEMS (2)'!$E$2:$G$910,3,FALSE)," ") -> UND | P13: 20 | Q13: INSTALACION DE INTERCAMBIADOR SPE 10KW
A14: 12 | B14: 1 | C14: 2 | F14: JESUS MORALES BUSTOS | G14: JAEN | H14: HECTOR Y MANUEL | I14: 46055 | J14: 13 | K14: 25 | L14: 255 | M14: =CONCATENATE(J14,"-",K14,"-",L14) -> 13-25-255 | N14: =IFERROR(VLOOKUP(M14,'LISTA ITEMS (2)'!$E$2:$G$910,2,FALSE)," ") -> ANCLAJE PLASTICO MULTIUSO C/COLLARIN 10X61MM | O14: =IFERROR(VLOOKUP(M14,'LISTA ITEMS (2)'!$E$2:$G$910,3,FALSE)," ") -> UND | P14: 50 | Q14: INSTALACION DE INTERCAMBIADOR SPE 10KW | S14: 50
A15: 13 | B15: 1 | C15: 2 | F15: JESUS MORALES BUSTOS | G15: JAEN | H15: HECTOR Y MANUEL | I15: 46055 | J15: 10 | K15: 43 | L15: 270 | M15: =CONCATENATE(J15,"-",K15,"-",L15) -> 10-43-270 | N15: =IFERROR(VLOOKUP(M15,'LISTA ITEMS (2)'!$E$2:$G$910,2,FALSE)," ") -> EMPALME ALUMINIO P/BARRA | O15: =IFERROR(VLOOKUP(M15,'LISTA ITEMS (2)'!$E$2:$G$910,3,FALSE)," ") -> UND | P15: 15 | Q15: INSTALACION DE INTERCAMBIADOR SPE 10KW | S15: 15
A16: 14 | B16: 1 | C16: 2 | F16: JESUS MORALES BUSTOS | G16: JAEN | H16: HECTOR Y MANUEL | I16: 46055 | J16: 17 | K16: 44 | L16: 271 | M16: =CONCATENATE(J16,"-",K16,"-",L16) -> 17-44-271 | N16: =IFERROR(VLOOKUP(M16,'LISTA ITEMS (2)'!$E$2:$G$910,2,FALSE)," ") -> SELLANTE QUIMICO BLANCO | O16: =IFERROR(VLOOKUP(M16,'LISTA ITEMS (2)'!$E$2:$G$910,3,FALSE)," ") -> UND | P16: 1 | Q16: INSTALACION DE INTERCAMBIADOR SPE 10KW | S16: 2
A17: 15 | B17: 1 | C17: 2 | F17: JESUS MORALES BUSTOS | G17: JAEN | H17: HECTOR Y MANUEL | I17: 46055 | J17: 17 | K17: 44 | L17: 272 | M17: =CONCATENATE(J17,"-",K17,"-",L17) -> 17-44-272 | N17: =IFERROR(VLOOKUP(M17,'LISTA ITEMS (2)'!$E$2:$G$910,2,FALSE)," ") -> SELLANTE QUIMICO GRIS | O17: =IFERROR(VLOOKUP(M17,'LISTA ITEMS (2)'!$E$2:$G$910,3,FALSE)," ") -> UND | P17: 1 | Q17: INSTALACION DE INTERCAMBIADOR SPE 10KW | S17: 0.5
A18: 16 | B18: 1 | C18: 2 | F18: JESUS MORALES BUSTOS | G18: JAEN | H18: HECTOR Y MANUEL | I18: 46055 | J18: 7 | K18: 35 | L18: 274 | M18: =CONCATENATE(J18,"-",K18,"-",L18) -> 7-35-274 | N18: =IFERROR(VLOOKUP(M18,'LISTA ITEMS (2)'!$E$2:$G$910,2,FALSE)," ") -> INVERSOR HIBRIDO MONOFASICO SPE 10000ES 10KW BATER. BAJO VOLTAJE Y BACKUP INCORP. (GROWATT) | O18: =IFERROR(VLOOKUP(M18,'LISTA ITEMS (2)'!$E$2:$G$910,3,FALSE)," ") -> UND | P18: 1 | Q18: INSTALACION DE INTERCAMBIADOR SPE 10KW S/N HAQ1F4P4JV
A19: 17 | B19: 1 | C19: 2 | F19: JESUS MORALES BUSTOS | G19: JAEN | H19: HECTOR Y MANUEL | I19: 46055 | J19: 16 | K19: 45 | L19: 275 | M19: =CONCATENATE(J19,"-",K19,"-",L19) -> 16-45-275 | N19: =IFERROR(VLOOKUP(M19,'LISTA ITEMS (2)'!$E$2:$G$910,2,FALSE)," ") -> CAJA DISTRIBUCION INTERIOR 18 ELEM. (SOLERA) | O19: =IFERROR(VLOOKUP(M19,'LISTA ITEMS (2)'!$E$2:$G$910,3,FALSE)," ") -> UND | P19: 1 | Q19: INSTALACION DE INTERCAMBIADOR SPE 10KW S/N HAQ1F4P4JV
A20: 18 | B20: 1 | C20: 2 | F20: JESUS MORALES BUSTOS | G20: JAEN | H20: HECTOR Y MANUEL | I20: 46055 | J20: 16 | K20: 45 | L20: 276 | M20: =CONCATENATE(J20,"-",K20,"-",L20) -> 16-45-276 | N20: =IFERROR(VLOOKUP(M20,'LISTA ITEMS (2)'!$E$2:$G$910,2,FALSE)," ") -> CAJA ESTANCA (COCHERA) EXTERIOR 18PT (IDE) | O20: =IFERROR(VLOOKUP(M20,'LISTA ITEMS (2)'!$E$2:$G$910,3,FALSE)," ") -> UND | P20: 1 | Q20: INSTALACION DE INTERCAMBIADOR SPE 10KW S/N HAQ1F4P4JV
A21: 19 | B21: 1 | C21: 2 | F21: JESUS MORALES BUSTOS | G21: JAEN | H21: HECTOR Y MANUEL | I21: 46055 | J21: 3 | K21: 31 | L21: 277 | M21: =CONCATENATE(J21,"-",K21,"-",L21) -> 3-31-277 | N21: =IFERROR(VLOOKUP(M21,'LISTA ITEMS (2)'!$E$2:$G$910,2,FALSE)," ") -> CABLE Nª 6 P/PLACA SOLAR NEGRO | O21: =IFERROR(VLOOKUP(M21,'LISTA ITEMS (2)'!$E$2:$G$910,3,FALSE)," ") -> MT | P21: 30 | Q21: INSTALACION DE INTERCAMBIADOR SPE 10KW S/N HAQ1F4P4JV
A22: 20 | B22: 1 | C22: 2 | F22: JESUS MORALES BUSTOS | G22: JAEN | H22: HECTOR Y MANUEL | I22: 46055 | J22: 3 | K22: 31 | L22: 278 | M22: =CONCATENATE(J22,"-",K22,"-",L22) -> 3-31-278 | N22: =IFERROR(VLOOKUP(M22,'LISTA ITEMS (2)'!$E$2:$G$910,2,FALSE)," ") -> CABLE Nª 6 P/PLACA SOLAR ROJO | O22: =IFERROR(VLOOKUP(M22,'LISTA ITEMS (2)'!$E$2:$G$910,3,FALSE)," ") -> MT | P22: 30 | Q22: INSTALACION DE INTERCAMBIADOR SPE 10KW S/N HAQ1F4P4JV
A23: 21 | B23: 1 | C23: 2 | F23: JESUS MORALES BUSTOS | G23: JAEN | H23: HECTOR Y MANUEL | I23: 46055 | J23: 16 | K23: 46 | L23: 279 | M23: =CONCATENATE(J23,"-",K23,"-",L23) -> 16-46-279 | N23: =IFERROR(VLOOKUP(M23,'LISTA ITEMS (2)'!$E$2:$G$910,2,FALSE)," ") -> MANGUERA CORRUGADA 25mm NEGRA | O23: =IFERROR(VLOOKUP(M23,'LISTA ITEMS (2)'!$E$2:$G$910,3,FALSE)," ") -> MT | P23: 1 | Q23: INSTALACION DE INTERCAMBIADOR SPE 10KW S/N HAQ1F4P4JV | S23: 1
A24: 22 | B24: 1 | C24: 2 | F24: JESUS MORALES BUSTOS | G24: JAEN | H24: HECTOR Y MANUEL | I24: 46055 | J24: 3 | K24: 31 | L24: 222 | M24: =CONCATENATE(J24,"-",K24,"-",L24) -> 3-31-222 | N24: =IFERROR(VLOOKUP(M24,'LISTA ITEMS (2)'!$E$2:$G$910,2,FALSE)," ") -> CABLE Nª 10 C/ALTERNA NEGRO | O24: =IFERROR(VLOOKUP(M24,'LISTA ITEMS (2)'!$E$2:$G$910,3,FALSE)," ") -> MT | P24: 100 | Q24: INSTALACION DE INTERCAMBIADOR SPE 10KW S/N HAQ1F4P4JV | S24: 88
A25: 23 | B25: 1 | C25: 2 | F25: JESUS MORALES BUSTOS | G25: JAEN | H25: HECTOR Y MANUEL | I25: 46055 | J25: 3 | K25: 31 | L25: 221 | M25: =CONCATENATE(J25,"-",K25,"-",L25) -> 3-31-221 | N25: =IFERROR(VLOOKUP(M25,'LISTA ITEMS (2)'!$E$2:$G$910,2,FALSE)," ") -> CABLE Nª 10 C/ALTERNA AZUL | O25: =IFERROR(VLOOKUP(M25,'LISTA ITEMS (2)'!$E$2:$G$910,3,FALSE)," ") -> MT | P25: 100 | Q25: INSTALACION DE INTERCAMBIADOR SPE 10KW S/N HAQ1F4P4JV | S25: 88
A26: 24 | B26: 1 | C26: 2 | F26: JESUS MORALES BUSTOS | G26: JAEN | H26: HECTOR Y MANUEL | I26: 46055 | J26: 3 | K26: 31 | L26: 220 | M26: =CONCATENATE(J26,"-",K26,"-",L26) -> 3-31-220 | N26: =IFERROR(VLOOKUP(M26,'LISTA ITEMS (2)'!$E$2:$G$910,2,FALSE)," ") -> CABLE Nª 10 C/ALTERNA GRIS | O26: =IFERROR(VLOOKUP(M26,'LISTA ITEMS (2)'!$E$2:$G$910,3,FALSE)," ") -> MT | P26: 100 | Q26: INSTALACION DE INTERCAMBIADOR SPE 10KW S/N HAQ1F4P4JV | S26: 88
A27: 25 | B27: 1 | C27: 2 | F27: JESUS MORALES BUSTOS | G27: JAEN | H27: HECTOR Y MANUEL | I27: 46055 | J27: 3 | K27: 31 | L27: 219 | M27: =CONCATENATE(J27,"-",K27,"-",L27) -> 3-31-219 | N27: =IFERROR(VLOOKUP(M27,'LISTA ITEMS (2)'!$E$2:$G$910,2,FALSE)," ") -> CABLE Nª 10 C/ALTERNA MARRON | O27: =IFERROR(VLOOKUP(M27,'LISTA ITEMS (2)'!$E$2:$G$910,3,FALSE)," ") -> MT | P27: 100 | Q27: INSTALACION DE INTERCAMBIADOR SPE 10KW S/N HAQ1F4P4JV | S27: 88
A28: 26 | B28: 1 | C28: 2 | F28: JESUS MORALES BUSTOS | G28: JAEN | H28: HECTOR Y MANUEL | I28: 46055 | J28: 3 | K28: 31 | L28: 218 | M28: =CONCATENATE(J28,"-",K28,"-",L28) -> 3-31-218 | N28: =IFERROR(VLOOKUP(M28,'LISTA ITEMS (2)'!$E$2:$G$910,2,FALSE)," ") -> CABLE Nª 10 C/ALTERNA VERDE/AMARILLO | O28: =IFERROR(VLOOKUP(M28,'LISTA ITEMS (2)'!$E$2:$G$910,3,FALSE)," ") -> MT | P28: 60 | Q28: INSTALACION DE INTERCAMBIADOR SPE 10KW S/N HAQ1F4P4JV | S28: 88
A29: 27 | B29: 1 | C29: 2 | F29: JESUS MORALES BUSTOS | G29: JAEN | H29: HECTOR Y MANUEL | I29: 46055 | J29: 16 | K29: 47 | L29: 280 | M29: =CONCATENATE(J29,"-",K29,"-",L29) -> 16-47-280 | N29: =IFERROR(VLOOKUP(M29,'LISTA ITEMS (2)'!$E$2:$G$910,2,FALSE)," ") -> DIFERENCIAL EPR2A063030 2P-63A-30mA (MAXGE) | O29: =IFERROR(VLOOKUP(M29,'LISTA ITEMS (2)'!$E$2:$G$910,3,FALSE)," ") -> UND | P29: 2 | Q29: INSTALACION DE INTERCAMBIADOR SPE 10KW S/N HAQ1F4P4JV | S29: 1
A30: 28 | B30: 1 | C30: 2 | F30: JESUS MORALES BUSTOS | G30: JAEN | H30: HECTOR Y MANUEL | I30: 46055 | J30: 16 | K30: 48 | L30: 281 | M30: =CONCATENATE(J30,"-",K30,"-",L30) -> 16-48-281 | N30: =IFERROR(VLOOKUP(M30,'LISTA ITEMS (2)'!$E$2:$G$910,2,FALSE)," ") -> PORTA FUSIBLE SGF-32-DC (MAXGE) | O30: =IFERROR(VLOOKUP(M30,'LISTA ITEMS (2)'!$E$2:$G$910,3,FALSE)," ") -> UND | P30: 4 | Q30: INSTALACION DE INTERCAMBIADOR SPE 10KW S/N HAQ1F4P4JV
A31: 29 | B31: 1 | C31: 2 | F31: JESUS MORALES BUSTOS | G31: JAEN | H31: HECTOR Y MANUEL | I31: 46055 | J31: 16 | K31: 49 | L31: 282 | M31: =CONCATENATE(J31,"-",K31,"-",L31) -> 16-49-282 | N31: =IFERROR(VLOOKUP(M31,'LISTA ITEMS (2)'!$E$2:$G$910,2,FALSE)," ") -> CONTACTOR MODULAR RV32 (REVALCO) | O31: =IFERROR(VLOOKUP(M31,'LISTA ITEMS (2)'!$E$2:$G$910,3,FALSE)," ") -> UND | P31: 1 | Q31: INSTALACION DE INTERCAMBIADOR SPE 10KW S/N HAQ1F4P4JV
A32: 30 | B32: 1 | C32: 2 | F32: JESUS MORALES BUSTOS | G32: JAEN | H32: HECTOR Y MANUEL | I32: 46055 | J32: 16 | K32: 50 | L32: 283 | M32: =CONCATENATE(J32,"-",K32,"-",L32) -> 16-50-283 | N32: =IFERROR(VLOOKUP(M32,'LISTA ITEMS (2)'!$E$2:$G$910,2,FALSE)," ") -> FUSIBLE 32A-1000VDC (SASSIN) | O32: =IFERROR(VLOOKUP(M32,'LISTA ITEMS (2)'!$E$2:$G$910,3,FALSE)," ") -> UND | P32: 10 | Q32: INSTALACION DE INTERCAMBIADOR SPE 10KW S/N HAQ1F4P4JV | S32: 6
A33: 31 | B33: 1 | C33: 2 | F33: JESUS MORALES BUSTOS | G33: JAEN | H33: HECTOR Y MANUEL | I33: 46055 | J33: 16 | K33: 51 | L33: 284 | M33: =CONCATENATE(J33,"-",K33,"-",L33) -> 16-51-284 | N33: =IFERROR(VLOOKUP(M33,'LISTA ITEMS (2)'!$E$2:$G$910,2,FALSE)," ") -> LIMITADOR MONOFASICO 3SU1 15/30kA-275V (SASSIN) | O33: =IFERROR(VLOOKUP(M33,'LISTA ITEMS (2)'!$E$2:$G$910,3,FALSE)," ") -> UND | P33: 1 | Q33: INSTALACION DE INTERCAMBIADOR SPE 10KW S/N HAQ1F4P4JV
A34: 32 | B34: 1 | C34: 2 | F34: JESUS MORALES BUSTOS | G34: JAEN | H34: HECTOR Y MANUEL | I34: 46055 | J34: 16 | K34: 52 | L34: 285 | M34: =CONCATENATE(J34,"-",K34,"-",L34) -> 16-52-285 | N34: =IFERROR(VLOOKUP(M34,'LISTA ITEMS (2)'!$E$2:$G$910,2,FALSE)," ") -> TERMICO EPBE63M1NC63 1P+N C63 (MAXGE) | O34: =IFERROR(VLOOKUP(M34,'LISTA ITEMS (2)'!$E$2:$G$910,3,FALSE)," ") -> UND | P34: 2 | Q34: INSTALACION DE INTERCAMBIADOR SPE 10KW S/N HAQ1F4P4JV | S34: 1
A35: 33 | B35: 2 | C35: 4 | F35: ILDEFONSO MONILLAS CAMPAN | G35: MANCHA REAL | H35: HECTOR Y JAVI | I35: 46179 | J35: 13 | K35: 21 | L35: 181 | M35: =CONCATENATE(J35,"-",K35,"-",L35) -> 13-21-181 | N35: =IFERROR(VLOOKUP(M35,'LISTA ITEMS (2)'!$E$2:$G$910,2,FALSE)," ") -> TACO P/BRIDA NEGRO | O35: =IFERROR(VLOOKUP(M35,'LISTA ITEMS (2)'!$E$2:$G$910,3,FALSE)," ") -> UND | P35: 100 | Q35: INSTALACION DE 8 PLACAS | S35: 100
A36: 34 | B36: 2 | C36: 4 | F36: ILDEFONSO MONILLAS CAMPAN | G36: MANCHA REAL | H36: HECTOR Y JAVI | I36: 46179 | J36: 13 | K36: 22 | L36: 183 | M36: =CONCATENATE(J36,"-",K36,"-",L36) -> 13-22-183 | N36: =IFERROR(VLOOKUP(M36,'LISTA ITEMS (2)'!$E$2:$G$910,2,FALSE)," ") -> BRIDA P/INTERIOR NEGRA | O36: =IFERROR(VLOOKUP(M36,'LISTA ITEMS (2)'!$E$2:$G$910,3,FALSE)," ") -> UND | P36: 100 | Q36: INSTALACION DE 8 PLACAS | S36: 100
A37: 35 | B37: 2 | C37: 4 | F37: ILDEFONSO MONILLAS CAMPAN | G37: MANCHA REAL | H37: HECTOR Y JAVI | I37: 46179 | J37: 13 | K37: 22 | L37: 184 | M37: =CONCATENATE(J37,"-",K37,"-",L37) -> 13-22-184 | N37: =IFERROR(VLOOKUP(M37,'LISTA ITEMS (2)'!$E$2:$G$910,2,FALSE)," ") -> BRIDA P/EXTERIOR NEGRA | O37: =IFERROR(VLOOKUP(M37,'LISTA ITEMS (2)'!$E$2:$G$910,3,FALSE)," ") -> UND | P37: 50 | Q37: INSTALACION DE 8 PLACAS | S37: 50
A38: 36 | B38: 2 | C38: 4 | F38: ILDEFONSO MONILLAS CAMPAN | G38: MANCHA REAL | H38: HECTOR Y JAVI | I38: 46179 | J38: 10 | K38: 37 | L38: 232 | M38: =CONCATENATE(J38,"-",K38,"-",L38) -> 10-37-232 | N38: =IFERROR(VLOOKUP(M38,'LISTA ITEMS (2)'!$E$2:$G$910,2,FALSE)," ") -> SOPORTE CENTRAL NEGRO | O38: =IFERROR(VLOOKUP(M38,'LISTA ITEMS (2)'!$E$2:$G$910,3,FALSE)," ") -> UND | P38: 25 | Q38: INSTALACION DE 8 PLACAS | S38: 25
A39: 37 | B39: 2 | C39: 4 | F39: ILDEFONSO MONILLAS CAMPAN | G39: MANCHA REAL | H39: HECTOR Y JAVI | I39: 46179 | J39: 10 | K39: 37 | L39: 315 | M39: =CONCATENATE(J39,"-",K39,"-",L39) -> 10-37-315 | N39: =IFERROR(VLOOKUP(M39,'LISTA ITEMS (2)'!$E$2:$G$910,2,FALSE)," ") -> SOPORTE FINAL NEGRO | O39: =IFERROR(VLOOKUP(M39,'LISTA ITEMS (2)'!$E$2:$G$910,3,FALSE)," ") -> UND | P39: 25 | Q39: INSTALACION DE 8 PLACAS | S39: 25
A40: 38 | B40: 2 | C40: 4 | F40: ILDEFONSO MONILLAS CAMPAN | G40: MANCHA REAL | H40: HECTOR Y JAVI | I40: 46179 | J40: 6 | K40: 23 | L40: 192 | M40: =CONCATENATE(J40,"-",K40,"-",L40) -> 6-23-192 | N40: =IFERROR(VLOOKUP(M40,'LISTA ITEMS (2)'!$E$2:$G$910,2,FALSE)," ") -> CINTA ACERO PERFORADA PARA MONTAJE | O40: =IFERROR(VLOOKUP(M40,'LISTA ITEMS (2)'!$E$2:$G$910,3,FALSE)," ") -> UND | P40: 3 | Q40: INSTALACION DE 8 PLACAS | S40: 1.5
A41: 39 | B41: 2 | C41: 4 | F41: ILDEFONSO MONILLAS CAMPAN | G41: MANCHA REAL | H41: HECTOR Y JAVI | I41: 46179 | J41: 16 | K41: 45 | L41: 294 | M41: =CONCATENATE(J41,"-",K41,"-",L41) -> 16-45-294 | N41: =IFERROR(VLOOKUP(M41,'LISTA ITEMS (2)'!$E$2:$G$910,2,FALSE)," ") -> CAJA DE ESTANCA 133X180X80 EV161 (IDE) | O41: =IFERROR(VLOOKUP(M41,'LISTA ITEMS (2)'!$E$2:$G$910,3,FALSE)," ") -> UND | P41: 1 | Q41: INSTALACION DE 8 PLACAS
A42: 40 | B42: 2 | C42: 4 | F42: ILDEFONSO MONILLAS CAMPAN | G42: MANCHA REAL | H42: HECTOR Y JAVI | I42: 46179 | J42: 10 | K42: 43 | L42: 270 | M42: =CONCATENATE(J42,"-",K42,"-",L42) -> 10-43-270 | N42: =IFERROR(VLOOKUP(M42,'LISTA ITEMS (2)'!$E$2:$G$910,2,FALSE)," ") -> EMPALME ALUMINIO P/BARRA | O42: =IFERROR(VLOOKUP(M42,'LISTA ITEMS (2)'!$E$2:$G$910,3,FALSE)," ") -> UND | P42: 8 | Q42: INSTALACION DE 8 PLACAS | S42: 8
A43: 41 | B43: 2 | C43: 4 | F43: ILDEFONSO MONILLAS CAMPAN | G43: MANCHA REAL | H43: HECTOR Y JAVI | I43: 46179 | J43: 16 | K43: 45 | L43: 276 | M43: =CONCATENATE(J43,"-",K43,"-",L43) -> 16-45-276 | N43: =IFERROR(VLOOKUP(M43,'LISTA ITEMS (2)'!$E$2:$G$910,2,FALSE)," ") -> CAJA ESTANCA (COCHERA) EXTERIOR 18PT (IDE) | O43: =IFERROR(VLOOKUP(M43,'LISTA ITEMS (2)'!$E$2:$G$910,3,FALSE)," ") -> UND | P43: 1 | Q43: INSTALACION DE 8 PLACAS | S43: 1
A44: 42 | B44: 2 | C44: 4 | F44: ILDEFONSO MONILLAS CAMPAN | G44: MANCHA REAL | H44: HECTOR Y JAVI | I44: 46179 | J44: 16 | K44: 45 | L44: 317 | M44: =CONCATENATE(J44,"-",K44,"-",L44) -> 16-45-317 | N44: =IFERROR(VLOOKUP(M44,'LISTA ITEMS (2)'!$E$2:$G$910,2,FALSE)," ") -> CAJA DISTRIBUCION INTERIOR 8 ELEM. (SOLERA) | O44: =IFERROR(VLOOKUP(M44,'LISTA ITEMS (2)'!$E$2:$G$910,3,FALSE)," ") -> UND | P44: 1 | Q44: INSTALACION DE 8 PLACAS | S44: 1
A45: 43 | B45: 2 | C45: 4 | F45: ILDEFONSO MONILLAS CAMPAN | G45: MANCHA REAL | H45: HECTOR Y JAVI | I45: 46179 | J45: 16 | K45: 47 | L45: 318 | M45: =CONCATENATE(J45,"-",K45,"-",L45) -> 16-47-318 | N45: =IFERROR(VLOOKUP(M45,'LISTA ITEMS (2)'!$E$2:$G$910,2,FALSE)," ") -> DIFERENCIAL EPR2A040030 2P-40A-30mA (MAXGE) | O45: =IFERROR(VLOOKUP(M45,'LISTA ITEMS (2)'!$E$2:$G$910,3,FALSE)," ") -> UND | P45: 1 | Q45: INSTALACION DE 8 PLACAS
A46: 44 | B46: 2 | C46: 4 | F46: ILDEFONSO MONILLAS CAMPAN | G46: MANCHA REAL | H46: HECTOR Y JAVI | I46: 46179 | J46: 16 | K46: 52 | L46: 319 | M46: =CONCATENATE(J46,"-",K46,"-",L46) -> 16-52-319 | N46: =IFERROR(VLOOKUP(M46,'LISTA ITEMS (2)'!$E$2:$G$910,2,FALSE)," ") -> TERMICO EPBE63M1NC25 1P+N C25 (MAXGE) | O46: =IFERROR(VLOOKUP(M46,'LISTA ITEMS (2)'!$E$2:$G$910,3,FALSE)," ") -> UND | P46: 1 | Q46: INSTALACION DE 8 PLACAS
A47: 45 | B47: 2 | C47: 4 | F47: ILDEFONSO MONILLAS CAMPAN | G47: MANCHA REAL | H47: HECTOR Y JAVI | I47: 46179 | J47: 16 | K47: 45 | L47: 275 | M47: =CONCATENATE(J47,"-",K47,"-",L47) -> 16-45-275 | N47: =IFERROR(VLOOKUP(M47,'LISTA ITEMS (2)'!$E$2:$G$910,2,FALSE)," ") -> CAJA DISTRIBUCION INTERIOR 18 ELEM. (SOLERA) | O47: =IFERROR(VLOOKUP(M47,'LISTA ITEMS (2)'!$E$2:$G$910,3,FALSE)," ") -> UND | P47: 1 | Q47: INSTALACION DE 8 PLACAS | S47: 1
A48: 46 | B48: 2 | C48: 4 | F48: ILDEFONSO MONILLAS CAMPAN | G48: MANCHA REAL | H48: HECTOR Y JAVI | I48: 46179 | J48: 16 | K48: 45 | L48: 299 | M48: =CONCATENATE(J48,"-",K48,"-",L48) -> 16-45-299 | N48: =IFERROR(VLOOKUP(M48,'LISTA ITEMS (2)'!$E$2:$G$910,2,FALSE)," ") -> CAJA ESTANCA (COCHERA) EXTERIOR 8PT (IDE) | O48: =IFERROR(VLOOKUP(M48,'LISTA ITEMS (2)'!$E$2:$G$910,3,FALSE)," ") -> UND | P48: 1 | Q48: INSTALACION DE 8 PLACAS
A49: 47 | B49: 2 | C49: 4 | F49: ILDEFONSO MONILLAS CAMPAN | G49: MANCHA REAL | H49: HECTOR Y JAVI | I49: 46179 | J49: 10 | K49: 42 | L49: 268 | M49: =CONCATENATE(J49,"-",K49,"-",L49) -> 10-42-268 | N49: =IFERROR(VLOOKUP(M49,'LISTA ITEMS (2)'!$E$2:$G$910,2,FALSE)," ") -> PATA ALUMINIO PARA ESTRUCTURA PLACA SOLAR ANGULO 30º | O49: =IFERROR(VLOOKUP(M49,'LISTA ITEMS (2)'!$E$2:$G$910,3,FALSE)," ") -> UND | P49: 8 | Q49: INSTALACION DE 8 PLACAS | S49: 8
A50: 48 | B50: 2 | C50: 4 | F50: ILDEFONSO MONILLAS CAMPAN | G50: MANCHA REAL | H50: HECTOR Y JAVI | I50: 46179 | J50: 16 | K50: 31 | L50: 320 | M50: =CONCATENATE(J50,"-",K50,"-",L50) -> 16-31-320 | N50: =IFERROR(VLOOKUP(M50,'LISTA ITEMS (2)'!$E$2:$G$910,2,FALSE)," ") -> JUEGO CABLE PARA BATERIA DE LITIO B4850 | O50: =IFERROR(VLOOKUP(M50,'LISTA ITEMS (2)'!$E$2:$G$910,3,FALSE)," ") -> UND | P50: 1 | Q50: INSTALACION DE 8 PLACAS
A51: 49 | B51: 2 | C51: 4 | F51: ILDEFONSO MONILLAS CAMPAN | G51: MANCHA REAL | H51: HECTOR Y JAVI | I51: 46179 | J51: 17 | K51: 44 | L51: 271 | M51: =CONCATENATE(J51,"-",K51,"-",L51) -> 17-44-271 | N51: =IFERROR(VLOOKUP(M51,'LISTA ITEMS (2)'!$E$2:$G$910,2,FALSE)," ") -> SELLANTE QUIMICO BLANCO | O51: =IFERROR(VLOOKUP(M51,'LISTA ITEMS (2)'!$E$2:$G$910,3,FALSE)," ") -> UND | P51: 1 | Q51: INSTALACION DE 8 PLACAS | S51: 1
A52: 50 | B52: 2 | C52: 4 | F52: ILDEFONSO MONILLAS CAMPAN | G52: MANCHA REAL | H52: HECTOR Y JAVI | I52: 46179 | J52: 17 | K52: 44 | L52: 272 | M52: =CONCATENATE(J52,"-",K52,"-",L52) -> 17-44-272 | N52: =IFERROR(VLOOKUP(M52,'LISTA ITEMS (2)'!$E$2:$G$910,2,FALSE)," ") -> SELLANTE QUIMICO GRIS | O52: =IFERROR(VLOOKUP(M52,'LISTA ITEMS (2)'!$E$2:$G$910,3,FALSE)," ") -> UND | P52: 1 | Q52: INSTALACION DE 8 PLACAS | S52: 1
A53: 51 | B53: 2 | C53: 4 | F53: ILDEFONSO MONILLAS CAMPAN | G53: MANCHA REAL | H53: HECTOR Y JAVI | I53: 46179 | J53: 8 | K53: 27 | L53: 321 | M53: =CONCATENATE(J53,"-",K53,"-",L53) -> 8-27-321 | N53: =IFERROR(VLOOKUP(M53,'LISTA ITEMS (2)'!$E$2:$G$910,2,FALSE)," ") -> TORNILLO AUTOTALADRANTE CON C/HEXAGONAL - R/PARCIAL - ARANDELA CAUCHO 6X120mm A/GALV. | O53: =IFERROR(VLOOKUP(M53,'LISTA ITEMS (2)'!$E$2:$G$910,3,FALSE)," ") -> UND | P53: 20 | Q53: INSTALACION DE 8 PLACAS | S53: 20
A54: 52 | B54: 2 | C54: 4 | F54: ILDEFONSO MONILLAS CAMPAN | G54: MANCHA REAL | H54: HECTOR Y JAVI | I54: 46179 | J54: 16 | K54: 59 | L54: 322 | M54: =CONCATENATE(J54,"-",K54,"-",L54) -> 16-59-322 | N54: =IFERROR(VLOOKUP(M54,'LISTA ITEMS (2)'!$E$2:$G$910,2,FALSE)," ") -> CLAVIJA CAUCHO NEGRA 10/16A | O54: =IFERROR(VLOOKUP(M54,'LISTA ITEMS (2)'!$E$2:$G$910,3,FALSE)," ") -> UND | P54: 1 | Q54: INSTALACION DE 8 PLACAS
A55: 53 | B55: 2 | C55: 4 | F55: ILDEFONSO MONILLAS CAMPAN | G55: MANCHA REAL | H55: HECTOR Y JAVI | I55: 46179 | J55: 9 | K55: 2 | L55: 291 | M55: =CONCATENATE(J55,"-",K55,"-",L55) -> 9-2-291 | N55: =IFERROR(VLOOKUP(M55,'LISTA ITEMS (2)'!$E$2:$G$910,2,FALSE)," ") -> TUBO ELECTRICO PVC 25mm - 3mt(AISCAN) | O55: =IFERROR(VLOOKUP(M55,'LISTA ITEMS (2)'!$E$2:$G$910,3,FALSE)," ") -> UND | P55: 8 | Q55: INSTALACION DE 8 PLACAS | S55: 6
A56: 54 | B56: 2 | C56: 4 | F56: ILDEFONSO MONILLAS CAMPAN | G56: MANCHA REAL | H56: HECTOR Y JAVI | I56: 46179 | J56: 10 | K56: 15 | L56: 269 | M56: =CONCATENATE(J56,"-",K56,"-",L56) -> 10-15-269 | N56: =IFERROR(VLOOKUP(M56,'LISTA ITEMS (2)'!$E$2:$G$910,2,FALSE)," ") -> BARRA ALUMINIO PARA ESTRUCTURA 3.60mt | O56: =IFERROR(VLOOKUP(M56,'LISTA ITEMS (2)'!$E$2:$G$910,3,FALSE)," ") -> UND | P56: 10 | Q56: INSTALACION DE 8 PLACAS
A57: 55 | B57: 2 | C57: 4 | F57: ILDEFONSO MONILLAS CAMPAN | G57: MANCHA REAL | H57: HECTOR Y JAVI | I57: 46179 | J57: 7 | K57: 38 | L57: 247 | M57: =CONCATENATE(J57,"-",K57,"-",L57) -> 7-38-247 | N57: =IFERROR(VLOOKUP(M57,'LISTA ITEMS (2)'!$E$2:$G$910,2,FALSE)," ") -> PLACA SOLAR JAM60D42-535LB 535W / 44.13V | O57: =IFERROR(VLOOKUP(M57,'LISTA ITEMS (2)'!$E$2:$G$910,3,FALSE)," ") -> UND | P57: 8 | Q57: INSTALACION DE 8 PLACAS | S57: 8
A58: 56 | B58: 2 | C58: 4 | F58: ILDEFONSO MONILLAS CAMPAN | G58: MANCHA REAL | H58: HECTOR Y JAVI | I58: 46179 | J58: 7 | K58: 54 | L58: 323 | M58: =CONCATENATE(J58,"-",K58,"-",L58) -> 7-54-323 | N58: =IFERROR(VLOOKUP(M58,'LISTA ITEMS (2)'!$E$2:$G$910,2,FALSE)," ") -> BATERIA LPF LITHIUM B3 (DYNESS) | O58: =IFERROR(VLOOKUP(M58,'LISTA ITEMS (2)'!$E$2:$G$910,3,FALSE)," ") -> UND | P58: 3 | Q58: INSTALACION DE 8 PLACAS
A59: 57 | B59: 2 | C59: 4 | F59: ILDEFONSO MONILLAS CAMPAN | G59: MANCHA REAL | H59: HECTOR Y JAVI | I59: 46179 | J59: 14 | K59: 24 | L59: 193 | M59: =CONCATENATE(J59,"-",K59,"-",L59) -> 14-24-193 | N59: =IFERROR(VLOOKUP(M59,'LISTA ITEMS (2)'!$E$2:$G$910,2,FALSE)," ") -> DISCO CORTE ACERO/INOX A1 2EN1 | O59: =IFERROR(VLOOKUP(M59,'LISTA ITEMS (2)'!$E$2:$G$910,3,FALSE)," ") -> UND | P59: 3 | Q59: INSTALACION DE 8 PLACAS | S59: 1
A60: 58 | B60: 2 | C60: 4 | F60: ILDEFONSO MONILLAS CAMPAN | G60: MANCHA REAL | H60: HECTOR Y JAVI | I60: 46179 | J60: 16 | K60: 60 | L60: 324 | M60: =CONCATENATE(J60,"-",K60,"-",L60) -> 16-60-324 | N60: =IFERROR(VLOOKUP(M60,'LISTA ITEMS (2)'!$E$2:$G$910,2,FALSE)," ") -> REGLETA CONEXIÓN ELECTRICA 35mm NEGRA 12Puntos | O60: =IFERROR(VLOOKUP(M60,'LISTA ITEMS (2)'!$E$2:$G$910,3,FALSE)," ") -> UND | P60: 1 | Q60: INSTALACION DE 8 PLACAS
A61: 59 | B61: 2 | C61: 4 | F61: ILDEFONSO MONILLAS CAMPAN | G61: MANCHA REAL | H61: HECTOR Y JAVI | I61: 46179 | J61: 16 | K61: 60 | L61: 325 | M61: =CONCATENATE(J61,"-",K61,"-",L61) -> 16-60-325 | N61: =IFERROR(VLOOKUP(M61,'LISTA ITEMS (2)'!$E$2:$G$910,2,FALSE)," ") -> REGLETA CONEXIÓN ELECTRICA 16mm NEGRA | O61: =IFERROR(VLOOKUP(M61,'LISTA ITEMS (2)'!$E$2:$G$910,3,FALSE)," ") -> UND | P61: 1 | Q61: INSTALACION DE 8 PLACAS
A62: 60 | B62: 2 | C62: 4 | F62: ILDEFONSO MONILLAS CAMPAN | G62: MANCHA REAL | H62: HECTOR Y JAVI | I62: 46179 | J62: 3 | K62: 31 | L62: 277 | M62: =CONCATENATE(J62,"-",K62,"-",L62) -> 3-31-277 | N62: =IFERROR(VLOOKUP(M62,'LISTA ITEMS (2)'!$E$2:$G$910,2,FALSE)," ") -> CABLE Nª 6 P/PLACA SOLAR NEGRO | O62: =IFERROR(VLOOKUP(M62,'LISTA ITEMS (2)'!$E$2:$G$910,3,FALSE)," ") -> MT | P62: 15 | Q62: INSTALACION DE 8 PLACAS | S62: 15
A63: 61 | B63: 2 | C63: 4 | F63: ILDEFONSO MONILLAS CAMPAN | G63: MANCHA REAL | H63: HECTOR Y JAVI | I63: 46179 | J63: 3 | K63: 31 | L63: 278 | M63: =CONCATENATE(J63,"-",K63,"-",L63) -> 3-31-278 | N63: =IFERROR(VLOOKUP(M63,'LISTA ITEMS (2)'!$E$2:$G$910,2,FALSE)," ") -> CABLE Nª 6 P/PLACA SOLAR ROJO | O63: =IFERROR(VLOOKUP(M63,'LISTA ITEMS (2)'!$E$2:$G$910,3,FALSE)," ") -> MT | P63: 15 | Q63: INSTALACION DE 8 PLACAS | S63: 15
A64: 62 | B64: 2 | C64: 4 | F64: ILDEFONSO MONILLAS CAMPAN | G64: MANCHA REAL | H64: HECTOR Y JAVI | I64: 46179 | J64: 4 | K64: 15 | L64: 326 | M64: =CONCATENATE(J64,"-",K64,"-",L64) -> 4-15-326 | N64: =IFERROR(VLOOKUP(M64,'LISTA ITEMS (2)'!$E$2:$G$910,2,FALSE)," ") -> BARRA PERFORADA PARA REFUERZO 27x18x2MT GALV. | O64: =IFERROR(VLOOKUP(M64,'LISTA ITEMS (2)'!$E$2:$G$910,3,FALSE)," ") -> UND | P64: 6 | Q64: INSTALACION DE 8 PLACAS | S64: 6
A65: 63 | B65: 2 | C65: 4 | F65: ILDEFONSO MONILLAS CAMPAN | G65: MANCHA REAL | H65: HECTOR Y JAVI | I65: 46179 | J65: 7 | K65: 35 | L65: 327 | M65: =CONCATENATE(J65,"-",K65,"-",L65) -> 7-35-327 | N65: =IFERROR(VLOOKUP(M65,'LISTA ITEMS (2)'!$E$2:$G$910,2,FALSE)," ") -> INVERSOR 48/5000/70-50-230V MULTIPLUS (VICTROM ENERGY) | O65: =IFERROR(VLOOKUP(M65,'LISTA ITEMS (2)'!$E$2:$G$910,3,FALSE)," ") -> UND | P65: 1 | Q65: INSTALACION DE 8 PLACAS | S65: 1
A66: 64 | B66: 2 | C66: 4 | F66: ILDEFONSO MONILLAS CAMPAN | G66: MANCHA REAL | H66: HECTOR Y JAVI | I66: 46179 | J66: 7 | K66: 36 | L66: 231 | M66: =CONCATENATE(J66,"-",K66,"-",L66) -> 7-36-231 | N66: =IFERROR(VLOOKUP(M66,'LISTA ITEMS (2)'!$E$2:$G$910,2,FALSE)," ") -> CONTROLADOR SMART SOLAR MPPT 250/100-TR VICTROM ENERGY | O66: =IFERROR(VLOOKUP(M66,'LISTA ITEMS (2)'!$E$2:$G$910,3,FALSE)," ") -> UND | P66: 1 | Q66: INSTALACION DE 8 PLACAS
A67: 65 | B67: 3 | C67: 5 | F67: MIGUEL ÁNGEL MONTENEGRO | G67: BAILEN | H67: ANTONIO Y JESUS | I67: 46059 | J67: 16 | K67: 53 | L67: 290 | M67: =CONCATENATE(J67,"-",K67,"-",L67) -> 16-53-290 | N67: =IFERROR(VLOOKUP(M67,'LISTA ITEMS (2)'!$E$2:$G$910,2,FALSE)," ") -> PINCHO DE COMUNICACIÓN WIFI SHINEWILAN X2 (GROWATT) | O67: =IFERROR(VLOOKUP(M67,'LISTA ITEMS (2)'!$E$2:$G$910,3,FALSE)," ") -> UND | P67: 1 | Q67: ACONDICIONAMIENTO Y REFUERZO DE ESTRUCTURA OCACIONADOS POR CONDICIONES CLIMATICAS.
A68: 66 | B68: 3 | C68: 5 | F68: MIGUEL ÁNGEL MONTENEGRO | G68: BAILEN | H68: ANTONIO Y JESUS | I68: 46059 | J68: 16 | K68: 52 | L68: 293 | M68: =CONCATENATE(J68,"-",K68,"-",L68) -> 16-52-293 | N68: =IFERROR(VLOOKUP(M68,'LISTA ITEMS (2)'!$E$2:$G$910,2,FALSE)," ") -> TERMICO EPBE63M1NC63M1NC32 1P+N C32 (MAXGE) | O68: =IFERROR(VLOOKUP(M68,'LISTA ITEMS (2)'!$E$2:$G$910,3,FALSE)," ") -> UND | P68: 2 | Q68: ACONDICIONAMIENTO Y REFUERZO DE ESTRUCTURA OCACIONADOS POR CONDICIONES CLIMATICAS.
A69: 67 | B69: 3 | C69: 5 | F69: MIGUEL ÁNGEL MONTENEGRO | G69: BAILEN | H69: ANTONIO Y JESUS | I69: 46059 | J69: 16 | K69: 47 | L69: 318 | M69: =CONCATENATE(J69,"-",K69,"-",L69) -> 16-47-318 | N69: =IFERROR(VLOOKUP(M69,'LISTA ITEMS (2)'!$E$2:$G$910,2,FALSE)," ") -> DIFERENCIAL EPR2A040030 2P-40A-30mA (MAXGE) | O69: =IFERROR(VLOOKUP(M69,'LISTA ITEMS (2)'!$E$2:$G$910,3,FALSE)," ") -> UND | P69: 1 | Q69: ACONDICIONAMIENTO Y REFUERZO DE ESTRUCTURA OCACIONADOS POR CONDICIONES CLIMATICAS.
A70: 68 | B70: 3 | C70: 5 | F70: MIGUEL ÁNGEL MONTENEGRO | G70: BAILEN | H70: ANTONIO Y JESUS | I70: 46059 | J70: 16 | K70: 49 | L70: 288 | M70: =CONCATENATE(J70,"-",K70,"-",L70) -> 16-49-288 | N70: =IFERROR(VLOOKUP(M70,'LISTA ITEMS (2)'!$E$2:$G$910,2,FALSE)," ") -> CONTACTOR MODULAR EPC1-6322-P7 (MAXGE) | O70: =IFERROR(VLOOKUP(M70,'LISTA ITEMS (2)'!$E$2:$G$910,3,FALSE)," ") -> UND | P70: 1 | Q70: ACONDICIONAMIENTO Y REFUERZO DE ESTRUCTURA OCACIONADOS POR CONDICIONES CLIMATICAS.
A71: 69 | B71: 3 | C71: 5 | F71: MIGUEL ÁNGEL MONTENEGRO | G71: BAILEN | H71: ANTONIO Y JESUS | I71: 46059 | J71: 16 | K71: 51 | L71: 309 | M71: =CONCATENATE(J71,"-",K71,"-",L71) -> 16-51-309 | N71: =IFERROR(VLOOKUP(M71,'LISTA ITEMS (2)'!$E$2:$G$910,2,FALSE)," ") -> LIMITADOR MONOFASICO EPS1 C/2 - 275-40 (MAXGE) | O71: =IFERROR(VLOOKUP(M71,'LISTA ITEMS (2)'!$E$2:$G$910,3,FALSE)," ") -> UND | P71: 1 | Q71: ACONDICIONAMIENTO Y REFUERZO DE ESTRUCTURA OCACIONADOS POR CONDICIONES CLIMATICAS.
A72: 70 | B72: 3 | C72: 5 | F72: MIGUEL ÁNGEL MONTENEGRO | G72: BAILEN | H72: ANTONIO Y JESUS | I72: 46059 | J72: 16 | K72: 53 | L72: 289 | M72: =CONCATENATE(J72,"-",K72,"-",L72) -> 16-53-289 | N72: =IFERROR(VLOOKUP(M72,'LISTA ITEMS (2)'!$E$2:$G$910,2,FALSE)," ") -> PINCHO DE COMUNICACIÓN WIFI SHINEWILAN X (GROWATT) | O72: =IFERROR(VLOOKUP(M72,'LISTA ITEMS (2)'!$E$2:$G$910,3,FALSE)," ") -> UND | P72: 1 | Q72: ACONDICIONAMIENTO Y REFUERZO DE ESTRUCTURA OCACIONADOS POR CONDICIONES CLIMATICAS.
A73: 71 | B73: 3 | C73: 5 | F73: MIGUEL ÁNGEL MONTENEGRO | G73: BAILEN | H73: ANTONIO Y JESUS | I73: 46059 | J73: 16 | K73: 45 | L73: 275 | M73: =CONCATENATE(J73,"-",K73,"-",L73) -> 16-45-275 | N73: =IFERROR(VLOOKUP(M73,'LISTA ITEMS (2)'!$E$2:$G$910,2,FALSE)," ") -> CAJA DISTRIBUCION INTERIOR 18 ELEM. (SOLERA) | O73: =IFERROR(VLOOKUP(M73,'LISTA ITEMS (2)'!$E$2:$G$910,3,FALSE)," ") -> UND | P73: 1 | Q73: ACONDICIONAMIENTO Y REFUERZO DE ESTRUCTURA OCACIONADOS POR CONDICIONES CLIMATICAS.
A74: 72 | B74: 3 | C74: 5 | F74: MIGUEL ÁNGEL MONTENEGRO | G74: BAILEN | H74: ANTONIO Y JESUS | I74: 46059 | J74: 16 | K74: 45 | L74: 276 | M74: =CONCATENATE(J74,"-",K74,"-",L74) -> 16-45-276 | N74: =IFERROR(VLOOKUP(M74,'LISTA ITEMS (2)'!$E$2:$G$910,2,FALSE)," ") -> CAJA ESTANCA (COCHERA) EXTERIOR 18PT (IDE) | O74: =IFERROR(VLOOKUP(M74,'LISTA ITEMS (2)'!$E$2:$G$910,3,FALSE)," ") -> UND | P74: 1 | Q74: ACONDICIONAMIENTO Y REFUERZO DE ESTRUCTURA OCACIONADOS POR CONDICIONES CLIMATICAS.
A75: 73 | B75: 3 | C75: 5 | F75: MIGUEL ÁNGEL MONTENEGRO | G75: BAILEN | H75: ANTONIO Y JESUS | I75: 46059 | J75: 16 | K75: 45 | L75: 317 | M75: =CONCATENATE(J75,"-",K75,"-",L75) -> 16-45-317 | N75: =IFERROR(VLOOKUP(M75,'LISTA ITEMS (2)'!$E$2:$G$910,2,FALSE)," ") -> CAJA DISTRIBUCION INTERIOR 8 ELEM. (SOLERA) | O75: =IFERROR(VLOOKUP(M75,'LISTA ITEMS (2)'!$E$2:$G$910,3,FALSE)," ") -> UND | P75: 1 | Q75: ACONDICIONAMIENTO Y REFUERZO DE ESTRUCTURA OCACIONADOS POR CONDICIONES CLIMATICAS.
A76: 74 | B76: 3 | C76: 5 | F76: MIGUEL ÁNGEL MONTENEGRO | G76: BAILEN | H76: ANTONIO Y JESUS | I76: 46059 | J76: 3 | K76: 31 | L76: 211 | M76: =CONCATENATE(J76,"-",K76,"-",L76) -> 3-31-211 | N76: =IFERROR(VLOOKUP(M76,'LISTA ITEMS (2)'!$E$2:$G$910,2,FALSE)," ") -> CABLE Nª 6 C/ALTERNA VERDE/AMARILLO | O76: =IFERROR(VLOOKUP(M76,'LISTA ITEMS (2)'!$E$2:$G$910,3,FALSE)," ") -> MT | P76: 100 | Q76: ACONDICIONAMIENTO Y REFUERZO DE ESTRUCTURA OCACIONADOS POR CONDICIONES CLIMATICAS.
A77: 75 | B77: 3 | C77: 5 | F77: MIGUEL ÁNGEL MONTENEGRO | G77: BAILEN | H77: ANTONIO Y JESUS | I77: 46059 | J77: 3 | K77: 31 | L77: 212 | M77: =CONCATENATE(J77,"-",K77,"-",L77) -> 3-31-212 | N77: =IFERROR(VLOOKUP(M77,'LISTA ITEMS (2)'!$E$2:$G$910,2,FALSE)," ") -> CABLE Nª 6 C/ALTERNA AZUL | O77: =IFERROR(VLOOKUP(M77,'LISTA ITEMS (2)'!$E$2:$G$910,3,FALSE)," ") -> MT | P77: 100 | Q77: ACONDICIONAMIENTO Y REFUERZO DE ESTRUCTURA OCACIONADOS POR CONDICIONES CLIMATICAS.
... A79: 77 | B79: 3 | C79: 5 | F79: MIGUEL ÁNGEL MONTENEGRO | G79: BAILEN | H79: ANTONIO Y JESUS | I79: 46059 | J79: 7 | K79: 54 | L79: 295 | M79: =CONCATENATE(J79,"-",K79,"-",L79) -> 7-54-295 | N79: =IFERROR(VLOOKUP(M79,'LISTA ITEMS (2)'!$E$2:$G$910,2,FALSE)," ") -> BATERIA LFP LITHIUM DL5.OC (DYNESS) | O79: =IFERROR(VLOOKUP(M79,'LISTA ITEMS (2)'!$E$2:$G$910,3,FALSE)," ") -> UND | P79: 1 | Q79: ACONDICIONAMIENTO Y REFUERZO DE ESTRUCTURA OCACIONADOS POR CONDICIONES CLIMATICAS.
A80: 78 | B80: 4 | F80: FRANCIZCO RICO BLANCA | H80: ANTONIO PERETE | I80: 46058 | J80: 3 | K80: 31 | L80: 209 | M80: =CONCATENATE(J80,"-",K80,"-",L80) -> 3-31-209 | N80: =IFERROR(VLOOKUP(M80,'LISTA ITEMS (2)'!$E$2:$G$910,2,FALSE)," ") -> CABLE Nª 6 C/ALTERNA MARRON | O80: =IFERROR(VLOOKUP(M80,'LISTA ITEMS (2)'!$E$2:$G$910,3,FALSE)," ") -> MT | P80: 100 | S80: 30
A81: 79 | B81: 4 | F81: FRANCIZCO RICO BLANCA | H81: ANTONIO PERETE | I81: 46058 | J81: 3 | K81: 31 | L81: 210 | M81: =CONCATENATE(J81,"-",K81,"-",L81) -> 3-31-210 | N81: =IFERROR(VLOOKUP(M81,'LISTA ITEMS (2)'!$E$2:$G$910,2,FALSE)," ") -> CABLE Nª 6 C/ALTERNA GRIS | O81: =IFERROR(VLOOKUP(M81,'LISTA ITEMS (2)'!$E$2:$G$910,3,FALSE)," ") -> MT | P81: 100 | S81: 30
A82: 80 | B82: 4 | F82: FRANCIZCO RICO BLANCA | H82: ANTONIO PERETE | I82: 46058 | J82: 3 | K82: 31 | L82: 212 | M82: =CONCATENATE(J82,"-",K82,"-",L82) -> 3-31-212 | N82: =IFERROR(VLOOKUP(M82,'LISTA ITEMS (2)'!$E$2:$G$910,2,FALSE)," ") -> CABLE Nª 6 C/ALTERNA AZUL | O82: =IFERROR(VLOOKUP(M82,'LISTA ITEMS (2)'!$E$2:$G$910,3,FALSE)," ") -> MT | P82: 100 | S82: 100
A83: 81 | B83: 4 | F83: FRANCIZCO RICO BLANCA | H83: ANTONIO PERETE | I83: 46058 | J83: 3 | K83: 31 | L83: 213 | M83: =CONCATENATE(J83,"-",K83,"-",L83) -> 3-31-213 | N83: =IFERROR(VLOOKUP(M83,'LISTA ITEMS (2)'!$E$2:$G$910,2,FALSE)," ") -> CABLE Nª 6 C/ALTERNA NEGRO | O83: =IFERROR(VLOOKUP(M83,'LISTA ITEMS (2)'!$E$2:$G$910,3,FALSE)," ") -> MT | P83: 100 | S83: 100
A84: 82 | B84: 4 | F84: FRANCIZCO RICO BLANCA | H84: ANTONIO PERETE | I84: 46058 | J84: 9 | K84: 32 | L84: 224 | M84: =CONCATENATE(J84,"-",K84,"-",L84) -> 9-32-224 | N84: =IFERROR(VLOOKUP(M84,'LISTA ITEMS (2)'!$E$2:$G$910,2,FALSE)," ") -> CURVA PVC M-25 GRIS TIPO B | O84: =IFERROR(VLOOKUP(M84,'LISTA ITEMS (2)'!$E$2:$G$910,3,FALSE)," ") -> UND | P84: 20
A85: 83 | B85: 4 | F85: FRANCIZCO RICO BLANCA | H85: ANTONIO PERETE | I85: 46058 | J85: 3 | K85: 31 | L85: 221 | M85: =CONCATENATE(J85,"-",K85,"-",L85) -> 3-31-221 | N85: =IFERROR(VLOOKUP(M85,'LISTA ITEMS (2)'!$E$2:$G$910,2,FALSE)," ") -> CABLE Nª 10 C/ALTERNA AZUL | O85: =IFERROR(VLOOKUP(M85,'LISTA ITEMS (2)'!$E$2:$G$910,3,FALSE)," ") -> MT | P85: 100 | S85: 25
A86: 84 | B86: 4 | F86: FRANCIZCO RICO BLANCA | H86: ANTONIO PERETE | I86: 46058 | J86: 3 | K86: 31 | L86: 220 | M86: =CONCATENATE(J86,"-",K86,"-",L86) -> 3-31-220 | N86: =IFERROR(VLOOKUP(M86,'LISTA ITEMS (2)'!$E$2:$G$910,2,FALSE)," ") -> CABLE Nª 10 C/ALTERNA GRIS | O86: =IFERROR(VLOOKUP(M86,'LISTA ITEMS (2)'!$E$2:$G$910,3,FALSE)," ") -> MT | P86: 100 | S86: 80
A87: 85 | B87: 4 | F87: FRANCIZCO RICO BLANCA | H87: ANTONIO PERETE | I87: 46058 | J87: 3 | K87: 31 | L87: 219 | M87: =CONCATENATE(J87,"-",K87,"-",L87) -> 3-31-219 | N87: =IFERROR(VLOOKUP(M87,'LISTA ITEMS (2)'!$E$2:$G$910,2,FALSE)," ") -> CABLE Nª 10 C/ALTERNA MARRON | O87: =IFERROR(VLOOKUP(M87,'LISTA ITEMS (2)'!$E$2:$G$910,3,FALSE)," ") -> MT | P87: 60 | S87: 25
A88: 86 | B88: 4 | F88: FRANCIZCO RICO BLANCA | H88: ANTONIO PERETE | I88: 46058 | J88: 3 | K88: 31 | L88: 222 | M88: =CONCATENATE(J88,"-",K88,"-",L88) -> 3-31-222 | N88: =IFERROR(VLOOKUP(M88,'LISTA ITEMS (2)'!$E$2:$G$910,2,FALSE)," ") -> CABLE Nª 10 C/ALTERNA NEGRO | O88: =IFERROR(VLOOKUP(M88,'LISTA ITEMS (2)'!$E$2:$G$910,3,FALSE)," ") -> MT | P88: 80 | S88: 25
A89: 87 | B89: 4 | F89: FRANCIZCO RICO BLANCA | H89: ANTONIO PERETE | I89: 46058 | J89: 3 | K89: 31 | L89: 218 | M89: =CONCATENATE(J89,"-",K89,"-",L89) -> 3-31-218 | N89: =IFERROR(VLOOKUP(M89,'LISTA ITEMS (2)'!$E$2:$G$910,2,FALSE)," ") -> CABLE Nª 10 C/ALTERNA VERDE/AMARILLO | O89: =IFERROR(VLOOKUP(M89,'LISTA ITEMS (2)'!$E$2:$G$910,3,FALSE)," ") -> MT | P89: 70 | S89: 25
A90: 88 | B90: 4 | F90: FRANCIZCO RICO BLANCA | H90: ANTONIO PERETE | I90: 46058 | J90: 13 | K90: 22 | L90: 184 | M90: =CONCATENATE(J90,"-",K90,"-",L90) -> 13-22-184 | N90: =IFERROR(VLOOKUP(M90,'LISTA ITEMS (2)'!$E$2:$G$910,2,FALSE)," ") -> BRIDA P/EXTERIOR NEGRA | O90: =IFERROR(VLOOKUP(M90,'LISTA ITEMS (2)'!$E$2:$G$910,3,FALSE)," ") -> UND | P90: 100
A91: 89 | B91: 4 | F91: FRANCIZCO RICO BLANCA | H91: ANTONIO PERETE | I91: 46058 | J91: 13 | K91: 21 | L91: 181 | M91: =CONCATENATE(J91,"-",K91,"-",L91) -> 13-21-181 | N91: =IFERROR(VLOOKUP(M91,'LISTA ITEMS (2)'!$E$2:$G$910,2,FALSE)," ") -> TACO P/BRIDA NEGRO | O91: =IFERROR(VLOOKUP(M91,'LISTA ITEMS (2)'!$E$2:$G$910,3,FALSE)," ") -> UND | P91: 100
A92: 90 | B92: 4 | F92: FRANCIZCO RICO BLANCA | H92: ANTONIO PERETE | I92: 46058 | J92: 16 | K92: 47 | L92: 280 | M92: =CONCATENATE(J92,"-",K92,"-",L92) -> 16-47-280 | N92: =IFERROR(VLOOKUP(M92,'LISTA ITEMS (2)'!$E$2:$G$910,2,FALSE)," ") -> DIFERENCIAL EPR2A063030 2P-63A-30mA (MAXGE) | O92: =IFERROR(VLOOKUP(M92,'LISTA ITEMS (2)'!$E$2:$G$910,3,FALSE)," ") -> UND | P92: 1
A93: 91 | B93: 4 | F93: FRANCIZCO RICO BLANCA | H93: ANTONIO PERETE | I93: 46058 | J93: 16 | K93: 49 | L93: 288 | M93: =CONCATENATE(J93,"-",K93,"-",L93) -> 16-49-288 | N93: =IFERROR(VLOOKUP(M93,'LISTA ITEMS (2)'!$E$2:$G$910,2,FALSE)," ") -> CONTACTOR MODULAR EPC1-6322-P7 (MAXGE) | O93: =IFERROR(VLOOKUP(M93,'LISTA ITEMS (2)'!$E$2:$G$910,3,FALSE)," ") -> UND | P93: 1
A94: 92 | B94: 4 | F94: FRANCIZCO RICO BLANCA | H94: ANTONIO PERETE | I94: 46058 | J94: 16 | K94: 53 | L94: 290 | M94: =CONCATENATE(J94,"-",K94,"-",L94) -> 16-53-290 | N94: =IFERROR(VLOOKUP(M94,'LISTA ITEMS (2)'!$E$2:$G$910,2,FALSE)," ") -> PINCHO DE COMUNICACIÓN WIFI SHINEWILAN X2 (GROWATT) | O94: =IFERROR(VLOOKUP(M94,'LISTA ITEMS (2)'!$E$2:$G$910,3,FALSE)," ") -> UND | P94: 1
A95: 93 | B95: 4 | F95: FRANCIZCO RICO BLANCA | H95: ANTONIO PERETE | I95: 46058 | J95: 9 | K95: 2 | L95: 291 | M95: =CONCATENATE(J95,"-",K95,"-",L95) -> 9-2-291 | N95: =IFERROR(VLOOKUP(M95,'LISTA ITEMS (2)'!$E$2:$G$910,2,FALSE)," ") -> TUBO ELECTRICO PVC 25mm - 3mt(AISCAN) | O95: =IFERROR(VLOOKUP(M95,'LISTA ITEMS (2)'!$E$2:$G$910,3,FALSE)," ") -> UND | P95: 8
A96: 94 | B96: 4 | F96: FRANCIZCO RICO BLANCA | H96: ANTONIO PERETE | I96: 46058 | J96: 16 | K96: 52 | L96: 292 | M96: =CONCATENATE(J96,"-",K96,"-",L96) -> 16-52-292 | N96: =IFERROR(VLOOKUP(M96,'LISTA ITEMS (2)'!$E$2:$G$910,2,FALSE)," ") -> TERMICO EPBE63M1NC63M1NC40 1P+N C40 (MAXGE) | O96: =IFERROR(VLOOKUP(M96,'LISTA ITEMS (2)'!$E$2:$G$910,3,FALSE)," ") -> UND | P96: 1
A97: 95 | B97: 4 | F97: FRANCIZCO RICO BLANCA | H97: ANTONIO PERETE | I97: 46058 | J97: 16 | K97: 52 | L97: 293 | M97: =CONCATENATE(J97,"-",K97,"-",L97) -> 16-52-293 | N97: =IFERROR(VLOOKUP(M97,'LISTA ITEMS (2)'!$E$2:$G$910,2,FALSE)," ") -> TERMICO EPBE63M1NC63M1NC32 1P+N C32 (MAXGE) | O97: =IFERROR(VLOOKUP(M97,'LISTA ITEMS (2)'!$E$2:$G$910,3,FALSE)," ") -> UND | P97: 1
A98: 96 | B98: 4 | F98: FRANCIZCO RICO BLANCA | H98: ANTONIO PERETE | I98: 46058 | J98: 16 | K98: 45 | L98: 294 | M98: =CONCATENATE(J98,"-",K98,"-",L98) -> 16-45-294 | N98: =IFERROR(VLOOKUP(M98,'LISTA ITEMS (2)'!$E$2:$G$910,2,FALSE)," ") -> CAJA DE ESTANCA 133X180X80 EV161 (IDE) | O98: =IFERROR(VLOOKUP(M98,'LISTA ITEMS (2)'!$E$2:$G$910,3,FALSE)," ") -> UND | P98: 1
A99: 97 | B99: 4 | F99: FRANCIZCO RICO BLANCA | H99: ANTONIO PERETE | I99: 46058 | J99: 7 | K99: 54 | L99: 295 | M99: =CONCATENATE(J99,"-",K99,"-",L99) -> 7-54-295 | N99: =IFERROR(VLOOKUP(M99,'LISTA ITEMS (2)'!$E$2:$G$910,2,FALSE)," ") -> BATERIA LFP LITHIUM DL5.OC (DYNESS) | O99: =IFERROR(VLOOKUP(M99,'LISTA ITEMS (2)'!$E$2:$G$910,3,FALSE)," ") -> UND | P99: 2 | R99: 949702822509202000 0949702822509202306
A100: 98 | B100: 4 | F100: FRANCIZCO RICO BLANCA | H100: ANTONIO PERETE | I100: 46058 | J100: 7 | K100: 35 | L100: 286 | M100: =CONCATENATE(J100,"-",K100,"-",L100) -> 7-35-286 | N100: =IFERROR(VLOOKUP(M100,'LISTA ITEMS (2)'!$E$2:$G$910,2,FALSE)," ") -> INVERSOR SPH 6000TL BL-UP 6KW (GROWATT) | O100: =IFERROR(VLOOKUP(M100,'LISTA ITEMS (2)'!$E$2:$G$910,3,FALSE)," ") -> UND | P100: 1 | R100: DYM6F73053
A101: 99 | B101: 4 | F101: FRANCIZCO RICO BLANCA | H101: ANTONIO PERETE | I101: 46058 | J101: 16 | K101: 45 | L101: 275 | M101: =CONCATENATE(J101,"-",K101,"-",L101) -> 16-45-275 | N101: =IFERROR(VLOOKUP(M101,'LISTA ITEMS (2)'!$E$2:$G$910,2,FALSE)," ") -> CAJA DISTRIBUCION INTERIOR 18 ELEM. (SOLERA) | O101: =IFERROR(VLOOKUP(M101,'LISTA ITEMS (2)'!$E$2:$G$910,3,FALSE)," ") -> UND | P101: 1
...

Sheet CONSOLIDADO V2
A1: CONSOLIDADO FEBRERO 2026
A2: CODIGO | B2: DESCRIPCION | C2: UND MEDIDA | D2: Suma de CANT. ENTREGADA | E2: Suma de CANT. DEVOLUC.
A3: 10-15-269 | B3: BARRA ALUMINIO PARA ESTRUCTURA 3.60mt | C3: UND | D3: 170 | E3: 40
A4: 10-34-227 | B4: MICRORAIL 2X30 PERFORADO | C4: UND | D4: 20 | E4: 6
A5: 10-37-232 | B5: SOPORTE CENTRAL NEGRO | C5: UND | D5: 704 | E5: 363
A6: 10-37-287 | B6: SOPORTE CENTRAL GRIS | C6: UND | D6: 15 | E6: 13
A7: 10-37-315 | B7: SOPORTE FINAL NEGRO | C7: UND | D7: 539 | E7: 216
A8: 10-37-316 | B8: SOPORTE FINAL GRIS | C8: UND | D8: 15 | E8: 14
A9: 10-37-330 | B9: SOPORTE EN L ALUMINIO GRIS | C9: UND | D9: 573 | E9: 210
A10: 10-42-268 | B10: PATA ALUMINIO PARA ESTRUCTURA PLACA SOLAR ANGULO 30º | C10: UND | D10: 96 | E10: 34
A11: 10-42-329 | B11: PATA ALUMINIO PARA ESTRUCTURA PLACA SOLAR VELA ANGULO 15º | C11: UND | D11: 11 | E11: 3
A12: 10-43-270 | B12: EMPALME ALUMINIO P/BARRA | C12: UND | D12: 163 | E12: 78
A13: 13-21-181 | B13: TACO P/BRIDA NEGRO | C13: UND | D13: 1500 | E13: 500
A14: 13-22-183 | B14: BRIDA P/INTERIOR NEGRA | C14: UND | D14: 200 | E14: 200
A15: 13-22-184 | B15: BRIDA P/EXTERIOR NEGRA | C15: UND | D15: 2800 | E15: 1300
A16: 13-23-186 | B16: CINTA NEGRA AISLANTE PVC 50MM | C16: UND | D16: 1
A17: 13-23-187 | B17: CINTA VERDE AMARILLA AISLANTE PVC 19MM | C17: UND | D17: 1 | E17: 0
A18: 13-23-190 | B18: CINTA BLANCA AISLANTE PVC 19MM | C18: UND | D18: 2
A19: 13-23-191 | B19: CINTA NEGRA AISLANTE PVC 19MM | C19: UND | D19: 1 | E19: 0
A20: 13-25-255 | B20: ANCLAJE PLASTICO MULTIUSO C/COLLARIN 10X61MM | C20: UND | D20: 50 | E20: 50
A21: 13-67-381 | B21: CANALETA PLASTICA 40X40 | C21: UND | D21: 2
A22: 13-67-382 | B22: CANALETA PLASTICA 60X40 | C22: UND | D22: 2
A23: 14-24-193 | B23: DISCO CORTE ACERO/INOX A1 2EN1 | C23: UND | D23: 54 | E23: 21
A24: 16-13-372 | B24: KIT CABLE BATERIA ARK | C24: UND | D24: 2
A25: 16-31-320 | B25: JUEGO CABLE PARA BATERIA DE LITIO B4850 | C25: UND | D25: 1
A26: 16-31-412 | B26: CABLE UTP RJ45 1.8m (VICTRON ENERGY) | C26: UND | D26: 4
A27: 16-33-369 | B27: OPTIMIZADOR TS4-A-O (TIGO) | C27: UND | D27: 4
A28: 16-45-275 | B28: CAJA DISTRIBUCION INTERIOR 18 ELEM. (SOLERA) | C28: UND | D28: 9 | E28: 2
A29: 16-45-276 | B29: CAJA ESTANCA (COCHERA) EXTERIOR 18PT (IDE) | C29: UND | D29: 9 | E29: 1
A30: 16-45-294 | B30: CAJA DE ESTANCA 133X180X80 EV161 (IDE) | C30: UND | D30: 16 | E30: 1
A31: 16-45-299 | B31: CAJA ESTANCA (COCHERA) EXTERIOR 8PT (IDE) | C31: UND | D31: 2
A32: 16-45-317 | B32: CAJA DISTRIBUCION INTERIOR 8 ELEM. (SOLERA) | C32: UND | D32: 5 | E32: 1
A33: 16-45-383 | B33: CAJA BLANCA P/BATERIA (DYNNES) | C33: UND | D33: 1
A34: 16-46-279 | B34: MANGUERA CORRUGADA 25mm NEGRA | C34: MT | D34: 1 | E34: 1
A35: 16-47-280 | B35: DIFERENCIAL EPR2A063030 2P-63A-30mA (MAXGE) | C35: UND | D35: 5 | E35: 2
A36: 16-47-318 | B36: DIFERENCIAL EPR2A040030 2P-40A-30mA (MAXGE) | C36: UND | D36: 14 | E36: 2
A37: 16-48-281 | B37: PORTA FUSIBLE SGF-32-DC (MAXGE) | C37: UND | D37: 34 | E37: 5
A38: 16-49-282 | B38: CONTACTOR MODULAR RV32 (REVALCO) | C38: UND | D38: 4 | E38: 0
A39: 16-49-288 | B39: CONTACTOR MODULAR EPC1-6322-P7 (MAXGE) | C39: UND | D39: 8
A40: 16-50-283 | B40: FUSIBLE 32A-1000VDC (SASSIN) | C40: UND | D40: 14 | E40: 6
A41: 16-50-314 | B41: FUSIBLE MG10PV32A (MAXGE) | C41: UND | D41: 22 | E41: 5
A42: 16-50-380 | B42: FUSIBLE 25A | C42: UND | D42: 2
A43: 16-51-284 | B43: LIMITADOR MONOFASICO 3SU1 15/30kA-275V (SASSIN) | C43: UND | D43: 3
A44: 16-51-309 | B44: LIMITADOR MONOFASICO EPS1 C/2 - 275-40 (MAXGE) | C44: UND | D44: 7 | E44: 0
A45: 16-52-285 | B45: TERMICO EPBE63M1NC63 1P+N C63 (MAXGE) | C45: UND | D45: 5 | E45: 2
A46: 16-52-292 | B46: TERMICO EPBE63M1NC63M1NC40 1P+N C40 (MAXGE) | C46: UND | D46: 9 | E46: 2
A47: 16-52-293 | B47: TERMICO EPBE63M1NC63M1NC32 1P+N C32 (MAXGE) | C47: UND | D47: 11 | E47: 1
A48: 16-52-319 | B48: TERMICO EPBE63M1NC25 1P+N C25 (MAXGE) | C48: UND | D48: 2
A49: 16-53-289 | B49: PINCHO DE COMUNICACIÓN WIFI SHINEWILAN X (GROWATT) | C49: UND | D49: 1
A50: 16-53-290 | B50: PINCHO DE COMUNICACIÓN WIFI SHINEWILAN X2 (GROWATT) | C50: UND | D50: 11 | E50: 1
A51: 16-53-328 | B51: PINCHO DE COMUNICACIÓN WIFI SHINErfsTICK- X BLANCO (GROWATT) | C51: UND | D51: 2 | E51: 1
A52: 16-56-302 | B52: METER TRIFASICO 230/400Vac (GROWATT) | C52: UND | D52: 1 | E52: 1
A53: 16-56-303 | B53: METER MONOFASICO 230/161-276Vac (GROWATT) | C53: UND | D53: 1 | E53: 1
A54: 16-59-322 | B54: CLAVIJA CAUCHO NEGRA 10/16A | C54: UND | D54: 1
A55: 16-60-324 | B55: REGLETA CONEXIÓN ELECTRICA 35mm NEGRA 12Puntos | C55: UND | D55: 2
A56: 16-60-325 | B56: REGLETA CONEXIÓN ELECTRICA 16mm NEGRA | C56: UND | D56: 1
A57: 16-61-331 | B57: CONECTOR FOTOVOLTAICO HEMBRA M4 NEGRO | C57: UND | D57: 128 | E57: 46
A58: 16-61-332 | B58: CONECTOR FOTOVOLTAICO MACHO M4 NEGRO | C58: UND | D58: 128 | E58: 39
A59: 16-63-357 | B59: TORO IDAL CURRENT TRANSFORMER 100A:50mA For MULTIPLUS-II (VICTRON ENERGY) | C59: UND | D59: 1 | E59: 1
A60: 16-76-397 | B60: RACK MURAL S.ABI1260 12U 635X600X600mm | C60: UND | D60: 1
A61: 17-44-271 | B61: SELLANTE QUIMICO BLANCO | C61: UND | D61: 27 | E61: 11
A62: 17-44-272 | B62: SELLANTE QUIMICO GRIS | C62: UND | D62: 27 | E62: 11.5
A63: 17-44-273 | B63: SELLANTE QUIMICO TACO | C63: UND | D63: 17 | E63: 12
A64: 20-83-409 | B64: TAMIZ NYLON 16X85 | C64: UND | D64: 80 | E64: 34
A65: 3-31-209 | B65: CABLE Nª 6 C/ALTERNA MARRON | C65: MT | D65: 300 | E65: 130
A66: 3-31-210 | B66: CABLE Nª 6 C/ALTERNA GRIS | C66: MT | D66: 300 | E66: 130
A67: 3-31-211 | B67: CABLE Nª 6 C/ALTERNA VERDE/AMARILLO | C67: MT | D67: 300
A68: 3-31-212 | B68: CABLE Nª 6 C/ALTERNA AZUL | C68: MT | D68: 400 | E68: 200
A69: 3-31-213 | B69: CABLE Nª 6 C/ALTERNA NEGRO | C69: MT | D69: 400 | E69: 200
A70: 3-31-218 | B70: CABLE Nª 10 C/ALTERNA VERDE/AMARILLO | C70: MT | D70: 130 | E70: 113
A71: 3-31-219 | B71: CABLE Nª 10 C/ALTERNA MARRON | C71: MT | D71: 160 | E71: 113
A72: 3-31-220 | B72: CABLE Nª 10 C/ALTERNA GRIS | C72: MT | D72: 320 | E72: 168
A73: 3-31-221 | B73: CABLE Nª 10 C/ALTERNA AZUL | C73: MT | D73: 300 | E73: 113
A74: 3-31-222 | B74: CABLE Nª 10 C/ALTERNA NEGRO | C74: MT | D74: 180 | E74: 113
A75: 3-31-277 | B75: CABLE Nª 6 P/PLACA SOLAR NEGRO | C75: MT | D75: 381 | E75: 45
A76: 3-31-278 | B76: CABLE Nª 6 P/PLACA SOLAR ROJO | C76: MT | D76: 365 | E76: 50
A77: 4-15-267 | B77: BARRA PERFORADA PARA REFUERZO 20X10X2MT GALV. | C77: UND | D77: 63 | E77: 12
A78: 4-15-326 | B78: BARRA PERFORADA PARA REFUERZO 27x18x2MT GALV. | C78: UND | D78: 66 | E78: 38
A79: 6-23-192 | B79: CINTA ACERO PERFORADA PARA MONTAJE | C79: UND | D79: 18.5 | E79: 9.5
A80: 7-35-274 | B80: INVERSOR HIBRIDO MONOFASICO SPE 10000ES 10KW BATER. BAJO VOLTAJE Y BACKUP INCORP. (GROWATT) | C80: UND | D80: 2 | E80: 0
A81: 7-35-286 | B81: INVERSOR SPH 6000TL BL-UP 6KW (GROWATT) | C81: UND | D81: 9
A82: 7-35-327 | B82: INVERSOR 48/5000/70-50-230V MULTIPLUS (VICTROM ENERGY) | C82: UND | D82: 3 | E82: 1
A83: 7-36-231 | B83: CONTROLADOR SMART SOLAR MPPT 250/100-TR VICTROM ENERGY | C83: UND | D83: 3 | E83: 2
A84: 7-38-247 | B84: PLACA SOLAR JAM60D42-535LB 535W / 44.13V | C84: UND | D84: 148 | E84: 8
A85: 7-38-248 | B85: PLACA SOLAR TSM-505NEG 18R.28 505W / 33.5V | C85: UND | D85: 2 | E85: 0
A86: 7-54-295 | B86: BATERIA LFP LITHIUM DL5.OC (DYNESS) | C86: UND | D86: 12
A87: 7-54-323 | B87: BATERIA LPF LITHIUM B3 (DYNESS) | C87: UND | D87: 4
A88: 7-85-413 | B88: UNIDAD EXTERIOR DE BAMBA DE CALOR WH-UD12HE5 (PANASONIC) | C88: UND | D88: 1 | E88: 0
A89: 8-27-203 | B89: TORNILLO A/GALVANIZADO CON C/HEZAGONAL, R/COMPLETA, C/ARANDELA Y AUTOTALADRANTE 6.3X90 | C89: UND | D89: 100 | E89: 100
A90: 8-27-321 | B90: TORNILLO AUTOTALADRANTE CON C/HEXAGONAL - R/PARCIAL - ARANDELA CAUCHO 6X120mm A/GALV. | C90: UND | D90: 40 | E90: 40
A91: 8-64-358 | B91: BARILLA ROSCADA M8 A/GALV X1000 | C91: UND | D91: 34 | E91: 7
A92: 9-2-291 | B92: TUBO ELECTRICO PVC 25mm - 3mt(AISCAN) | C92: UND | D92: 104 | E92: 39
A93: 9-32-223 | B93: CURVA PVC M-25 GRIS TIPO A | C93: UND | D93: 194 | E93: 63
A94: 9-32-224 | B94: CURVA PVC M-25 GRIS TIPO B | C94: UND | D94: 152 | E94: 25
A95: ANULADO | B95: ANULADO | C95: ANULADO
A96: Total general | D96: 12033.5 | E96: 4957

Sheet LISTA ITEMS (2)
B1: TOMA DE INVENTARIO
A2: # | B2: GRUPO | C2: ELEMENTO | D2: ITEM | E2: CONCATENADO | F2: DESCRIPCION | G2: UND MEDIDA | H2: PROVEEDOR
A3: 1 | B3: 7 | C3: 20 | D3: 178 | E3: 7-20-178 | F3: ESTUFA CALEFACCION 9 KW | G3: UND | H3: 0
A4: 2 | B4: 7 | C4: 20 | D4: 179 | E4: 7-20-179 | F4: ESTUFA CALEFACCION 12 KW | G4: UND | H4: 0
A5: 3 | B5: 13 | C5: 21 | D5: 180 | E5: 13-21-180 | F5: TACO P/BRIDA BLANCO | G5: UND | H5: RECA
A6: 4 | B6: 13 | C6: 21 | D6: 181 | E6: 13-21-181 | F6: TACO P/BRIDA NEGRO | G6: UND | H6: RECA
A7: 5 | B7: 13 | C7: 22 | D7: 182 | E7: 13-22-182 | F7: BRIDA P/INTERIOR BLANCA | G7: UND | H7: RECA
A8: 6 | B8: 13 | C8: 22 | D8: 183 | E8: 13-22-183 | F8: BRIDA P/INTERIOR NEGRA | G8: UND | H8: RECA
A9: 7 | B9: 13 | C9: 22 | D9: 184 | E9: 13-22-184 | F9: BRIDA P/EXTERIOR NEGRA | G9: UND | H9: RECA
B10: 13 | C10: 23 | D10: 185 | E10: 13-23-185 | F10: CINTA BLANCA AISLANTE PVC 50MM | G10: UND | H10: RECA
B11: 13 | C11: 23 | D11: 186 | E11: 13-23-186 | F11: CINTA NEGRA AISLANTE PVC 50MM | G11: UND | H11: RECA
B12: 13 | C12: 23 | D12: 187 | E12: 13-23-187 | F12: CINTA VERDE AMARILLA AISLANTE PVC 19MM | G12: UND | H12: RECA
B13: 13 | C13: 23 | D13: 188 | E13: 13-23-188 | F13: CINTA ROJA AISLANTE PVC 19MM | G13: UND | H13: RECA
B14: 13 | C14: 23 | D14: 189 | E14: 13-23-189 | F14: CINTA AZUL AISLANTE PVC 19MM | G14: UND | H14: RECA
B15: 13 | C15: 23 | D15: 190 | E15: 13-23-190 | F15: CINTA BLANCA AISLANTE PVC 19MM | G15: UND | H15: RECA
B16: 13 | C16: 23 | D16: 191 | E16: 13-23-191 | F16: CINTA NEGRA AISLANTE PVC 19MM | G16: UND | H16: RECA
B17: 6 | C17: 23 | D17: 192 | E17: 6-23-192 | F17: CINTA ACERO PERFORADA PARA MONTAJE | G17: UND | H17: RECA
B18: 14 | C18: 24 | D18: 193 | E18: 14-24-193 | F18: DISCO CORTE ACERO/INOX A1 2EN1 | G18: UND | H18: RECA
B19: 13 | C19: 25 | D19: 194 | E19: 13-25-194 | F19: ANCLAJE PLASTICO ROSCADO PARA CARTON Y PLADUR TIPO K (WURTH) | G19: UND | H19: WURTH
B20: 15 | C20: 25 | D20: 195 | E20: 15-25-195 | F20: ANCLAJE METALICO ROSCADO PARA PLADUR TIPO K (WURTH) | G20: UND | H20: WURTH
B21: 7 | C21: 26 | D21: 196 | E21: 7-26-196 | F21: ESTACION DE CARGA THOR O7AS-P-V1 GROWATT | G21: UND | H21: GROWATT
... B104: 3 | C104: 31 | D104: 278 | E104: 3-31-278 | F104: CABLE Nª 6 P/PLACA SOLAR ROJO | G104: MT | H104: COTO
B105: 16 | C105: 46 | D105: 279 | E105: 16-46-279 | F105: MANGUERA CORRUGADA 25mm NEGRA | G105: MT | H105: 0
B106: 16 | C106: 47 | D106: 280 | E106: 16-47-280 | F106: DIFERENCIAL EPR2A063030 2P-63A-30mA (MAXGE) | G106: UND | H106: BELTRAN Y CRIADO
B107: 16 | C107: 48 | D107: 281 | E107: 16-48-281 | F107: PORTA FUSIBLE SGF-32-DC (MAXGE) | G107: UND | H107: BELTRAN Y CRIADO
B108: 16 | C108: 49 | D108: 282 | E108: 16-49-282 | F108: CONTACTOR MODULAR RV32 (REVALCO) | G108: UND | H108: INVERSOLAR
B109: 16 | C109: 50 | D109: 283 | E109: 16-50-283 | F109: FUSIBLE 32A-1000VDC (SASSIN) | G109: UND | H109: BELTRAN Y CRIADO
B110: 16 | C110: 51 | D110: 284 | E110: 16-51-284 | F110: LIMITADOR MONOFASICO 3SU1 15/30kA-275V (SASSIN) | G110: UND | H110: BELTRAN Y CRIADO
B111: 16 | C111: 52 | D111: 285 | E111: 16-52-285 | F111: TERMICO EPBE63M1NC63 1P+N C63 (MAXGE) | G111: UND | H111: BELTRAN Y CRIADO
B112: 7 | C112: 35 | D112: 286 | E112: 7-35-286 | F112: INVERSOR SPH 6000TL BL-UP 6KW (GROWATT) | G112: UND | H112: INVERSOLAR
B113: 10 | C113: 37 | D113: 287 | E113: 10-37-287 | F113: SOPORTE CENTRAL GRIS | G113: UND | H113: ESTRUSUR SOLAR
B114: 16 | C114: 49 | D114: 288 | E114: 16-49-288 | F114: CONTACTOR MODULAR EPC1-6322-P7 (MAXGE) | G114: UND | H114: BELTRAN Y CRIADO
B115: 16 | C115: 53 | D115: 289 | E115: 16-53-289 | F115: PINCHO DE COMUNICACIÓN WIFI SHINEWILAN X (GROWATT) | G115: UND | H115: BELTRAN Y CRIADO
B116: 16 | C116: 53 | D116: 290 | E116: 16-53-290 | F116: PINCHO DE COMUNICACIÓN WIFI SHINEWILAN X2 (GROWATT) | G116: UND | H116: BELTRAN Y CRIADO
B117: 9 | C117: 2 | D117: 291 | E117: 9-2-291 | F117: TUBO ELECTRICO PVC 25mm - 3mt(AISCAN) | G117: UND | H117: BELTRAN Y CRIADO
... B145: 16 | C145: 52 | D145: 319 | E145: 16-52-319 | F145: TERMICO EPBE63M1NC25 1P+N C25 (MAXGE) | G145: UND | H145: BELTRAN Y CRIADO
B146: 16 | C146: 31 | D146: 320 | E146: 16-31-320 | F146: JUEGO CABLE PARA BATERIA DE LITIO B4850 | G146: UND | H146: 0
B147: 8 | C147: 27 | D147: 321 | E147: 8-27-321 | F147: TORNILLO AUTOTALADRANTE CON C/HEXAGONAL - R/PARCIAL - ARANDELA CAUCHO 6X120mm A/GALV. | G147: UND | H147: RECA
B148: 16 | C148: 59 | D148: 322 | E148: 16-59-322 | F148: CLAVIJA CAUCHO NEGRA 10/16A | G148: UND | H148: BELTRAN Y CRIADO
B149: 7 | C149: 54 | D149: 323 | E149: 7-54-323 | F149: BATERIA LPF LITHIUM B3 (DYNESS) | G149: UND | H149: INVERSOLAR
B150: 16 | C150: 60 | D150: 324 | E150: 16-60-324 | F150: REGLETA CONEXIÓN ELECTRICA 35mm NEGRA 12Puntos | G150: UND | H150: BELTRAN Y CRIADO
B151: 16 | C151: 60 | D151: 325 | E151: 16-60-325 | F151: REGLETA CONEXIÓN ELECTRICA 16mm NEGRA | G151: UND | H151: BELTRAN Y CRIADO
B152: 4 | C152: 15 | D152: 326 | E152: 4-15-326 | F152: BARRA PERFORADA PARA REFUERZO 27x18x2MT GALV. | G152: UND | H152: PROINCO
B153: 7 | C153: 35 | D153: 327 | E153: 7-35-327 | F153: INVERSOR 48/5000/70-50-230V MULTIPLUS (VICTROM ENERGY) | G153: UND | H153: 0
B154: 16 | C154: 53 | D154: 328 | E154: 16-53-328 | F154: PINCHO DE COMUNICACIÓN WIFI SHINErfsTICK- X BLANCO (GROWATT) | G154: UND | H154: INVERSOLAR
B155: 10 | C155: 42 | D155: 329 | E155: 10-42-329 | F155: PATA ALUMINIO PARA ESTRUCTURA PLACA SOLAR VELA ANGULO 15º | G155: UND | H155: ESTRUSUR SOLAR
B156: 10 | C156: 37 | D156: 330 | E156: 10-37-330 | F156: SOPORTE EN L ALUMINIO GRIS | G156: UND | H156: ESTRUSUR SOLAR
B157: 16 | C157: 61 | D157: 331 | E157: 16-61-331 | F157: CONECTOR FOTOVOLTAICO HEMBRA M4 NEGRO | G157: UND | H157: BELTRAN Y CRIADO
B158: 16 | C158: 61 | D158: 332 | E158: 16-61-332 | F158: CONECTOR FOTOVOLTAICO MACHO M4 NEGRO | G158: UND | H158: BELTRAN Y CRIADO
B159: 16 | C159: 51 | D159: 333 | E159: 16-51-333 | F159: LIMITADOR/SOBRETENSIONES TRIFASICO 3SUR1 20/40kA-400V 4P (SASSIN) | G159: UND | H159: BELTRAN Y CRIADO
B160: 13 | C160: 23 | D160: 334 | E160: 13-23-334 | F160: CINTA GRIS AISLANTE PVC 19MM | G160: UND | H160: BELTRAN Y CRIADO
B161: 13 | C161: 23 | D161: 335 | E161: 13-23-335 | F161: CINTA MARRON AISLANTE PVC 19MM | G161: UND | H161: BELTRAN Y CRIADO
B162: 16 | C162: 50 | D162: 336 | E162: 16-50-336 | F162: FUSIBLE 20A | G162: UND | H162: BELTRAN Y CRIADO
B163: 16 | C163: 52 | D163: 339 | E163: 16-52-339 | F163: TERMICO TRIFASICO EPB63MC25 4P-C25 (MAXGE) | G163: UND | H163: BELTRAN Y CRIADO
B164: 16 | C164: 52 | D164: 340 | E164: 16-52-340 | F164: TERMICO TRIFASICO EPB63M4C20 4P-C20 (MAXGE) | G164: UND | H164: BELTRAN Y CRIADO
B165: 16 | C165: 52 | D165: 341 | E165: 16-52-341 | F165: TERMICO TRIFASICO EPB63M4C16 4P-C16 (MAXGE) | G165: UND | H165: BELTRAN Y CRIADO
... B182: 16 | C182: 52 | D182: 356 | E182: 16-52-356 | F182: TERMICO TRIFASICO EP64 - C20 (GE) | G182: UND | H182: BELTRAN Y CRIADO
B183: 16 | C183: 63 | D183: 357 | E183: 16-63-357 | F183: TORO IDAL CURRENT TRANSFORMER 100A:50mA For MULTIPLUS-II (VICTRON ENERGY) | G183: UND | H183: 0
B184: 8 | C184: 64 | D184: 358 | E184: 8-64-358 | F184: BARILLA ROSCADA M8 A/GALV X1000 | G184: UND | H184: RECA
B185: 16 | C185: 52 | D185: 359 | E185: 16-52-359 | F185: TERMICO 230V C16 | G185: UND | H185: 0
B186: 16 | C186: 63 | D186: 360 | E186: 16-63-360 | F186: TORO IDAL MONOFASICO 100A/5mA (HUAWEI) | G186: UND | H186: 0
B187: 16 | C187: 63 | D187: 361 | E187: 16-63-361 | F187: TORO IDAL TRIFASICO 250A/5mA (HUAWEI) | G187: UND | H187: 0
B188: 16 | C188: 63 | D188: 362 | E188: 16-63-362 | F188: TORO IDAL 100A/50mA | G188: UND | H188: 0
B189: 16 | C189: 63 | D189: 363 | E189: 16-63-363 | F189: TORO IDAL 100A/40mA | G189: UND | H189: 0
B190: 16 | C190: 63 | D190: 364 | E190: 16-63-364 | F190: TORO IDAL 250A/5A (LOVATO) | G190: UND | H190: 0
B191: 16 | C191: 63 | D191: 365 | E191: 16-63-365 | F191: TORO IDAL 200A/5A (LOVATO) | G191: UND | H191: 0
B192: 16 | C192: 63 | D192: 366 | E192: 16-63-366 | F192: TORO IDAL 400A/5A (SACI) | G192: UND | H192: 0
B193: 16 | C193: 63 | D193: 367 | E193: 16-63-367 | F193: TORO IDAL 600A/5A (SACI) | G193: UND | H193: 0
B194: 16 | C194: 63 | D194: 368 | E194: 16-63-368 | F194: TORO IDAL CT-100 P/MICROINVERSORES (ENPHASE) | G194: UND | H194: 0
B195: 16 | C195: 33 | D195: 369 | E195: 16-33-369 | F195: OPTIMIZADOR TS4-A-O (TIGO) | G195: UND | H195: 0
B196: 16 | C196: 65 | D196: 370 | E196: 16-65-370 | F196: ANTENA LSW-3 (IGEN) | G196: UND | H196: 0
... B205: 16 | C205: 55 | D205: 379 | E205: 16-55-379 | F205: MEDIDOR MONOFASICO M/INDIRECTA (CHINT) | G205: UND | H205: 0
B206: 16 | C206: 50 | D206: 380 | E206: 16-50-380 | F206: FUSIBLE 25A | G206: UND | H206: BELTRAN Y CRIADO
B207: 13 | C207: 67 | D207: 381 | E207: 13-67-381 | F207: CANALETA PLASTICA 40X40 | G207: UND | H207: BELTRAN Y CRIADO
B208: 13 | C208: 67 | D208: 382 | E208: 13-67-382 | F208: CANALETA PLASTICA 60X40 | G208: UND | H208: BELTRAN Y CRIADO
B209: 16 | C209: 45 | D209: 383 | E209: 16-45-383 | F209: CAJA BLANCA P/BATERIA (DYNNES) | G209: UND | H209: INVERSOLAR
B210: 7 | C210: 68 | D210: 384 | E210: 7-68-384 | F210: TECHO SIN ENVOLVENTE FWE12FT FONCOIL D/AGUA (DAIKIN) | G210: UND | H210: FERRETERIA UBETENSE
B211: 16 | C211: 69 | D211: 385 | E211: 16-69-385 | F211: TERMOSTATO ELECTRONICO FWEC1A FANCOIL (DAIKIN) | G211: UND | H211: FERRETERIA UBETENSE
B212: 16 | C212: 10 | D212: 386 | E212: 16-10-386 | F212: VALVULA 3 VIAS 3/4 M-M 313134 P/FANCOIS (WATTS) | G212: UND | H212: FERRETERIA UBETENSE
B213: 16 | C213: 70 | D213: 387 | E213: 16-70-387 | F213: ACTUADOR 230V PARA V/FANCOIL 22CX230NC2 (WATTS) | G213: UND | H213: FERRETERIA UBETENSE
B214: 8 | C214: 27 | D214: 388 | E214: 8-27-388 | F214: TORNILLO A/GALVANIZADO CON C/HEZAGONAL, R/COMPLETA, C/ARANDELA Y AUTOTALADRANTE 6.3X35 | G214: UND | H214: RECA
B215: 18 | C215: 71 | D215: 389 | E215: 18-71-389 | F215: BROCA HELICOIDAL CONICA 8,5mm | G215: UND | H215: RECA
B216: 13 | C216: 67 | D216: 390 | E216: 13-67-390 | F216: CANALETA PLASTICA 60X60 | G216: UND | H216: ECLIMEN
B217: 16 | C217: 72 | D217: 391 | E217: 16-72-391 | F217: RESISTENCIA D/ENCENDIDO 260W 1B-20X15X6-0 (2016) | G217: UND | H217: ECOFOREST
... B239: 7 | C239: 85 | D239: 413 | E239: 7-85-413 | F239: UNIDAD EXTERIOR DE BAMBA DE CALOR WH-UD12HE5 (PANASONIC) | G239: UND | H239: FERRETERIA UBETENSE
E240: -- | F240: 0 | G240: 0 | H240: 0
E241: -- | F241: 0 | G241: 0 | H241: 0
E242: -- | F242: 0 | G242: 0 | H242: 0
E243: -- | F243: 0 | G243: 0 | H243: 0
E244: -- | F244: 0 | G244: 0 | H244: 0
E245: -- | F245: 0 | G245: 0 | H245: 0
E246: -- | F246: 0 | G246: 0 | H246: 0
E247: -- | F247: 0 | G247: 0 | H247: 0
E248: -- | F248: 0 | G248: 0 | H248: 0
E249: -- | F249: 0 | G249: 0 | H249: 0
E250: -- | F250: 0 | G250: 0 | H250: 0
E251: -- | F251: 0 | G251: 0 | H251: 0
... E910: -- | F910: 0 | G910: 0 | H910: 0
B911: X | C911: X | D911: X | E911: X | F911: X | G911: X | H911: X | I911: X | J911: X | K911: X

Sheet FMT BASE ALMACENISTA
A1: FMT-03-ALM | C1: FORMATO ALISTAMIENTO DE MATERIALES (ALMACENISTA) | G1: CONSEC. # | I1: 33 | K1: REGISTRO | L1: PTE
A2: CLIENTE | G2: PARTE TRAB. # | I2: 33 | K2: DEVOLUCION | L2: PTE
A3: CIUDAD | F3: ALISTADO POR: FABIO GUTIERREZ | G3: FECHA REQUER.
A4: CUADIRILLA FORMADA POR:
A5: LINEA | B5: CODIGO | F5: DESCRIPCION | G5: UND MED. | H5: CANT. | I5: VERIFICA TECNICO | J5: FECHA | K5: DEVOLUC. | L5: CANT. REAL CONSUMIDA | M5: SERIAL Nª
A6: 1 | B6: 9 | C6: 2 | D6: 291 | E6: =CONCATENATE(B6,"-",C6,"-",D6) -> 9-2-291 | F6: =IFERROR(VLOOKUP(E6,'LISTA ITEMS (2)'!$E$2:$G$910,2,FALSE)," ") -> TUBO ELECTRICO PVC 25mm - 3mt(AISCAN) | G6: =IFERROR(VLOOKUP(E6,'LISTA ITEMS (2)'!$E$2:$G$910,3,FALSE)," ") -> UND | I6: si | L6: =+H6-K6 -> 0
A7: 2 | B7: 16 | C7: 52 | D7: 292 | E7: =CONCATENATE(B7,"-",C7,"-",D7) -> 16-52-292 | F7: =IFERROR(VLOOKUP(E7,'LISTA ITEMS (2)'!$E$2:$G$910,2,FALSE)," ") -> TERMICO EPBE63M1NC63M1NC40 1P+N C40 (MAXGE) | G7: =IFERROR(VLOOKUP(E7,'LISTA ITEMS (2)'!$E$2:$G$910,3,FALSE)," ") -> UND | I7: si | L7: =+H7-K7 -> 0
A8: 3 | B8: 13 | C8: 21 | D8: 181 | E8: =CONCATENATE(B8,"-",C8,"-",D8) -> 13-21-181 | F8: =IFERROR(VLOOKUP(E8,'LISTA ITEMS (2)'!$E$2:$G$910,2,FALSE)," ") -> TACO P/BRIDA NEGRO | G8: =IFERROR(VLOOKUP(E8,'LISTA ITEMS (2)'!$E$2:$G$910,3,FALSE)," ") -> UND | I8: si | L8: =+H8-K8 -> 0
A9: 4 | B9: 10 | C9: 37 | D9: 315 | E9: =CONCATENATE(B9,"-",C9,"-",D9) -> 10-37-315 | F9: =IFERROR(VLOOKUP(E9,'LISTA ITEMS (2)'!$E$2:$G$910,2,FALSE)," ") -> SOPORTE FINAL NEGRO | G9: =IFERROR(VLOOKUP(E9,'LISTA ITEMS (2)'!$E$2:$G$910,3,FALSE)," ") -> UND | I9: si | L9: =+H9-K9 -> 0
A10: 5 | B10: 10 | C10: 37 | D10: 330 | E10: =CONCATENATE(B10,"-",C10,"-",D10) -> 10-37-330 | F10: =IFERROR(VLOOKUP(E10,'LISTA ITEMS (2)'!$E$2:$G$910,2,FALSE)," ") -> SOPORTE EN L ALUMINIO GRIS | G10: =IFERROR(VLOOKUP(E10,'LISTA ITEMS (2)'!$E$2:$G$910,3,FALSE)," ") -> UND | I10: si | L10: =+H10-K10 -> 0
A11: 6 | B11: 10 | C11: 37 | D11: 232 | E11: =CONCATENATE(B11,"-",C11,"-",D11) -> 10-37-232 | F11: =IFERROR(VLOOKUP(E11,'LISTA ITEMS (2)'!$E$2:$G$910,2,FALSE)," ") -> SOPORTE CENTRAL NEGRO | G11: =IFERROR(VLOOKUP(E11,'LISTA ITEMS (2)'!$E$2:$G$910,3,FALSE)," ") -> UND | I11: si | L11: =+H11-K11 -> 0
A12: 7 | B12: 17 | C12: 44 | D12: 272 | E12: =CONCATENATE(B12,"-",C12,"-",D12) -> 17-44-272 | F12: =IFERROR(VLOOKUP(E12,'LISTA ITEMS (2)'!$E$2:$G$910,2,FALSE)," ") -> SELLANTE QUIMICO GRIS | G12: =IFERROR(VLOOKUP(E12,'LISTA ITEMS (2)'!$E$2:$G$910,3,FALSE)," ") -> UND | I12: si | L12: =+H12-K12 -> 0
A13: 8 | B13: 17 | C13: 44 | D13: 272 | E13: =CONCATENATE(B13,"-",C13,"-",D13) -> 17-44-272 | F13: =IFERROR(VLOOKUP(E13,'LISTA ITEMS (2)'!$E$2:$G$910,2,FALSE)," ") -> SELLANTE QUIMICO GRIS | G13: =IFERROR(VLOOKUP(E13,'LISTA ITEMS (2)'!$E$2:$G$910,3,FALSE)," ") -> UND | I13: si | L13: =+H13-K13 -> 0
A14: 9 | B14: 17 | C14: 44 | D14: 271 | E14: =CONCATENATE(B14,"-",C14,"-",D14) -> 17-44-271 | F14: =IFERROR(VLOOKUP(E14,'LISTA ITEMS (2)'!$E$2:$G$910,2,FALSE)," ") -> SELLANTE QUIMICO BLANCO | G14: =IFERROR(VLOOKUP(E14,'LISTA ITEMS (2)'!$E$2:$G$910,3,FALSE)," ") -> UND | I14: si | L14: =+H14-K14 -> 0
A15: 10 | B15: 17 | C15: 44 | D15: 271 | E15: =CONCATENATE(B15,"-",C15,"-",D15) -> 17-44-271 | F15: =IFERROR(VLOOKUP(E15,'LISTA ITEMS (2)'!$E$2:$G$910,2,FALSE)," ") -> SELLANTE QUIMICO BLANCO | G15: =IFERROR(VLOOKUP(E15,'LISTA ITEMS (2)'!$E$2:$G$910,3,FALSE)," ") -> UND | I15: si | L15: =+H15-K15 -> 0
A16: 11 | B16: 16 | C16: 48 | D16: 281 | E16: =CONCATENATE(B16,"-",C16,"-",D16) -> 16-48-281 | F16: =IFERROR(VLOOKUP(E16,'LISTA ITEMS (2)'!$E$2:$G$910,2,FALSE)," ") -> PORTA FUSIBLE SGF-32-DC (MAXGE) | G16: =IFERROR(VLOOKUP(E16,'LISTA ITEMS (2)'!$E$2:$G$910,3,FALSE)," ") -> UND | I16: si | L16: =+H16-K16 -> 0
A17: 12 | B17: 16 | C17: 53 | D17: 290 | E17: =CONCATENATE(B17,"-",C17,"-",D17) -> 16-53-290 | F17: =IFERROR(VLOOKUP(E17,'LISTA ITEMS (2)'!$E$2:$G$910,2,FALSE)," ") -> PINCHO DE COMUNICACIÓN WIFI SHINEWILAN X2 (GROWATT) | G17: =IFERROR(VLOOKUP(E17,'LISTA ITEMS (2)'!$E$2:$G$910,3,FALSE)," ") -> UND | I17: si | L17: =+H17-K17 -> 0
... A35: 30 | B35: 10 | C35: 15 | D35: 269 | E35: =CONCATENATE(B35,"-",C35,"-",D35) -> 10-15-269 | F35: =IFERROR(VLOOKUP(E35,'LISTA ITEMS (2)'!$E$2:$G$910,2,FALSE)," ") -> BARRA ALUMINIO PARA ESTRUCTURA 3.60mt | G35: =IFERROR(VLOOKUP(E35,'LISTA ITEMS (2)'!$E$2:$G$910,3,FALSE)," ") -> UND | I35: si | L35: =+H35-K35 -> 0
A36: 31 | E36: =CONCATENATE(B36,"-",C36,"-",D36) -> -- | F36: =IFERROR(VLOOKUP(E36,'LISTA ITEMS (2)'!$E$2:$G$910,2,FALSE)," ") -> 0 | G36: =IFERROR(VLOOKUP(E36,'LISTA ITEMS (2)'!$E$2:$G$910,3,FALSE)," ") -> 0 | I36: si | L36: =+H36-K36 -> 0
A37: 32 | E37: =CONCATENATE(B37,"-",C37,"-",D37) -> -- | F37: =IFERROR(VLOOKUP(E37,'LISTA ITEMS (2)'!$E$2:$G$910,2,FALSE)," ") -> 0 | G37: =IFERROR(VLOOKUP(E37,'LISTA ITEMS (2)'!$E$2:$G$910,3,FALSE)," ") -> 0 | I37: si | L37: =+H37-K37 -> 0
A38: 33 | E38: =CONCATENATE(B38,"-",C38,"-",D38) -> -- | F38: =IFERROR(VLOOKUP(E38,'LISTA ITEMS (2)'!$E$2:$G$910,2,FALSE)," ") -> 0 | G38: =IFERROR(VLOOKUP(E38,'LISTA ITEMS (2)'!$E$2:$G$910,3,FALSE)," ") -> 0 | I38: si | L38: =+H38-K38 -> 0
A39: 34 | E39: =CONCATENATE(B39,"-",C39,"-",D39) -> -- | F39: =IFERROR(VLOOKUP(E39,'LISTA ITEMS (2)'!$E$2:$G$910,2,FALSE)," ") -> 0 | G39: =IFERROR(VLOOKUP(E39,'LISTA ITEMS (2)'!$E$2:$G$910,3,FALSE)," ") -> 0 | I39: si | L39: =+H39-K39 -> 0
A40: 35 | E40: =CONCATENATE(B40,"-",C40,"-",D40) -> -- | F40: =IFERROR(VLOOKUP(E40,'LISTA ITEMS (2)'!$E$2:$G$910,2,FALSE)," ") -> 0 | G40: =IFERROR(VLOOKUP(E40,'LISTA ITEMS (2)'!$E$2:$G$910,3,FALSE)," ") -> 0 | I40: si | L40: =+H40-K40 -> 0
A41: 36 | E41: =CONCATENATE(B41,"-",C41,"-",D41) -> -- | F41: =IFERROR(VLOOKUP(E41,'LISTA ITEMS (2)'!$E$2:$G$910,2,FALSE)," ") -> 0 | G41: =IFERROR(VLOOKUP(E41,'LISTA ITEMS (2)'!$E$2:$G$910,3,FALSE)," ") -> 0 | I41: si | L41: =+H41-K41 -> 0
A42: 37 | E42: =CONCATENATE(B42,"-",C42,"-",D42) -> -- | F42: =IFERROR(VLOOKUP(E42,'LISTA ITEMS (2)'!$E$2:$G$910,2,FALSE)," ") -> 0 | G42: =IFERROR(VLOOKUP(E42,'LISTA ITEMS (2)'!$E$2:$G$910,3,FALSE)," ") -> 0 | I42: si | L42: =+H42-K42 -> 0
A43: 38 | E43: =CONCATENATE(B43,"-",C43,"-",D43) -> -- | F43: =IFERROR(VLOOKUP(E43,'LISTA ITEMS (2)'!$E$2:$G$910,2,FALSE)," ") -> 0 | G43: =IFERROR(VLOOKUP(E43,'LISTA ITEMS (2)'!$E$2:$G$910,3,FALSE)," ") -> 0 | I43: si | L43: =+H43-K43 -> 0
A44: 39 | E44: =CONCATENATE(B44,"-",C44,"-",D44) -> -- | F44: =IFERROR(VLOOKUP(E44,'LISTA ITEMS (2)'!$E$2:$G$910,2,FALSE)," ") -> 0 | G44: =IFERROR(VLOOKUP(E44,'LISTA ITEMS (2)'!$E$2:$G$910,3,FALSE)," ") -> 0 | I44: si | L44: =+H44-K44 -> 0
A46: NOTA: MA TERIALES REVISADOS POR EL TECNICO.

Sheet CONSOLIDADO
A1: ALM-07-SAL | E1: RELACION DETALLA DE SALIDAS DIARIAS | S1: CONSOLIDADO 1 | V1: CONSOLIDADO 1
A2: LINEA | B2: # FORMT. ALISTAM. | C2: PARTE TRABAJO # | D2: CLEINTE | E2: CIUDAD | F2: TECNICOS RESPONSABLE | G2: FECHA DE CARGUE | H2: GRUPO | I2: ELEM | J2: ITEM | K2: CONCATENADO | L2: DESCRIPCION | M2: UND MEDIDA | N2: CANT. ENTREGADA | O2: NOTA | P2: SERIAL | Q2: CANT. DEVOLUC. | S2: CODIGO | T2: DESCRIPCION | U2: UND. MED | V2: CANT. SALIDA | W2: CANT. DEVOL
A3: 1 | B3: 1 | C3: 2 | D3: JESUS MORALES BUSTOS | E3: JAEN | F3: HECTOR Y MANUEL | G3: 46055 | H3: 13 | I3: 22 | J3: 184 | K3: =CONCATENATE(H3,"-",I3,"-",J3) -> 13-22-184 | L3: =IFERROR(VLOOKUP(K3,'LISTA ITEMS (2)'!$E$2:$G$910,2,FALSE)," ") -> BRIDA P/EXTERIOR NEGRA | M3: =IFERROR(VLOOKUP(K3,'LISTA ITEMS (2)'!$E$2:$G$910,3,FALSE)," ") -> UND | N3: 100 | O3: INSTALACION DE INTERCAMBIADOR SPE 10KW | Q3: 50 | S3: 13-22-184 | T3: =VLOOKUP(S3,$K$2:$M$195,2,FALSE) -> BRIDA P/EXTERIOR NEGRA | U3: =VLOOKUP(S3,$K$2:$M$195,3,FALSE) -> UND | V3: =SUMIF($K$3:$K$195,S3,$N$3:$N$195) -> 500 | W3: =SUMIF($K$3:$K$195,S3,$Q$3:$Q$195) -> 100
A4: 2 | B4: 1 | C4: 2 | D4: JESUS MORALES BUSTOS | E4: JAEN | F4: HECTOR Y MANUEL | G4: 46055 | H4: 6 | I4: 23 | J4: 192 | K4: =CONCATENATE(H4,"-",I4,"-",J4) -> 6-23-192 | L4: =IFERROR(VLOOKUP(K4,'LISTA ITEMS (2)'!$E$2:$G$910,2,FALSE)," ") -> CINTA ACERO PERFORADA PARA MONTAJE | M4: =IFERROR(VLOOKUP(K4,'LISTA ITEMS (2)'!$E$2:$G$910,3,FALSE)," ") -> UND | N4: 2 | O4: INSTALACION DE INTERCAMBIADOR SPE 10KW | Q4: 2 | S4: 6-23-192 | T4: =VLOOKUP(S4,$K$2:$M$195,2,FALSE) -> CINTA ACERO PERFORADA PARA MONTAJE | U4: =VLOOKUP(S4,$K$2:$M$195,3,FALSE) -> UND | V4: =SUMIF($K$3:$K$195,S4,$N$3:$N$195) -> 9.5 | W4: =SUMIF($K$3:$K$195,S4,$Q$3:$Q$195) -> 3.5
A5: 3 | B5: 1 | C5: 2 | D5: JESUS MORALES BUSTOS | E5: JAEN | F5: HECTOR Y MANUEL | G5: 46055 | H5: 14 | I5: 24 | J5: 193 | K5: =CONCATENATE(H5,"-",I5,"-",J5) -> 14-24-193 | L5: =IFERROR(VLOOKUP(K5,'LISTA ITEMS (2)'!$E$2:$G$910,2,FALSE)," ") -> DISCO CORTE ACERO/INOX A1 2EN1 | M5: =IFERROR(VLOOKUP(K5,'LISTA ITEMS (2)'!$E$2:$G$910,3,FALSE)," ") -> UND | N5: 1 | O5: INSTALACION DE INTERCAMBIADOR SPE 10KW | Q5: 1 | S5: 14-24-193 | T5: =VLOOKUP(S5,$K$2:$M$195,2,FALSE) -> DISCO CORTE ACERO/INOX A1 2EN1 | U5: =VLOOKUP(S5,$K$2:$M$195,3,FALSE) -> UND | V5: =SUMIF($K$3:$K$195,S5,$N$3:$N$195) -> 7 | W5: =SUMIF($K$3:$K$195,S5,$Q$3:$Q$195) -> 2
A6: 4 | B6: 1 | C6: 2 | D6: JESUS MORALES BUSTOS | E6: JAEN | F6: HECTOR Y MANUEL | G6: 46055 | H6: 3 | I6: 31 | J6: 209 | K6: =CONCATENATE(H6,"-",I6,"-",J6) -> 3-31-209 | L6: =IFERROR(VLOOKUP(K6,'LISTA ITEMS (2)'!$E$2:$G$910,2,FALSE)," ") -> CABLE Nª 6 C/ALTERNA MARRON | M6: =IFERROR(VLOOKUP(K6,'LISTA ITEMS (2)'!$E$2:$G$910,3,FALSE)," ") -> MT | N6: 100 | O6: INSTALACION DE INTERCAMBIADOR SPE 10KW | Q6: 100 | S6: 3-31-209 | T6: =VLOOKUP(S6,$K$2:$M$195,2,FALSE) -> CABLE Nª 6 C/ALTERNA MARRON | U6: =VLOOKUP(S6,$K$2:$M$195,3,FALSE) -> MT | V6: =SUMIF($K$3:$K$195,S6,$N$3:$N$195) -> 200 | W6: =SUMIF($K$3:$K$195,S6,$Q$3:$Q$195) -> 130
A7: 5 | B7: 1 | C7: 2 | D7: JESUS MORALES BUSTOS | E7: JAEN | F7: HECTOR Y MANUEL | G7: 46055 | H7: 3 | I7: 31 | J7: 210 | K7: =CONCATENATE(H7,"-",I7,"-",J7) -> 3-31-210 | L7: =IFERROR(VLOOKUP(K7,'LISTA ITEMS (2)'!$E$2:$G$910,2,FALSE)," ") -> CABLE Nª 6 C/ALTERNA GRIS | M7: =IFERROR(VLOOKUP(K7,'LISTA ITEMS (2)'!$E$2:$G$910,3,FALSE)," ") -> MT | N7: 100 | O7: INSTALACION DE INTERCAMBIADOR SPE 10KW | Q7: 100 | S7: 3-31-210 | T7: =VLOOKUP(S7,$K$2:$M$195,2,FALSE) -> CABLE Nª 6 C/ALTERNA GRIS | U7: =VLOOKUP(S7,$K$2:$M$195,3,FALSE) -> MT | V7: =SUMIF($K$3:$K$195,S7,$N$3:$N$195) -> 200 | W7: =SUMIF($K$3:$K$195,S7,$Q$3:$Q$195) -> 130
A8: 6 | B8: 1 | C8: 2 | D8: JESUS MORALES BUSTOS | E8: JAEN | F8: HECTOR Y MANUEL | G8: 46055 | H8: 3 | I8: 31 | J8: 212 | K8: =CONCATENATE(H8,"-",I8,"-",J8) -> 3-31-212 | L8: =IFERROR(VLOOKUP(K8,'LISTA ITEMS (2)'!$E$2:$G$910,2,FALSE)," ") -> CABLE Nª 6 C/ALTERNA AZUL | M8: =IFERROR(VLOOKUP(K8,'LISTA ITEMS (2)'!$E$2:$G$910,3,FALSE)," ") -> MT | N8: 100 | O8: INSTALACION DE INTERCAMBIADOR SPE 10KW | Q8: 100 | S8: 3-31-212 | T8: =VLOOKUP(S8,$K$2:$M$195,2,FALSE) -> CABLE Nª 6 C/ALTERNA AZUL | U8: =VLOOKUP(S8,$K$2:$M$195,3,FALSE) -> MT | V8: =SUMIF($K$3:$K$195,S8,$N$3:$N$195) -> 300 | W8: =SUMIF($K$3:$K$195,S8,$Q$3:$Q$195) -> 200
A9: 7 | B9: 1 | C9: 2 | D9: JESUS MORALES BUSTOS | E9: JAEN | F9: HECTOR Y MANUEL | G9: 46055 | H9: 3 | I9: 31 | J9: 213 | K9: =CONCATENATE(H9,"-",I9,"-",J9) -> 3-31-213 | L9: =IFERROR(VLOOKUP(K9,'LISTA ITEMS (2)'!$E$2:$G$910,2,FALSE)," ") -> CABLE Nª 6 C/ALTERNA NEGRO | M9: =IFERROR(VLOOKUP(K9,'LISTA ITEMS (2)'!$E$2:$G$910,3,FALSE)," ") -> MT | N9: 100 | O9: INSTALACION DE INTERCAMBIADOR SPE 10KW | Q9: 100 | S9: 3-31-213 | T9: =VLOOKUP(S9,$K$2:$M$195,2,FALSE) -> CABLE Nª 6 C/ALTERNA NEGRO | U9: =VLOOKUP(S9,$K$2:$M$195,3,FALSE) -> MT | V9: =SUMIF($K$3:$K$195,S9,$N$3:$N$195) -> 200 | W9: =SUMIF($K$3:$K$195,S9,$Q$3:$Q$195) -> 200
A10: 8 | B10: 1 | C10: 2 | D10: JESUS MORALES BUSTOS | E10: JAEN | F10: HECTOR Y MANUEL | G10: 46055 | H10: 9 | I10: 32 | J10: 223 | K10: =CONCATENATE(H10,"-",I10,"-",J10) -> 9-32-223 | L10: =IFERROR(VLOOKUP(K10,'LISTA ITEMS (2)'!$E$2:$G$910,2,FALSE)," ") -> CURVA PVC M-25 GRIS TIPO A | M10: =IFERROR(VLOOKUP(K10,'LISTA ITEMS (2)'!$E$2:$G$910,3,FALSE)," ") -> UND | N10: =20*3 -> 60 | O10: INSTALACION DE INTERCAMBIADOR SPE 10KW | Q10: 22 | S10: 9-32-223 | T10: =VLOOKUP(S10,$K$2:$M$195,2,FALSE) -> CURVA PVC M-25 GRIS TIPO A | U10: =VLOOKUP(S10,$K$2:$M$195,3,FALSE) -> UND | V10: =SUMIF($K$3:$K$195,S10,$N$3:$N$195) -> 100 | W10: =SUMIF($K$3:$K$195,S10,$Q$3:$Q$195) -> 22
A11: 9 | B11: 1 | C11: 2 | D11: JESUS MORALES BUSTOS | E11: JAEN | F11: HECTOR Y MANUEL | G11: 46055 | H11: 4 | I11: 15 | J11: 267 | K11: =CONCATENATE(H11,"-",I11,"-",J11) -> 4-15-267 | L11: =IFERROR(VLOOKUP(K11,'LISTA ITEMS (2)'!$E$2:$G$910,2,FALSE)," ") -> BARRA PERFORADA PARA REFUERZO 20X10X2MT GALV. | M11: =IFERROR(VLOOKUP(K11,'LISTA ITEMS (2)'!$E$2:$G$910,3,FALSE)," ") -> UND | N11: 30 | O11: INSTALACION DE INTERCAMBIADOR SPE 10KW | S11: 4-15-267 | T11: =VLOOKUP(S11,$K$2:$M$195,2,FALSE) -> BARRA PERFORADA PARA REFUERZO 20X10X2MT GALV. | U11: =VLOOKUP(S11,$K$2:$M$195,3,FALSE) -> UND | V11: =SUMIF($K$3:$K$195,S11,$N$3:$N$195) -> 30 | W11: =SUMIF($K$3:$K$195,S11,$Q$3:$Q$195) -> 0
A12: 10 | B12: 1 | C12: 2 | D12: JESUS MORALES BUSTOS | E12: JAEN | F12: HECTOR Y MANUEL | G12: 46055 | H12: 10 | I12: 42 | J12: 268 | K12: =CONCATENATE(H12,"-",I12,"-",J12) -> 10-42-268 | L12: =IFERROR(VLOOKUP(K12,'LISTA ITEMS (2)'!$E$2:$G$910,2,FALSE)," ") -> PATA ALUMINIO PARA ESTRUCTURA PLACA SOLAR ANGULO 30º | M12: =IFERROR(VLOOKUP(K12,'LISTA ITEMS (2)'!$E$2:$G$910,3,FALSE)," ") -> UND | N12: 20 | O12: INSTALACION DE INTERCAMBIADOR SPE 10KW | Q12: 10 | S12: 10-42-268 | T12: =VLOOKUP(S12,$K$2:$M$195,2,FALSE) -> PATA ALUMINIO PARA ESTRUCTURA PLACA SOLAR ANGULO 30º | U12: =VLOOKUP(S12,$K$2:$M$195,3,FALSE) -> UND | V12: =SUMIF($K$3:$K$195,S12,$N$3:$N$195) -> 28 | W12: =SUMIF($K$3:$K$195,S12,$Q$3:$Q$195) -> 18
A13: 11 | B13: 1 | C13: 2 | D13: JESUS MORALES BUSTOS | E13: JAEN | F13: HECTOR Y MANUEL | G13: 46055 | H13: 10 | I13: 15 | J13: 269 | K13: =CONCATENATE(H13,"-",I13,"-",J13) -> 10-15-269 | L13: =IFERROR(VLOOKUP(K13,'LISTA ITEMS (2)'!$E$2:$G$910,2,FALSE)," ") -> BARRA ALUMINIO PARA ESTRUCTURA 3.60mt | M13: =IFERROR(VLOOKUP(K13,'LISTA ITEMS (2)'!$E$2:$G$910,3,FALSE)," ") -> UND | N13: 20 | O13: INSTALACION DE INTERCAMBIADOR SPE 10KW | S13: 10-15-269 | T13: =VLOOKUP(S13,$K$2:$M$195,2,FALSE) -> BARRA ALUMINIO PARA ESTRUCTURA 3.60mt | U13: =VLOOKUP(S13,$K$2:$M$195,3,FALSE) -> UND | V13: =SUMIF($K$3:$K$195,S13,$N$3:$N$195) -> 30 | W13: =SUMIF($K$3:$K$195,S13,$Q$3:$Q$195) -> 0
A14: 12 | B14: 1 | C14: 2 | D14: JESUS MORALES BUSTOS | E14: JAEN | F14: HECTOR Y MANUEL | G14: 46055 | H14: 13 | I14: 25 | J14: 255 | K14: =CONCATENATE(H14,"-",I14,"-",J14) -> 13-25-255 | L14: =IFERROR(VLOOKUP(K14,'LISTA ITEMS (2)'!$E$2:$G$910,2,FALSE)," ") -> ANCLAJE PLASTICO MULTIUSO C/COLLARIN 10X61MM | M14: =IFERROR(VLOOKUP(K14,'LISTA ITEMS (2)'!$E$2:$G$910,3,FALSE)," ") -> UND | N14: 50 | O14: INSTALACION DE INTERCAMBIADOR SPE 10KW | Q14: 50 | S14: 13-25-255 | T14: =VLOOKUP(S14,$K$2:$M$195,2,FALSE) -> ANCLAJE PLASTICO MULTIUSO C/COLLARIN 10X61MM | U14: =VLOOKUP(S14,$K$2:$M$195,3,FALSE) -> UND | V14: =SUMIF($K$3:$K$195,S14,$N$3:$N$195) -> 50 | W14: =SUMIF($K$3:$K$195,S14,$Q$3:$Q$195) -> 50
A15: 13 | B15: 1 | C15: 2 | D15: JESUS MORALES BUSTOS | E15: JAEN | F15: HECTOR Y MANUEL | G15: 46055 | H15: 10 | I15: 43 | J15: 270 | K15: =CONCATENATE(H15,"-",I15,"-",J15) -> 10-43-270 | L15: =IFERROR(VLOOKUP(K15,'LISTA ITEMS (2)'!$E$2:$G$910,2,FALSE)," ") -> EMPALME ALUMINIO P/BARRA | M15: =IFERROR(VLOOKUP(K15,'LISTA ITEMS (2)'!$E$2:$G$910,3,FALSE)," ") -> UND | N15: 15 | O15: INSTALACION DE INTERCAMBIADOR SPE 10KW | Q15: 15 | S15: 10-43-270 | T15: =VLOOKUP(S15,$K$2:$M$195,2,FALSE) -> EMPALME ALUMINIO P/BARRA | U15: =VLOOKUP(S15,$K$2:$M$195,3,FALSE) -> UND | V15: =SUMIF($K$3:$K$195,S15,$N$3:$N$195) -> 39 | W15: =SUMIF($K$3:$K$195,S15,$Q$3:$Q$195) -> 23
A16: 14 | B16: 1 | C16: 2 | D16: JESUS MORALES BUSTOS | E16: JAEN | F16: HECTOR Y MANUEL | G16: 46055 | H16: 17 | I16: 44 | J16: 271 | K16: =CONCATENATE(H16,"-",I16,"-",J16) -> 17-44-271 | L16: =IFERROR(VLOOKUP(K16,'LISTA ITEMS (2)'!$E$2:$G$910,2,FALSE)," ") -> SELLANTE QUIMICO BLANCO | M16: =IFERROR(VLOOKUP(K16,'LISTA ITEMS (2)'!$E$2:$G$910,3,FALSE)," ") -> UND | N16: 1 | O16: INSTALACION DE INTERCAMBIADOR SPE 10KW | Q16: 2 | S16: 17-44-271 | T16: =VLOOKUP(S16,$K$2:$M$195,2,FALSE) -> SELLANTE QUIMICO BLANCO | U16: =VLOOKUP(S16,$K$2:$M$195,3,FALSE) -> UND | V16: =SUMIF($K$3:$K$195,S16,$N$3:$N$195) -> 4 | W16: =SUMIF($K$3:$K$195,S16,$Q$3:$Q$195) -> 3
A17: 15 | B17: 1 | C17: 2 | D17: JESUS MORALES BUSTOS | E17: JAEN | F17: HECTOR Y MANUEL | G17: 46055 | H17: 17 | I17: 44 | J17: 272 | K17: =CONCATENATE(H17,"-",I17,"-",J17) -> 17-44-272 | L17: =IFERROR(VLOOKUP(K17,'LISTA ITEMS (2)'!$E$2:$G$910,2,FALSE)," ") -> SELLANTE QUIMICO GRIS | M17: =IFERROR(VLOOKUP(K17,'LISTA ITEMS (2)'!$E$2:$G$910,3,FALSE)," ") -> UND | N17: 1 | O17: INSTALACION DE INTERCAMBIADOR SPE 10KW | Q17: 0.5 | S17: 17-44-272 | T17: =VLOOKUP(S17,$K$2:$M$195,2,FALSE) -> SELLANTE QUIMICO GRIS | U17: =VLOOKUP(S17,$K$2:$M$195,3,FALSE) -> UND | V17: =SUMIF($K$3:$K$195,S17,$N$3:$N$195) -> 4 | W17: =SUMIF($K$3:$K$195,S17,$Q$3:$Q$195) -> 1.5
A18: 16 | B18: 1 | C18: 2 | D18: JESUS MORALES BUSTOS | E18: JAEN | F18: HECTOR Y MANUEL | G18: 46055 | H18: 7 | I18: 35 | J18: 274 | K18: =CONCATENATE(H18,"-",I18,"-",J18) -> 7-35-274 | L18: =IFERROR(VLOOKUP(K18,'LISTA ITEMS (2)'!$E$2:$G$910,2,FALSE)," ") -> INVERSOR HIBRIDO MONOFASICO SPE 10000ES 10KW BATER. BAJO VOLTAJE Y BACKUP INCORP. (GROWATT) | M18: =IFERROR(VLOOKUP(K18,'LISTA ITEMS (2)'!$E$2:$G$910,3,FALSE)," ") -> UND | N18: 1 | O18: INSTALACION DE INTERCAMBIADOR SPE 10KW S/N HAQ1F4P4JV | S18: 7-35-274 | T18: =VLOOKUP(S18,$K$2:$M$195,2,FALSE) -> INVERSOR HIBRIDO MONOFASICO SPE 10000ES 10KW BATER. BAJO VOLTAJE Y BACKUP INCORP. (GROWATT) | U18: =VLOOKUP(S18,$K$2:$M$195,3,FALSE) -> UND | V18: =SUMIF($K$3:$K$195,S18,$N$3:$N$195) -> 1 | W18: =SUMIF($K$3:$K$195,S18,$Q$3:$Q$195) -> 0
A19: 17 | B19: 1 | C19: 2 | D19: JESUS MORALES BUSTOS | E19: JAEN | F19: HECTOR Y MANUEL | G19: 46055 | H19: 16 | I19: 45 | J19: 275 | K19: =CONCATENATE(H19,"-",I19,"-",J19) -> 16-45-275 | L19: =IFERROR(VLOOKUP(K19,'LISTA ITEMS (2)'!$E$2:$G$910,2,FALSE)," ") -> CAJA DISTRIBUCION INTERIOR 18 ELEM. (SOLERA) | M19: =IFERROR(VLOOKUP(K19,'LISTA ITEMS (2)'!$E$2:$G$910,3,FALSE)," ") -> UND | N19: 1 | O19: INSTALACION DE INTERCAMBIADOR SPE 10KW S/N HAQ1F4P4JV | S19: 16-45-275 | T19: =VLOOKUP(S19,$K$2:$M$195,2,FALSE) -> CAJA DISTRIBUCION INTERIOR 18 ELEM. (SOLERA) | U19: =VLOOKUP(S19,$K$2:$M$195,3,FALSE) -> UND | V19: =SUMIF($K$3:$K$195,S19,$N$3:$N$195) -> 4 | W19: =SUMIF($K$3:$K$195,S19,$Q$3:$Q$195) -> 1
A20: 18 | B20: 1 | C20: 2 | D20: JESUS MORALES BUSTOS | E20: JAEN | F20: HECTOR Y MANUEL | G20: 46055 | H20: 16 | I20: 45 | J20: 276 | K20: =CONCATENATE(H20,"-",I20,"-",J20) -> 16-45-276 | L20: =IFERROR(VLOOKUP(K20,'LISTA ITEMS (2)'!$E$2:$G$910,2,FALSE)," ") -> CAJA ESTANCA (COCHERA) EXTERIOR 18PT (IDE) | M20: =IFERROR(VLOOKUP(K20,'LISTA ITEMS (2)'!$E$2:$G$910,3,FALSE)," ") -> UND | N20: 1 | O20: INSTALACION DE INTERCAMBIADOR SPE 10KW S/N HAQ1F4P4JV | S20: 16-45-276 | T20: =VLOOKUP(S20,$K$2:$M$195,2,FALSE) -> CAJA ESTANCA (COCHERA) EXTERIOR 18PT (IDE) | U20: =VLOOKUP(S20,$K$2:$M$195,3,FALSE) -> UND | V20: =SUMIF($K$3:$K$195,S20,$N$3:$N$195) -> 3 | W20: =SUMIF($K$3:$K$195,S20,$Q$3:$Q$195) -> 1
A21: 19 | B21: 1 | C21: 2 | D21: JESUS MORALES BUSTOS | E21: JAEN | F21: HECTOR Y MANUEL | G21: 46055 | H21: 3 | I21: 31 | J21: 277 | K21: =CONCATENATE(H21,"-",I21,"-",J21) -> 3-31-277 | L21: =IFERROR(VLOOKUP(K21,'LISTA ITEMS (2)'!$E$2:$G$910,2,FALSE)," ") -> CABLE Nª 6 P/PLACA SOLAR NEGRO | M21: =IFERROR(VLOOKUP(K21,'LISTA ITEMS (2)'!$E$2:$G$910,3,FALSE)," ") -> MT | N21: 30 | O21: INSTALACION DE INTERCAMBIADOR SPE 10KW S/N HAQ1F4P4JV | S21: 3-31-277 | T21: =VLOOKUP(S21,$K$2:$M$195,2,FALSE) -> CABLE Nª 6 P/PLACA SOLAR NEGRO | U21: =VLOOKUP(S21,$K$2:$M$195,3,FALSE) -> MT | V21: =SUMIF($K$3:$K$195,S21,$N$3:$N$195) -> 60 | W21: =SUMIF($K$3:$K$195,S21,$Q$3:$Q$195) -> 15
A22: 20 | B22: 1 | C22: 2 | D22: JESUS MORALES BUSTOS | E22: JAEN | F22: HECTOR Y MANUEL | G22: 46055 | H22: 3 | I22: 31 | J22: 278 | K22: =CONCATENATE(H22,"-",I22,"-",J22) -> 3-31-278 | L22: =IFERROR(VLOOKUP(K22,'LISTA ITEMS (2)'!$E$2:$G$910,2,FALSE)," ") -> CABLE Nª 6 P/PLACA SOLAR ROJO | M22: =IFERROR(VLOOKUP(K22,'LISTA ITEMS (2)'!$E$2:$G$910,3,FALSE)," ") -> MT | N22: 30 | O22: INSTALACION DE INTERCAMBIADOR SPE 10KW S/N HAQ1F4P4JV | S22: 3-31-278 | T22: =VLOOKUP(S22,$K$2:$M$195,2,FALSE) -> CABLE Nª 6 P/PLACA SOLAR ROJO | U22: =VLOOKUP(S22,$K$2:$M$195,3,FALSE) -> MT | V22: =SUMIF($K$3:$K$195,S22,$N$3:$N$195) -> 60 | W22: =SUMIF($K$3:$K$195,S22,$Q$3:$Q$195) -> 15
A23: 21 | B23: 1 | C23: 2 | D23: JESUS MORALES BUSTOS | E23: JAEN | F23: HECTOR Y MANUEL | G23: 46055 | H23: 16 | I23: 46 | J23: 279 | K23: =CONCATENATE(H23,"-",I23,"-",J23) -> 16-46-279 | L23: =IFERROR(VLOOKUP(K23,'LISTA ITEMS (2)'!$E$2:$G$910,2,FALSE)," ") -> MANGUERA CORRUGADA 25mm NEGRA | M23: =IFERROR(VLOOKUP(K23,'LISTA ITEMS (2)'!$E$2:$G$910,3,FALSE)," ") -> MT | N23: 1 | O23: INSTALACION DE INTERCAMBIADOR SPE 10KW S/N HAQ1F4P4JV | Q23: 1 | S23: 16-46-279 | T23: =VLOOKUP(S23,$K$2:$M$195,2,FALSE) -> MANGUERA CORRUGADA 25mm NEGRA | U23: =VLOOKUP(S23,$K$2:$M$195,3,FALSE) -> MT | V23: =SUMIF($K$3:$K$195,S23,$N$3:$N$195) -> 1 | W23: =SUMIF($K$3:$K$195,S23,$Q$3:$Q$195) -> 1
A24: 22 | B24: 1 | C24: 2 | D24: JESUS MORALES BUSTOS | E24: JAEN | F24: HECTOR Y MANUEL | G24: 46055 | H24: 3 | I24: 31 | J24: 222 | K24: =CONCATENATE(H24,"-",I24,"-",J24) -> 3-31-222 | L24: =IFERROR(VLOOKUP(K24,'LISTA ITEMS (2)'!$E$2:$G$910,2,FALSE)," ") -> CABLE Nª 10 C/ALTERNA NEGRO | M24: =IFERROR(VLOOKUP(K24,'LISTA ITEMS (2)'!$E$2:$G$910,3,FALSE)," ") -> MT | N24: 100 | O24: INSTALACION DE INTERCAMBIADOR SPE 10KW S/N HAQ1F4P4JV | Q24: 88 | S24: 3-31-222 | T24: =VLOOKUP(S24,$K$2:$M$195,2,FALSE) -> CABLE Nª 10 C/ALTERNA NEGRO | U24: =VLOOKUP(S24,$K$2:$M$195,3,FALSE) -> MT | V24: =SUMIF($K$3:$K$195,S24,$N$3:$N$195) -> 180 | W24: =SUMIF($K$3:$K$195,S24,$Q$3:$Q$195) -> 113
A25: 23 | B25: 1 | C25: 2 | D25: JESUS MORALES BUSTOS | E25: JAEN | F25: HECTOR Y MANUEL | G25: 46055 | H25: 3 | I25: 31 | J25: 221 | K25: =CONCATENATE(H25,"-",I25,"-",J25) -> 3-31-221 | L25: =IFERROR(VLOOKUP(K25,'LISTA ITEMS (2)'!$E$2:$G$910,2,FALSE)," ") -> CABLE Nª 10 C/ALTERNA AZUL | M25: =IFERROR(VLOOKUP(K25,'LISTA ITEMS (2)'!$E$2:$G$910,3,FALSE)," ") -> MT | N25: 100 | O25: INSTALACION DE INTERCAMBIADOR SPE 10KW S/N HAQ1F4P4JV | Q25: 88 | S25: 3-31-221 | T25: =VLOOKUP(S25,$K$2:$M$195,2,FALSE) -> CABLE Nª 10 C/ALTERNA AZUL | U25: =VLOOKUP(S25,$K$2:$M$195,3,FALSE) -> MT | V25: =SUMIF($K$3:$K$195,S25,$N$3:$N$195) -> 200 | W25: =SUMIF($K$3:$K$195,S25,$Q$3:$Q$195) -> 113
A26: 24 | B26: 1 | C26: 2 | D26: JESUS MORALES BUSTOS | E26: JAEN | F26: HECTOR Y MANUEL | G26: 46055 | H26: 3 | I26: 31 | J26: 220 | K26: =CONCATENATE(H26,"-",I26,"-",J26) -> 3-31-220 | L26: =IFERROR(VLOOKUP(K26,'LISTA ITEMS (2)'!$E$2:$G$910,2,FALSE)," ") -> CABLE Nª 10 C/ALTERNA GRIS | M26: =IFERROR(VLOOKUP(K26,'LISTA ITEMS (2)'!$E$2:$G$910,3,FALSE)," ") -> MT | N26: 100 | O26: INSTALACION DE INTERCAMBIADOR SPE 10KW S/N HAQ1F4P4JV | Q26: 88 | S26: 3-31-220 | T26: =VLOOKUP(S26,$K$2:$M$195,2,FALSE) -> CABLE Nª 10 C/ALTERNA GRIS | U26: =VLOOKUP(S26,$K$2:$M$195,3,FALSE) -> MT | V26: =SUMIF($K$3:$K$195,S26,$N$3:$N$195) -> 200 | W26: =SUMIF($K$3:$K$195,S26,$Q$3:$Q$195) -> 168
A27: 25 | B27: 1 | C27: 2 | D27: JESUS MORALES BUSTOS | E27: JAEN | F27: HECTOR Y MANUEL | G27: 46055 | H27: 3 | I27: 31 | J27: 219 | K27: =CONCATENATE(H27,"-",I27,"-",J27) -> 3-31-219 | L27: =IFERROR(VLOOKUP(K27,'LISTA ITEMS (2)'!$E$2:$G$910,2,FALSE)," ") -> CABLE Nª 10 C/ALTERNA MARRON | M27: =IFERROR(VLOOKUP(K27,'LISTA ITEMS (2)'!$E$2:$G$910,3,FALSE)," ") -> MT | N27: 100 | O27: INSTALACION DE INTERCAMBIADOR SPE 10KW S/N HAQ1F4P4JV | Q27: 88 | S27: 3-31-219 | T27: =VLOOKUP(S27,$K$2:$M$195,2,FALSE) -> CABLE Nª 10 C/ALTERNA MARRON | U27: =VLOOKUP(S27,$K$2:$M$195,3,FALSE) -> MT | V27: =SUMIF($K$3:$K$195,S27,$N$3:$N$195) -> 160 | W27: =SUMIF($K$3:$K$195,S27,$Q$3:$Q$195) -> 113
A28: 26 | B28: 1 | C28: 2 | D28: JESUS MORALES BUSTOS | E28: JAEN | F28: HECTOR Y MANUEL | G28: 46055 | H28: 3 | I28: 31 | J28: 218 | K28: =CONCATENATE(H28,"-",I28,"-",J28) -> 3-31-218 | L28: =IFERROR(VLOOKUP(K28,'LISTA ITEMS (2)'!$E$2:$G$910,2,FALSE)," ") -> CABLE Nª 10 C/ALTERNA VERDE/AMARILLO | M28: =IFERROR(VLOOKUP(K28,'LISTA ITEMS (2)'!$E$2:$G$910,3,FALSE)," ") -> MT | N28: 60 | O28: INSTALACION DE INTERCAMBIADOR SPE 10KW S/N HAQ1F4P4JV | Q28: 88 | S28: 3-31-218 | T28: =VLOOKUP(S28,$K$2:$M$195,2,FALSE) -> CABLE Nª 10 C/ALTERNA VERDE/AMARILLO | U28: =VLOOKUP(S28,$K$2:$M$195,3,FALSE) -> MT | V28: =SUMIF($K$3:$K$195,S28,$N$3:$N$195) -> 130 | W28: =SUMIF($K$3:$K$195,S28,$Q$3:$Q$195) -> 113
A29: 27 | B29: 1 | C29: 2 | D29: JESUS MORALES BUSTOS | E29: JAEN | F29: HECTOR Y MANUEL | G29: 46055 | H29: 16 | I29: 47 | J29: 280 | K29: =CONCATENATE(H29,"-",I29,"-",J29) -> 16-47-280 | L29: =IFERROR(VLOOKUP(K29,'LISTA ITEMS (2)'!$E$2:$G$910,2,FALSE)," ") -> DIFERENCIAL EPR2A063030 2P-63A-30mA (MAXGE) | M29: =IFERROR(VLOOKUP(K29,'LISTA ITEMS (2)'!$E$2:$G$910,3,FALSE)," ") -> UND | N29: 2 | O29: INSTALACION DE INTERCAMBIADOR SPE 10KW S/N HAQ1F4P4JV | Q29: 1 | S29: 16-47-280 | T29: =VLOOKUP(S29,$K$2:$M$195,2,FALSE) -> DIFERENCIAL EPR2A063030 2P-63A-30mA (MAXGE) | U29: =VLOOKUP(S29,$K$2:$M$195,3,FALSE) -> UND | V29: =SUMIF($K$3:$K$195,S29,$N$3:$N$195) -> 3 | W29: =SUMIF($K$3:$K$195,S29,$Q$3:$Q$195) -> 1
A30: 28 | B30: 1 | C30: 2 | D30: JESUS MORALES BUSTOS | E30: JAEN | F30: HECTOR Y MANUEL | G30: 46055 | H30: 16 | I30: 48 | J30: 281 | K30: =CONCATENATE(H30,"-",I30,"-",J30) -> 16-48-281 | L30: =IFERROR(VLOOKUP(K30,'LISTA ITEMS (2)'!$E$2:$G$910,2,FALSE)," ") -> PORTA FUSIBLE SGF-32-DC (MAXGE) | M30: =IFERROR(VLOOKUP(K30,'LISTA ITEMS (2)'!$E$2:$G$910,3,FALSE)," ") -> UND | N30: 4 | O30: INSTALACION DE INTERCAMBIADOR SPE 10KW S/N HAQ1F4P4JV | S30: 16-48-281 | T30: =VLOOKUP(S30,$K$2:$M$195,2,FALSE) -> PORTA FUSIBLE SGF-32-DC (MAXGE) | U30: =VLOOKUP(S30,$K$2:$M$195,3,FALSE) -> UND | V30: =SUMIF($K$3:$K$195,S30,$N$3:$N$195) -> 4 | W30: =SUMIF($K$3:$K$195,S30,$Q$3:$Q$195) -> 0
A31: 29 | B31: 1 | C31: 2 | D31: JESUS MORALES BUSTOS | E31: JAEN | F31: HECTOR Y MANUEL | G31: 46055 | H31: 16 | I31: 49 | J31: 282 | K31: =CONCATENATE(H31,"-",I31,"-",J31) -> 16-49-282 | L31: =IFERROR(VLOOKUP(K31,'LISTA ITEMS (2)'!$E$2:$G$910,2,FALSE)," ") -> CONTACTOR MODULAR RV32 (REVALCO) | M31: =IFERROR(VLOOKUP(K31,'LISTA ITEMS (2)'!$E$2:$G$910,3,FALSE)," ") -> UND | N31: 1 | O31: INSTALACION DE INTERCAMBIADOR SPE 10KW S/N HAQ1F4P4JV | S31: 16-49-282 | T31: =VLOOKUP(S31,$K$2:$M$195,2,FALSE) -> CONTACTOR MODULAR RV32 (REVALCO) | U31: =VLOOKUP(S31,$K$2:$M$195,3,FALSE) -> UND | V31: =SUMIF($K$3:$K$195,S31,$N$3:$N$195) -> 2 | W31: =SUMIF($K$3:$K$195,S31,$Q$3:$Q$195) -> 0
A32: 30 | B32: 1 | C32: 2 | D32: JESUS MORALES BUSTOS | E32: JAEN | F32: HECTOR Y MANUEL | G32: 46055 | H32: 16 | I32: 50 | J32: 283 | K32: =CONCATENATE(H32,"-",I32,"-",J32) -> 16-50-283 | L32: =IFERROR(VLOOKUP(K32,'LISTA ITEMS (2)'!$E$2:$G$910,2,FALSE)," ") -> FUSIBLE 32A-1000VDC (SASSIN) | M32: =IFERROR(VLOOKUP(K32,'LISTA ITEMS (2)'!$E$2:$G$910,3,FALSE)," ") -> UND | N32: 10 | O32: INSTALACION DE INTERCAMBIADOR SPE 10KW S/N HAQ1F4P4JV | Q32: 6 | S32: 16-50-283 | T32: =VLOOKUP(S32,$K$2:$M$195,2,FALSE) -> FUSIBLE 32A-1000VDC (SASSIN) | U32: =VLOOKUP(S32,$K$2:$M$195,3,FALSE) -> UND | V32: =SUMIF($K$3:$K$195,S32,$N$3:$N$195) -> 10 | W32: =SUMIF($K$3:$K$195,S32,$Q$3:$Q$195) -> 6
A33: 31 | B33: 1 | C33: 2 | D33: JESUS MORALES BUSTOS | E33: JAEN | F33: HECTOR Y MANUEL | G33: 46055 | H33: 16 | I33: 51 | J33: 284 | K33: =CONCATENATE(H33,"-",I33,"-",J33) -> 16-51-284 | L33: =IFERROR(VLOOKUP(K33,'LISTA ITEMS (2)'!$E$2:$G$910,2,FALSE)," ") -> LIMITADOR MONOFASICO 3SU1 15/30kA-275V (SASSIN) | M33: =IFERROR(VLOOKUP(K33,'LISTA ITEMS (2)'!$E$2:$G$910,3,FALSE)," ") -> UND | N33: 1 | O33: INSTALACION DE INTERCAMBIADOR SPE 10KW S/N HAQ1F4P4JV | S33: 16-51-284 | T33: =VLOOKUP(S33,$K$2:$M$195,2,FALSE) -> LIMITADOR MONOFASICO 3SU1 15/30kA-275V (SASSIN) | U33: =VLOOKUP(S33,$K$2:$M$195,3,FALSE) -> UND | V33: =SUMIF($K$3:$K$195,S33,$N$3:$N$195) -> 1 | W33: =SUMIF($K$3:$K$195,S33,$Q$3:$Q$195) -> 0
A34: 32 | B34: 1 | C34: 2 | D34: JESUS MORALES BUSTOS | E34: JAEN | F34: HECTOR Y MANUEL | G34: 46055 | H34: 16 | I34: 52 | J34: 285 | K34: =CONCATENATE(H34,"-",I34,"-",J34) -> 16-52-285 | L34: =IFERROR(VLOOKUP(K34,'LISTA ITEMS (2)'!$E$2:$G$910,2,FALSE)," ") -> TERMICO EPBE63M1NC63 1P+N C63 (MAXGE) | M34: =IFERROR(VLOOKUP(K34,'LISTA ITEMS (2)'!$E$2:$G$910,3,FALSE)," ") -> UND | N34: 2 | O34: INSTALACION DE INTERCAMBIADOR SPE 10KW S/N HAQ1F4P4JV | Q34: 1 | S34: 16-52-285 | T34: =VLOOKUP(S34,$K$2:$M$195,2,FALSE) -> TERMICO EPBE63M1NC63 1P+N C63 (MAXGE) | U34: =VLOOKUP(S34,$K$2:$M$195,3,FALSE) -> UND | V34: =SUMIF($K$3:$K$195,S34,$N$3:$N$195) -> 3 | W34: =SUMIF($K$3:$K$195,S34,$Q$3:$Q$195) -> 1
A35: 33 | B35: 2 | C35: 4 | D35: ILDEFONSO MONILLAS CAMPAN | E35: MANCHA REAL | F35: HECTOR Y JAVI | G35: 46179 | H35: 13 | I35: 21 | J35: 181 | K35: =CONCATENATE(H35,"-",I35,"-",J35) -> 13-21-181 | L35: =IFERROR(VLOOKUP(K35,'LISTA ITEMS (2)'!$E$2:$G$910,2,FALSE)," ") -> TACO P/BRIDA NEGRO | M35: =IFERROR(VLOOKUP(K35,'LISTA ITEMS (2)'!$E$2:$G$910,3,FALSE)," ") -> UND | N35: 100 | O35: INSTALACION DE 8 PLACAS | Q35: 100 | S35: 13-21-181 | T35: =VLOOKUP(S35,$K$2:$M$195,2,FALSE) -> TACO P/BRIDA NEGRO | U35: =VLOOKUP(S35,$K$2:$M$195,3,FALSE) -> UND | V35: =SUMIF($K$3:$K$195,S35,$N$3:$N$195) -> 300 | W35: =SUMIF($K$3:$K$195,S35,$Q$3:$Q$195) -> 100
A36: 34 | B36: 2 | C36: 4 | D36: ILDEFONSO MONILLAS CAMPAN | E36: MANCHA REAL | F36: HECTOR Y JAVI | G36: 46179 | H36: 13 | I36: 22 | J36: 183 | K36: =CONCATENATE(H36,"-",I36,"-",J36) -> 13-22-183 | L36: =IFERROR(VLOOKUP(K36,'LISTA ITEMS (2)'!$E$2:$G$910,2,FALSE)," ") -> BRIDA P/INTERIOR NEGRA | M36: =IFERROR(VLOOKUP(K36,'LISTA ITEMS (2)'!$E$2:$G$910,3,FALSE)," ") -> UND | N36: 100 | O36: INSTALACION DE 8 PLACAS | Q36: 100 | S36: 13-22-183 | T36: =VLOOKUP(S36,$K$2:$M$195,2,FALSE) -> BRIDA P/INTERIOR NEGRA | U36: =VLOOKUP(S36,$K$2:$M$195,3,FALSE) -> UND | V36: =SUMIF($K$3:$K$195,S36,$N$3:$N$195) -> 200 | W36: =SUMIF($K$3:$K$195,S36,$Q$3:$Q$195) -> 100
A37: 35 | B37: 2 | C37: 4 | D37: ILDEFONSO MONILLAS CAMPAN | E37: MANCHA REAL | F37: HECTOR Y JAVI | G37: 46179 | H37: 13 | I37: 22 | J37: 184 | K37: =CONCATENATE(H37,"-",I37,"-",J37) -> 13-22-184 | L37: =IFERROR(VLOOKUP(K37,'LISTA ITEMS (2)'!$E$2:$G$910,2,FALSE)," ") -> BRIDA P/EXTERIOR NEGRA | M37: =IFERROR(VLOOKUP(K37,'LISTA ITEMS (2)'!$E$2:$G$910,3,FALSE)," ") -> UND | N37: 50 | O37: INSTALACION DE 8 PLACAS | Q37: 50
A38: 36 | B38: 2 | C38: 4 | D38: ILDEFONSO MONILLAS CAMPAN | E38: MANCHA REAL | F38: HECTOR Y JAVI | G38: 46179 | H38: 10 | I38: 37 | J38: 232 | K38: =CONCATENATE(H38,"-",I38,"-",J38) -> 10-37-232 | L38: =IFERROR(VLOOKUP(K38,'LISTA ITEMS (2)'!$E$2:$G$910,2,FALSE)," ") -> SOPORTE CENTRAL NEGRO | M38: =IFERROR(VLOOKUP(K38,'LISTA ITEMS (2)'!$E$2:$G$910,3,FALSE)," ") -> UND | N38: 25 | O38: INSTALACION DE 8 PLACAS | Q38: 25 | S38: 10-37-232 | T38: =VLOOKUP(S38,$K$2:$M$195,2,FALSE) -> SOPORTE CENTRAL NEGRO | U38: =VLOOKUP(S38,$K$2:$M$195,3,FALSE) -> UND | V38: =SUMIF($K$3:$K$195,S38,$N$3:$N$195) -> 80 | W38: =SUMIF($K$3:$K$195,S38,$Q$3:$Q$195) -> 25
A39: 37 | B39: 2 | C39: 4 | D39: ILDEFONSO MONILLAS CAMPAN | E39: MANCHA REAL | F39: HECTOR Y JAVI | G39: 46179 | H39: 10 | I39: 37 | J39: 315 | K39: =CONCATENATE(H39,"-",I39,"-",J39) -> 10-37-315 | L39: =IFERROR(VLOOKUP(K39,'LISTA ITEMS (2)'!$E$2:$G$910,2,FALSE)," ") -> SOPORTE FINAL NEGRO | M39: =IFERROR(VLOOKUP(K39,'LISTA ITEMS (2)'!$E$2:$G$910,3,FALSE)," ") -> UND | N39: 25 | O39: INSTALACION DE 8 PLACAS | Q39: 25 | S39: 10-37-315 | T39: =VLOOKUP(S39,$K$2:$M$195,2,FALSE) -> SOPORTE FINAL NEGRO | U39: =VLOOKUP(S39,$K$2:$M$195,3,FALSE) -> UND | V39: =SUMIF($K$3:$K$195,S39,$N$3:$N$195) -> 80 | W39: =SUMIF($K$3:$K$195,S39,$Q$3:$Q$195) -> 25
A40: 38 | B40: 2 | C40: 4 | D40: ILDEFONSO MONILLAS CAMPAN | E40: MANCHA REAL | F40: HECTOR Y JAVI | G40: 46179 | H40: 6 | I40: 23 | J40: 192 | K40: =CONCATENATE(H40,"-",I40,"-",J40) -> 6-23-192 | L40: =IFERROR(VLOOKUP(K40,'LISTA ITEMS (2)'!$E$2:$G$910,2,FALSE)," ") -> CINTA ACERO PERFORADA PARA MONTAJE | M40: =IFERROR(VLOOKUP(K40,'LISTA ITEMS (2)'!$E$2:$G$910,3,FALSE)," ") -> UND | N40: 3 | O40: INSTALACION DE 8 PLACAS | Q40: 1.5
A41: 39 | B41: 2 | C41: 4 | D41: ILDEFONSO MONILLAS CAMPAN | E41: MANCHA REAL | F41: HECTOR Y JAVI | G41: 46179 | H41: 16 | I41: 45 | J41: 294 | K41: =CONCATENATE(H41,"-",I41,"-",J41) -> 16-45-294 | L41: =IFERROR(VLOOKUP(K41,'LISTA ITEMS (2)'!$E$2:$G$910,2,FALSE)," ") -> CAJA DE ESTANCA 133X180X80 EV161 (IDE) | M41: =IFERROR(VLOOKUP(K41,'LISTA ITEMS (2)'!$E$2:$G$910,3,FALSE)," ") -> UND | N41: 1 | O41: INSTALACION DE 8 PLACAS | S41: 16-45-294 | T41: =VLOOKUP(S41,$K$2:$M$195,2,FALSE) -> CAJA DE ESTANCA 133X180X80 EV161 (IDE) | U41: =VLOOKUP(S41,$K$2:$M$195,3,FALSE) -> UND | V41: =SUMIF($K$3:$K$195,S41,$N$3:$N$195) -> 2 | W41: =SUMIF($K$3:$K$195,S41,$Q$3:$Q$195) -> 0
A42: 40 | B42: 2 | C42: 4 | D42: ILDEFONSO MONILLAS CAMPAN | E42: MANCHA REAL | F42: HECTOR Y JAVI | G42: 46179 | H42: 10 | I42: 43 | J42: 270 | K42: =CONCATENATE(H42,"-",I42,"-",J42) -> 10-43-270 | L42: =IFERROR(VLOOKUP(K42,'LISTA ITEMS (2)'!$E$2:$G$910,2,FALSE)," ") -> EMPALME ALUMINIO P/BARRA | M42: =IFERROR(VLOOKUP(K42,'LISTA ITEMS (2)'!$E$2:$G$910,3,FALSE)," ") -> UND | N42: 8 | O42: INSTALACION DE 8 PLACAS | Q42: 8
A43: 41 | B43: 2 | C43: 4 | D43: ILDEFONSO MONILLAS CAMPAN | E43: MANCHA REAL | F43: HECTOR Y JAVI | G43: 46179 | H43: 16 | I43: 45 | J43: 276 | K43: =CONCATENATE(H43,"-",I43,"-",J43) -> 16-45-276 | L43: =IFERROR(VLOOKUP(K43,'LISTA ITEMS (2)'!$E$2:$G$910,2,FALSE)," ") -> CAJA ESTANCA (COCHERA) EXTERIOR 18PT (IDE) | M43: =IFERROR(VLOOKUP(K43,'LISTA ITEMS (2)'!$E$2:$G$910,3,FALSE)," ") -> UND | N43: 1 | O43: INSTALACION DE 8 PLACAS | Q43: 1
A44: 42 | B44: 2 | C44: 4 | D44: ILDEFONSO MONILLAS CAMPAN | E44: MANCHA REAL | F44: HECTOR Y JAVI | G44: 46179 | H44: 16 | I44: 45 | J44: 317 | K44: =CONCATENATE(H44,"-",I44,"-",J44) -> 16-45-317 | L44: =IFERROR(VLOOKUP(K44,'LISTA ITEMS (2)'!$E$2:$G$910,2,FALSE)," ") -> CAJA DISTRIBUCION INTERIOR 8 ELEM. (SOLERA) | M44: =IFERROR(VLOOKUP(K44,'LISTA ITEMS (2)'!$E$2:$G$910,3,FALSE)," ") -> UND | N44: 1 | O44: INSTALACION DE 8 PLACAS | Q44: 1 | S44: 16-45-317 | T44: =VLOOKUP(S44,$K$2:$M$195,2,FALSE) -> CAJA DISTRIBUCION INTERIOR 8 ELEM. (SOLERA) | U44: =VLOOKUP(S44,$K$2:$M$195,3,FALSE) -> UND | V44: =SUMIF($K$3:$K$195,S44,$N$3:$N$195) -> 2 | W44: =SUMIF($K$3:$K$195,S44,$Q$3:$Q$195) -> 1
A45: 43 | B45: 2 | C45: 4 | D45: ILDEFONSO MONILLAS CAMPAN | E45: MANCHA REAL | F45: HECTOR Y JAVI | G45: 46179 | H45: 16 | I45: 47 | J45: 318 | K45: =CONCATENATE(H45,"-",I45,"-",J45) -> 16-47-318 | L45: =IFERROR(VLOOKUP(K45,'LISTA ITEMS (2)'!$E$2:$G$910,2,FALSE)," ") -> DIFERENCIAL EPR2A040030 2P-40A-30mA (MAXGE) | M45: =IFERROR(VLOOKUP(K45,'LISTA ITEMS (2)'!$E$2:$G$910,3,FALSE)," ") -> UND | N45: 1 | O45: INSTALACION DE 8 PLACAS | S45: 16-47-318 | T45: =VLOOKUP(S45,$K$2:$M$195,2,FALSE) -> DIFERENCIAL EPR2A040030 2P-40A-30mA (MAXGE) | U45: =VLOOKUP(S45,$K$2:$M$195,3,FALSE) -> UND | V45: =SUMIF($K$3:$K$195,S45,$N$3:$N$195) -> 4 | W45: =SUMIF($K$3:$K$195,S45,$Q$3:$Q$195) -> 0
A46: 44 | B46: 2 | C46: 4 | D46: ILDEFONSO MONILLAS CAMPAN | E46: MANCHA REAL | F46: HECTOR Y JAVI | G46: 46179 | H46: 16 | I46: 52 | J46: 319 | K46: =CONCATENATE(H46,"-",I46,"-",J46) -> 16-52-319 | L46: =IFERROR(VLOOKUP(K46,'LISTA ITEMS (2)'!$E$2:$G$910,2,FALSE)," ") -> TERMICO EPBE63M1NC25 1P+N C25 (MAXGE) | M46: =IFERROR(VLOOKUP(K46,'LISTA ITEMS (2)'!$E$2:$G$910,3,FALSE)," ") -> UND | N46: 1 | O46: INSTALACION DE 8 PLACAS | S46: 16-52-319 | T46: =VLOOKUP(S46,$K$2:$M$195,2,FALSE) -> TERMICO EPBE63M1NC25 1P+N C25 (MAXGE) | U46: =VLOOKUP(S46,$K$2:$M$195,3,FALSE) -> UND | V46: =SUMIF($K$3:$K$195,S46,$N$3:$N$195) -> 1 | W46: =SUMIF($K$3:$K$195,S46,$Q$3:$Q$195) -> 0
A47: 45 | B47: 2 | C47: 4 | D47: ILDEFONSO MONILLAS CAMPAN | E47: MANCHA REAL | F47: HECTOR Y JAVI | G47: 46179 | H47: 16 | I47: 45 | J47: 275 | K47: =CONCATENATE(H47,"-",I47,"-",J47) -> 16-45-275 | L47: =IFERROR(VLOOKUP(K47,'LISTA ITEMS (2)'!$E$2:$G$910,2,FALSE)," ") -> CAJA DISTRIBUCION INTERIOR 18 ELEM. (SOLERA) | M47: =IFERROR(VLOOKUP(K47,'LISTA ITEMS (2)'!$E$2:$G$910,3,FALSE)," ") -> UND | N47: 1 | O47: INSTALACION DE 8 PLACAS | Q47: 1
A48: 46 | B48: 2 | C48: 4 | D48: ILDEFONSO MONILLAS CAMPAN | E48: MANCHA REAL | F48: HECTOR Y JAVI | G48: 46179 | H48: 16 | I48: 45 | J48: 299 | K48: =CONCATENATE(H48,"-",I48,"-",J48) -> 16-45-299 | L48: =IFERROR(VLOOKUP(K48,'LISTA ITEMS (2)'!$E$2:$G$910,2,FALSE)," ") -> CAJA ESTANCA (COCHERA) EXTERIOR 8PT (IDE) | M48: =IFERROR(VLOOKUP(K48,'LISTA ITEMS (2)'!$E$2:$G$910,3,FALSE)," ") -> UND | N48: 1 | O48: INSTALACION DE 8 PLACAS | S48: 16-45-299 | T48: =VLOOKUP(S48,$K$2:$M$195,2,FALSE) -> CAJA ESTANCA (COCHERA) EXTERIOR 8PT (IDE) | U48: =VLOOKUP(S48,$K$2:$M$195,3,FALSE) -> UND | V48: =SUMIF($K$3:$K$195,S48,$N$3:$N$195) -> 1 | W48: =SUMIF($K$3:$K$195,S48,$Q$3:$Q$195) -> 0
A49: 47 | B49: 2 | C49: 4 | D49: ILDEFONSO MONILLAS CAMPAN | E49: MANCHA REAL | F49: HECTOR Y JAVI | G49: 46179 | H49: 10 | I49: 42 | J49: 268 | K49: =CONCATENATE(H49,"-",I49,"-",J49) -> 10-42-268 | L49: =IFERROR(VLOOKUP(K49,'LISTA ITEMS (2)'!$E$2:$G$910,2,FALSE)," ") -> PATA ALUMINIO PARA ESTRUCTURA PLACA SOLAR ANGULO 30º | M49: =IFERROR(VLOOKUP(K49,'LISTA ITEMS (2)'!$E$2:$G$910,3,FALSE)," ") -> UND | N49: 8 | O49: INSTALACION DE 8 PLACAS | Q49: 8
A50: 48 | B50: 2 | C50: 4 | D50: ILDEFONSO MONILLAS CAMPAN | E50: MANCHA REAL | F50: HECTOR Y JAVI | G50: 46179 | H50: 16 | I50: 31 | J50: 320 | K50: =CONCATENATE(H50,"-",I50,"-",J50) -> 16-31-320 | L50: =IFERROR(VLOOKUP(K50,'LISTA ITEMS (2)'!$E$2:$G$910,2,FALSE)," ") -> JUEGO CABLE PARA BATERIA DE LITIO B4850 | M50: =IFERROR(VLOOKUP(K50,'LISTA ITEMS (2)'!$E$2:$G$910,3,FALSE)," ") -> UND | N50: 1 | O50: INSTALACION DE 8 PLACAS | S50: 16-31-320 | T50: =VLOOKUP(S50,$K$2:$M$195,2,FALSE) -> JUEGO CABLE PARA BATERIA DE LITIO B4850 | U50: =VLOOKUP(S50,$K$2:$M$195,3,FALSE) -> UND | V50: =SUMIF($K$3:$K$195,S50,$N$3:$N$195) -> 1 | W50: =SUMIF($K$3:$K$195,S50,$Q$3:$Q$195) -> 0
A51: 49 | B51: 2 | C51: 4 | D51: ILDEFONSO MONILLAS CAMPAN | E51: MANCHA REAL | F51: HECTOR Y JAVI | G51: 46179 | H51: 17 | I51: 44 | J51: 271 | K51: =CONCATENATE(H51,"-",I51,"-",J51) -> 17-44-271 | L51: =IFERROR(VLOOKUP(K51,'LISTA ITEMS (2)'!$E$2:$G$910,2,FALSE)," ") -> SELLANTE QUIMICO BLANCO | M51: =IFERROR(VLOOKUP(K51,'LISTA ITEMS (2)'!$E$2:$G$910,3,FALSE)," ") -> UND | N51: 1 | O51: INSTALACION DE 8 PLACAS | Q51: 1
A52: 50 | B52: 2 | C52: 4 | D52: ILDEFONSO MONILLAS CAMPAN | E52: MANCHA REAL | F52: HECTOR Y JAVI | G52: 46179 | H52: 17 | I52: 44 | J52: 272 | K52: =CONCATENATE(H52,"-",I52,"-",J52) -> 17-44-272 | L52: =IFERROR(VLOOKUP(K52,'LISTA ITEMS (2)'!$E$2:$G$910,2,FALSE)," ") -> SELLANTE QUIMICO GRIS | M52: =IFERROR(VLOOKUP(K52,'LISTA ITEMS (2)'!$E$2:$G$910,3,FALSE)," ") -> UND | N52: 1 | O52: INSTALACION DE 8 PLACAS | Q52: 1
A53: 51 | B53: 2 | C53: 4 | D53: ILDEFONSO MONILLAS CAMPAN | E53: MANCHA REAL | F53: HECTOR Y JAVI | G53: 46179 | H53: 8 | I53: 27 | J53: 321 | K53: =CONCATENATE(H53,"-",I53,"-",J53) -> 8-27-321 | L53: =IFERROR(VLOOKUP(K53,'LISTA ITEMS (2)'!$E$2:$G$910,2,FALSE)," ") -> TORNILLO AUTOTALADRANTE CON C/HEXAGONAL - R/PARCIAL - ARANDELA CAUCHO 6X120mm A/GALV. | M53: =IFERROR(VLOOKUP(K53,'LISTA ITEMS (2)'!$E$2:$G$910,3,FALSE)," ") -> UND | N53: 20 | O53: INSTALACION DE 8 PLACAS | Q53: 20 | S53: 8-27-321 | T53: =VLOOKUP(S53,$K$2:$M$195,2,FALSE) -> TORNILLO AUTOTALADRANTE CON C/HEXAGONAL - R/PARCIAL - ARANDELA CAUCHO 6X120mm A/GALV. | U53: =VLOOKUP(S53,$K$2:$M$195,3,FALSE) -> UND | V53: =SUMIF($K$3:$K$195,S53,$N$3:$N$195) -> 40 | W53: =SUMIF($K$3:$K$195,S53,$Q$3:$Q$195) -> 20
A54: 52 | B54: 2 | C54: 4 | D54: ILDEFONSO MONILLAS CAMPAN | E54: MANCHA REAL | F54: HECTOR Y JAVI | G54: 46179 | H54: 16 | I54: 59 | J54: 322 | K54: =CONCATENATE(H54,"-",I54,"-",J54) -> 16-59-322 | L54: =IFERROR(VLOOKUP(K54,'LISTA ITEMS (2)'!$E$2:$G$910,2,FALSE)," ") -> CLAVIJA CAUCHO NEGRA 10/16A | M54: =IFERROR(VLOOKUP(K54,'LISTA ITEMS (2)'!$E$2:$G$910,3,FALSE)," ") -> UND | N54: 1 | O54: INSTALACION DE 8 PLACAS | S54: 16-59-322 | T54: =VLOOKUP(S54,$K$2:$M$195,2,FALSE) -> CLAVIJA CAUCHO NEGRA 10/16A | U54: =VLOOKUP(S54,$K$2:$M$195,3,FALSE) -> UND | V54: =SUMIF($K$3:$K$195,S54,$N$3:$N$195) -> 1 | W54: =SUMIF($K$3:$K$195,S54,$Q$3:$Q$195) -> 0
A55: 53 | B55: 2 | C55: 4 | D55: ILDEFONSO MONILLAS CAMPAN | E55: MANCHA REAL | F55: HECTOR Y JAVI | G55: 46179 | H55: 9 | I55: 2 | J55: 291 | K55: =CONCATENATE(H55,"-",I55,"-",J55) -> 9-2-291 | L55: =IFERROR(VLOOKUP(K55,'LISTA ITEMS (2)'!$E$2:$G$910,2,FALSE)," ") -> TUBO ELECTRICO PVC 25mm - 3mt(AISCAN) | M55: =IFERROR(VLOOKUP(K55,'LISTA ITEMS (2)'!$E$2:$G$910,3,FALSE)," ") -> UND | N55: 8 | O55: INSTALACION DE 8 PLACAS | Q55: 6 | S55: 9-2-291 | T55: =VLOOKUP(S55,$K$2:$M$195,2,FALSE) -> TUBO ELECTRICO PVC 25mm - 3mt(AISCAN) | U55: =VLOOKUP(S55,$K$2:$M$195,3,FALSE) -> UND | V55: =SUMIF($K$3:$K$195,S55,$N$3:$N$195) -> 25 | W55: =SUMIF($K$3:$K$195,S55,$Q$3:$Q$195) -> 6
A56: 54 | B56: 2 | C56: 4 | D56: ILDEFONSO MONILLAS CAMPAN | E56: MANCHA REAL | F56: HECTOR Y JAVI | G56: 46179 | H56: 10 | I56: 15 | J56: 269 | K56: =CONCATENATE(H56,"-",I56,"-",J56) -> 10-15-269 | L56: =IFERROR(VLOOKUP(K56,'LISTA ITEMS (2)'!$E$2:$G$910,2,FALSE)," ") -> BARRA ALUMINIO PARA ESTRUCTURA 3.60mt | M56: =IFERROR(VLOOKUP(K56,'LISTA ITEMS (2)'!$E$2:$G$910,3,FALSE)," ") -> UND | N56: 10 | O56: INSTALACION DE 8 PLACAS
A57: 55 | B57: 2 | C57: 4 | D57: ILDEFONSO MONILLAS CAMPAN | E57: MANCHA REAL | F57: HECTOR Y JAVI | G57: 46179 | H57: 7 | I57: 38 | J57: 247 | K57: =CONCATENATE(H57,"-",I57,"-",J57) -> 7-38-247 | L57: =IFERROR(VLOOKUP(K57,'LISTA ITEMS (2)'!$E$2:$G$910,2,FALSE)," ") -> PLACA SOLAR JAM60D42-535LB 535W / 44.13V | M57: =IFERROR(VLOOKUP(K57,'LISTA ITEMS (2)'!$E$2:$G$910,3,FALSE)," ") -> UND | N57: 8 | O57: INSTALACION DE 8 PLACAS | Q57: 8 | S57: 7-38-247 | T57: =VLOOKUP(S57,$K$2:$M$195,2,FALSE) -> PLACA SOLAR JAM60D42-535LB 535W / 44.13V | U57: =VLOOKUP(S57,$K$2:$M$195,3,FALSE) -> UND | V57: =SUMIF($K$3:$K$195,S57,$N$3:$N$195) -> 30 | W57: =SUMIF($K$3:$K$195,S57,$Q$3:$Q$195) -> 8
A58: 56 | B58: 2 | C58: 4 | D58: ILDEFONSO MONILLAS CAMPAN | E58: MANCHA REAL | F58: HECTOR Y JAVI | G58: 46179 | H58: 7 | I58: 54 | J58: 323 | K58: =CONCATENATE(H58,"-",I58,"-",J58) -> 7-54-323 | L58: =IFERROR(VLOOKUP(K58,'LISTA ITEMS (2)'!$E$2:$G$910,2,FALSE)," ") -> BATERIA LPF LITHIUM B3 (DYNESS) | M58: =IFERROR(VLOOKUP(K58,'LISTA ITEMS (2)'!$E$2:$G$910,3,FALSE)," ") -> UND | N58: 3 | O58: INSTALACION DE 8 PLACAS | S58: 7-54-323 | T58: =VLOOKUP(S58,$K$2:$M$195,2,FALSE) -> BATERIA LPF LITHIUM B3 (DYNESS) | U58: =VLOOKUP(S58,$K$2:$M$195,3,FALSE) -> UND | V58: =SUMIF($K$3:$K$195,S58,$N$3:$N$195) -> 3 | W58: =SUMIF($K$3:$K$195,S58,$Q$3:$Q$195) -> 0
A59: 57 | B59: 2 | C59: 4 | D59: ILDEFONSO MONILLAS CAMPAN | E59: MANCHA REAL | F59: HECTOR Y JAVI | G59: 46179 | H59: 14 | I59: 24 | J59: 193 | K59: =CONCATENATE(H59,"-",I59,"-",J59) -> 14-24-193 | L59: =IFERROR(VLOOKUP(K59,'LISTA ITEMS (2)'!$E$2:$G$910,2,FALSE)," ") -> DISCO CORTE ACERO/INOX A1 2EN1 | M59: =IFERROR(VLOOKUP(K59,'LISTA ITEMS (2)'!$E$2:$G$910,3,FALSE)," ") -> UND | N59: 3 | O59: INSTALACION DE 8 PLACAS | Q59: 1
A60: 58 | B60: 2 | C60: 4 | D60: ILDEFONSO MONILLAS CAMPAN | E60: MANCHA REAL | F60: HECTOR Y JAVI | G60: 46179 | H60: 16 | I60: 60 | J60: 324 | K60: =CONCATENATE(H60,"-",I60,"-",J60) -> 16-60-324 | L60: =IFERROR(VLOOKUP(K60,'LISTA ITEMS (2)'!$E$2:$G$910,2,FALSE)," ") -> REGLETA CONEXIÓN ELECTRICA 35mm NEGRA 12Puntos | M60: =IFERROR(VLOOKUP(K60,'LISTA ITEMS (2)'!$E$2:$G$910,3,FALSE)," ") -> UND | N60: 1 | O60: INSTALACION DE 8 PLACAS | S60: 16-60-324 | T60: =VLOOKUP(S60,$K$2:$M$195,2,FALSE) -> REGLETA CONEXIÓN ELECTRICA 35mm NEGRA 12Puntos | U60: =VLOOKUP(S60,$K$2:$M$195,3,FALSE) -> UND | V60: =SUMIF($K$3:$K$195,S60,$N$3:$N$195) -> 1 | W60: =SUMIF($K$3:$K$195,S60,$Q$3:$Q$195) -> 0
A61: 59 | B61: 2 | C61: 4 | D61: ILDEFONSO MONILLAS CAMPAN | E61: MANCHA REAL | F61: HECTOR Y JAVI | G61: 46179 | H61: 16 | I61: 60 | J61: 325 | K61: =CONCATENATE(H61,"-",I61,"-",J61) -> 16-60-325 | L61: =IFERROR(VLOOKUP(K61,'LISTA ITEMS (2)'!$E$2:$G$910,2,FALSE)," ") -> REGLETA CONEXIÓN ELECTRICA 16mm NEGRA | M61: =IFERROR(VLOOKUP(K61,'LISTA ITEMS (2)'!$E$2:$G$910,3,FALSE)," ") -> UND | N61: 1 | O61: INSTALACION DE 8 PLACAS | S61: 16-60-325 | T61: =VLOOKUP(S61,$K$2:$M$195,2,FALSE) -> REGLETA CONEXIÓN ELECTRICA 16mm NEGRA | U61: =VLOOKUP(S61,$K$2:$M$195,3,FALSE) -> UND | V61: =SUMIF($K$3:$K$195,S61,$N$3:$N$195) -> 1 | W61: =SUMIF($K$3:$K$195,S61,$Q$3:$Q$195) -> 0
A62: 60 | B62: 2 | C62: 4 | D62: ILDEFONSO MONILLAS CAMPAN | E62: MANCHA REAL | F62: HECTOR Y JAVI | G62: 46179 | H62: 3 | I62: 31 | J62: 277 | K62: =CONCATENATE(H62,"-",I62,"-",J62) -> 3-31-277 | L62: =IFERROR(VLOOKUP(K62,'LISTA ITEMS (2)'!$E$2:$G$910,2,FALSE)," ") -> CABLE Nª 6 P/PLACA SOLAR NEGRO | M62: =IFERROR(VLOOKUP(K62,'LISTA ITEMS (2)'!$E$2:$G$910,3,FALSE)," ") -> MT | N62: 15 | O62: INSTALACION DE 8 PLACAS | Q62: 15
A63: 61 | B63: 2 | C63: 4 | D63: ILDEFONSO MONILLAS CAMPAN | E63: MANCHA REAL | F63: HECTOR Y JAVI | G63: 46179 | H63: 3 | I63: 31 | J63: 278 | K63: =CONCATENATE(H63,"-",I63,"-",J63) -> 3-31-278 | L63: =IFERROR(VLOOKUP(K63,'LISTA ITEMS (2)'!$E$2:$G$910,2,FALSE)," ") -> CABLE Nª 6 P/PLACA SOLAR ROJO | M63: =IFERROR(VLOOKUP(K63,'LISTA ITEMS (2)'!$E$2:$G$910,3,FALSE)," ") -> MT | N63: 15 | O63: INSTALACION DE 8 PLACAS | Q63: 15
A64: 62 | B64: 2 | C64: 4 | D64: ILDEFONSO MONILLAS CAMPAN | E64: MANCHA REAL | F64: HECTOR Y JAVI | G64: 46179 | H64: 4 | I64: 15 | J64: 326 | K64: =CONCATENATE(H64,"-",I64,"-",J64) -> 4-15-326 | L64: =IFERROR(VLOOKUP(K64,'LISTA ITEMS (2)'!$E$2:$G$910,2,FALSE)," ") -> BARRA PERFORADA PARA REFUERZO 27x18x2MT GALV. | M64: =IFERROR(VLOOKUP(K64,'LISTA ITEMS (2)'!$E$2:$G$910,3,FALSE)," ") -> UND | N64: 6 | O64: INSTALACION DE 8 PLACAS | Q64: 6 | S64: 4-15-326 | T64: =VLOOKUP(S64,$K$2:$M$195,2,FALSE) -> BARRA PERFORADA PARA REFUERZO 27x18x2MT GALV. | U64: =VLOOKUP(S64,$K$2:$M$195,3,FALSE) -> UND | V64: =SUMIF($K$3:$K$195,S64,$N$3:$N$195) -> 19 | W64: =SUMIF($K$3:$K$195,S64,$Q$3:$Q$195) -> 6
A65: 63 | B65: 2 | C65: 4 | D65: ILDEFONSO MONILLAS CAMPAN | E65: MANCHA REAL | F65: HECTOR Y JAVI | G65: 46179 | H65: 7 | I65: 35 | J65: 327 | K65: =CONCATENATE(H65,"-",I65,"-",J65) -> 7-35-327 | L65: =IFERROR(VLOOKUP(K65,'LISTA ITEMS (2)'!$E$2:$G$910,2,FALSE)," ") -> INVERSOR 48/5000/70-50-230V MULTIPLUS (VICTROM ENERGY) | M65: =IFERROR(VLOOKUP(K65,'LISTA ITEMS (2)'!$E$2:$G$910,3,FALSE)," ") -> UND | N65: 1 | O65: INSTALACION DE 8 PLACAS | Q65: 1 | S65: 7-35-327 | T65: =VLOOKUP(S65,$K$2:$M$195,2,FALSE) -> INVERSOR 48/5000/70-50-230V MULTIPLUS (VICTROM ENERGY) | U65: =VLOOKUP(S65,$K$2:$M$195,3,FALSE) -> UND | V65: =SUMIF($K$3:$K$195,S65,$N$3:$N$195) -> 1 | W65: =SUMIF($K$3:$K$195,S65,$Q$3:$Q$195) -> 1
A66: 64 | B66: 2 | C66: 4 | D66: ILDEFONSO MONILLAS CAMPAN | E66: MANCHA REAL | F66: HECTOR Y JAVI | G66: 46179 | H66: 7 | I66: 36 | J66: 231 | K66: =CONCATENATE(H66,"-",I66,"-",J66) -> 7-36-231 | L66: =IFERROR(VLOOKUP(K66,'LISTA ITEMS (2)'!$E$2:$G$910,2,FALSE)," ") -> CONTROLADOR SMART SOLAR MPPT 250/100-TR VICTROM ENERGY | M66: =IFERROR(VLOOKUP(K66,'LISTA ITEMS (2)'!$E$2:$G$910,3,FALSE)," ") -> UND | N66: 1 | O66: INSTALACION DE 8 PLACAS | S66: 7-36-231 | T66: =VLOOKUP(S66,$K$2:$M$195,2,FALSE) -> CONTROLADOR SMART SOLAR MPPT 250/100-TR VICTROM ENERGY | U66: =VLOOKUP(S66,$K$2:$M$195,3,FALSE) -> UND | V66: =SUMIF($K$3:$K$195,S66,$N$3:$N$195) -> 1 | W66: =SUMIF($K$3:$K$195,S66,$Q$3:$Q$195) -> 0
A67: 65 | B67: 3 | C67: 5 | D67: MIGUEL ÁNGEL MONTENEGRO | E67: BAILEN | F67: ANTONIO Y JESUS | G67: 46059 | H67: 16 | I67: 53 | J67: 290 | K67: =CONCATENATE(H67,"-",I67,"-",J67) -> 16-53-290 | L67: =IFERROR(VLOOKUP(K67,'LISTA ITEMS (2)'!$E$2:$G$910,2,FALSE)," ") -> PINCHO DE COMUNICACIÓN WIFI SHINEWILAN X2 (GROWATT) | M67: =IFERROR(VLOOKUP(K67,'LISTA ITEMS (2)'!$E$2:$G$910,3,FALSE)," ") -> UND | N67: 1 | O67: ACONDICIONAMIENTO Y REFUERZO DE ESTRUCTURA OCACIONADOS POR CONDICIONES CLIMATICAS. | S67: 16-53-290 | T67: =VLOOKUP(S67,$K$2:$M$195,2,FALSE) -> PINCHO DE COMUNICACIÓN WIFI SHINEWILAN X2 (GROWATT) | U67: =VLOOKUP(S67,$K$2:$M$195,3,FALSE) -> UND | V67: =SUMIF($K$3:$K$195,S67,$N$3:$N$195) -> 3 | W67: =SUMIF($K$3:$K$195,S67,$Q$3:$Q$195) -> 0
A68: 66 | B68: 3 | C68: 5 | D68: MIGUEL ÁNGEL MONTENEGRO | E68: BAILEN | F68: ANTONIO Y JESUS | G68: 46059 | H68: 16 | I68: 52 | J68: 293 | K68: =CONCATENATE(H68,"-",I68,"-",J68) -> 16-52-293 | L68: =IFERROR(VLOOKUP(K68,'LISTA ITEMS (2)'!$E$2:$G$910,2,FALSE)," ") -> TERMICO EPBE63M1NC63M1NC32 1P+N C32 (MAXGE) | M68: =IFERROR(VLOOKUP(K68,'LISTA ITEMS (2)'!$E$2:$G$910,3,FALSE)," ") -> UND | N68: 2 | O68: ACONDICIONAMIENTO Y REFUERZO DE ESTRUCTURA OCACIONADOS POR CONDICIONES CLIMATICAS. | S68: 16-52-293 | T68: =VLOOKUP(S68,$K$2:$M$195,2,FALSE) -> TERMICO EPBE63M1NC63M1NC32 1P+N C32 (MAXGE) | U68: =VLOOKUP(S68,$K$2:$M$195,3,FALSE) -> UND | V68: =SUMIF($K$3:$K$195,S68,$N$3:$N$195) -> 5 | W68: =SUMIF($K$3:$K$195,S68,$Q$3:$Q$195) -> 0
A69: 67 | B69: 3 | C69: 5 | D69: MIGUEL ÁNGEL MONTENEGRO | E69: BAILEN | F69: ANTONIO Y JESUS | G69: 46059 | H69: 16 | I69: 47 | J69: 318 | K69: =CONCATENATE(H69,"-",I69,"-",J69) -> 16-47-318 | L69: =IFERROR(VLOOKUP(K69,'LISTA ITEMS (2)'!$E$2:$G$910,2,FALSE)," ") -> DIFERENCIAL EPR2A040030 2P-40A-30mA (MAXGE) | M69: =IFERROR(VLOOKUP(K69,'LISTA ITEMS (2)'!$E$2:$G$910,3,FALSE)," ") -> UND | N69: 1 | O69: ACONDICIONAMIENTO Y REFUERZO DE ESTRUCTURA OCACIONADOS POR CONDICIONES CLIMATICAS.
A70: 68 | B70: 3 | C70: 5 | D70: MIGUEL ÁNGEL MONTENEGRO | E70: BAILEN | F70: ANTONIO Y JESUS | G70: 46059 | H70: 16 | I70: 49 | J70: 288 | K70: =CONCATENATE(H70,"-",I70,"-",J70) -> 16-49-288 | L70: =IFERROR(VLOOKUP(K70,'LISTA ITEMS (2)'!$E$2:$G$910,2,FALSE)," ") -> CONTACTOR MODULAR EPC1-6322-P7 (MAXGE) | M70: =IFERROR(VLOOKUP(K70,'LISTA ITEMS (2)'!$E$2:$G$910,3,FALSE)," ") -> UND | N70: 1 | O70: ACONDICIONAMIENTO Y REFUERZO DE ESTRUCTURA OCACIONADOS POR CONDICIONES CLIMATICAS. | S70: 16-49-288 | T70: =VLOOKUP(S70,$K$2:$M$195,2,FALSE) -> CONTACTOR MODULAR EPC1-6322-P7 (MAXGE) | U70: =VLOOKUP(S70,$K$2:$M$195,3,FALSE) -> UND | V70: =SUMIF($K$3:$K$195,S70,$N$3:$N$195) -> 2 | W70: =SUMIF($K$3:$K$195,S70,$Q$3:$Q$195) -> 0
A71: 69 | B71: 3 | C71: 5 | D71: MIGUEL ÁNGEL MONTENEGRO | E71: BAILEN | F71: ANTONIO Y JESUS | G71: 46059 | H71: 16 | I71: 51 | J71: 309 | K71: =CONCATENATE(H71,"-",I71,"-",J71) -> 16-51-309 | L71: =IFERROR(VLOOKUP(K71,'LISTA ITEMS (2)'!$E$2:$G$910,2,FALSE)," ") -> LIMITADOR MONOFASICO EPS1 C/2 - 275-40 (MAXGE) | M71: =IFERROR(VLOOKUP(K71,'LISTA ITEMS (2)'!$E$2:$G$910,3,FALSE)," ") -> UND | N71: 1 | O71: ACONDICIONAMIENTO Y REFUERZO DE ESTRUCTURA OCACIONADOS POR CONDICIONES CLIMATICAS. | S71: 16-51-309 | T71: =VLOOKUP(S71,$K$2:$M$195,2,FALSE) -> LIMITADOR MONOFASICO EPS1 C/2 - 275-40 (MAXGE) | U71: =VLOOKUP(S71,$K$2:$M$195,3,FALSE) -> UND | V71: =SUMIF($K$3:$K$195,S71,$N$3:$N$195) -> 1 | W71: =SUMIF($K$3:$K$195,S71,$Q$3:$Q$195) -> 0
A72: 70 | B72: 3 | C72: 5 | D72: MIGUEL ÁNGEL MONTENEGRO | E72: BAILEN | F72: ANTONIO Y JESUS | G72: 46059 | H72: 16 | I72: 53 | J72: 289 | K72: =CONCATENATE(H72,"-",I72,"-",J72) -> 16-53-289 | L72: =IFERROR(VLOOKUP(K72,'LISTA ITEMS (2)'!$E$2:$G$910,2,FALSE)," ") -> PINCHO DE COMUNICACIÓN WIFI SHINEWILAN X (GROWATT) | M72: =IFERROR(VLOOKUP(K72,'LISTA ITEMS (2)'!$E$2:$G$910,3,FALSE)," ") -> UND | N72: 1 | O72: ACONDICIONAMIENTO Y REFUERZO DE ESTRUCTURA OCACIONADOS POR CONDICIONES CLIMATICAS. | S72: 16-53-289 | T72: =VLOOKUP(S72,$K$2:$M$195,2,FALSE) -> PINCHO DE COMUNICACIÓN WIFI SHINEWILAN X (GROWATT) | U72: =VLOOKUP(S72,$K$2:$M$195,3,FALSE) -> UND | V72: =SUMIF($K$3:$K$195,S72,$N$3:$N$195) -> 1 | W72: =SUMIF($K$3:$K$195,S72,$Q$3:$Q$195) -> 0
A73: 71 | B73: 3 | C73: 5 | D73: MIGUEL ÁNGEL MONTENEGRO | E73: BAILEN | F73: ANTONIO Y JESUS | G73: 46059 | H73: 16 | I73: 45 | J73: 275 | K73: =CONCATENATE(H73,"-",I73,"-",J73) -> 16-45-275 | L73: =IFERROR(VLOOKUP(K73,'LISTA ITEMS (2)'!$E$2:$G$910,2,FALSE)," ") -> CAJA DISTRIBUCION INTERIOR 18 ELEM. (SOLERA) | M73: =IFERROR(VLOOKUP(K73,'LISTA ITEMS (2)'!$E$2:$G$910,3,FALSE)," ") -> UND | N73: 1 | O73: ACONDICIONAMIENTO Y REFUERZO DE ESTRUCTURA OCACIONADOS POR CONDICIONES CLIMATICAS.
A74: 72 | B74: 3 | C74: 5 | D74: MIGUEL ÁNGEL MONTENEGRO | E74: BAILEN | F74: ANTONIO Y JESUS | G74: 46059 | H74: 16 | I74: 45 | J74: 276 | K74: =CONCATENATE(H74,"-",I74,"-",J74) -> 16-45-276 | L74: =IFERROR(VLOOKUP(K74,'LISTA ITEMS (2)'!$E$2:$G$910,2,FALSE)," ") -> CAJA ESTANCA (COCHERA) EXTERIOR 18PT (IDE) | M74: =IFERROR(VLOOKUP(K74,'LISTA ITEMS (2)'!$E$2:$G$910,3,FALSE)," ") -> UND | N74: 1 | O74: ACONDICIONAMIENTO Y REFUERZO DE ESTRUCTURA OCACIONADOS POR CONDICIONES CLIMATICAS.
A75: 73 | B75: 3 | C75: 5 | D75: MIGUEL ÁNGEL MONTENEGRO | E75: BAILEN | F75: ANTONIO Y JESUS | G75: 46059 | H75: 16 | I75: 45 | J75: 317 | K75: =CONCATENATE(H75,"-",I75,"-",J75) -> 16-45-317 | L75: =IFERROR(VLOOKUP(K75,'LISTA ITEMS (2)'!$E$2:$G$910,2,FALSE)," ") -> CAJA DISTRIBUCION INTERIOR 8 ELEM. (SOLERA) | M75: =IFERROR(VLOOKUP(K75,'LISTA ITEMS (2)'!$E$2:$G$910,3,FALSE)," ") -> UND | N75: 1 | O75: ACONDICIONAMIENTO Y REFUERZO DE ESTRUCTURA OCACIONADOS POR CONDICIONES CLIMATICAS.
A76: 74 | B76: 3 | C76: 5 | D76: MIGUEL ÁNGEL MONTENEGRO | E76: BAILEN | F76: ANTONIO Y JESUS | G76: 46059 | H76: 3 | I76: 31 | J76: 211 | K76: =CONCATENATE(H76,"-",I76,"-",J76) -> 3-31-211 | L76: =IFERROR(VLOOKUP(K76,'LISTA ITEMS (2)'!$E$2:$G$910,2,FALSE)," ") -> CABLE Nª 6 C/ALTERNA VERDE/AMARILLO | M76: =IFERROR(VLOOKUP(K76,'LISTA ITEMS (2)'!$E$2:$G$910,3,FALSE)," ") -> MT | N76: 100 | O76: ACONDICIONAMIENTO Y REFUERZO DE ESTRUCTURA OCACIONADOS POR CONDICIONES CLIMATICAS. | S76: 3-31-211 | T76: =VLOOKUP(S76,$K$2:$M$195,2,FALSE) -> CABLE Nª 6 C/ALTERNA VERDE/AMARILLO | U76: =VLOOKUP(S76,$K$2:$M$195,3,FALSE) -> MT | V76: =SUMIF($K$3:$K$195,S76,$N$3:$N$195) -> 100 | W76: =SUMIF($K$3:$K$195,S76,$Q$3:$Q$195) -> 0
A77: 75 | B77: 3 | C77: 5 | D77: MIGUEL ÁNGEL MONTENEGRO | E77: BAILEN | F77: ANTONIO Y JESUS | G77: 46059 | H77: 3 | I77: 31 | J77: 212 | K77: =CONCATENATE(H77,"-",I77,"-",J77) -> 3-31-212 | L77: =IFERROR(VLOOKUP(K77,'LISTA ITEMS (2)'!$E$2:$G$910,2,FALSE)," ") -> CABLE Nª 6 C/ALTERNA AZUL | M77: =IFERROR(VLOOKUP(K77,'LISTA ITEMS (2)'!$E$2:$G$910,3,FALSE)," ") -> MT | N77: 100 | O77: ACONDICIONAMIENTO Y REFUERZO DE ESTRUCTURA OCACIONADOS POR CONDICIONES CLIMATICAS.
A78: 76 | B78: 3 | C78: 5 | D78: MIGUEL ÁNGEL MONTENEGRO | E78: BAILEN | F78: ANTONIO Y JESUS | G78: 46059 | H78: 7 | I78: 35 | J78: 286 | K78: =CONCATENATE(H78,"-",I78,"-",J78) -> 7-35-286 | L78: =IFERROR(VLOOKUP(K78,'LISTA ITEMS (2)'!$E$2:$G$910,2,FALSE)," ") -> INVERSOR SPH 6000TL BL-UP 6KW (GROWATT) | M78: =IFERROR(VLOOKUP(K78,'LISTA ITEMS (2)'!$E$2:$G$910,3,FALSE)," ") -> UND | N78: 1 | O78: ACONDICIONAMIENTO Y REFUERZO DE ESTRUCTURA OCACIONADOS POR CONDICIONES CLIMATICAS. | S78: 7-35-286 | T78: =VLOOKUP(S78,$K$2:$M$195,2,FALSE) -> INVERSOR SPH 6000TL BL-UP 6KW (GROWATT) | U78: =VLOOKUP(S78,$K$2:$M$195,3,FALSE) -> UND | V78: =SUMIF($K$3:$K$195,S78,$N$3:$N$195) -> 2 | W78: =SUMIF($K$3:$K$195,S78,$Q$3:$Q$195) -> 0
A79: 77 | B79: 3 | C79: 5 | D79: MIGUEL ÁNGEL MONTENEGRO | E79: BAILEN | F79: ANTONIO Y JESUS | G79: 46059 | H79: 7 | I79: 54 | J79: 295 | K79: =CONCATENATE(H79,"-",I79,"-",J79) -> 7-54-295 | L79: =IFERROR(VLOOKUP(K79,'LISTA ITEMS (2)'!$E$2:$G$910,2,FALSE)," ") -> BATERIA LFP LITHIUM DL5.OC (DYNESS) | M79: =IFERROR(VLOOKUP(K79,'LISTA ITEMS (2)'!$E$2:$G$910,3,FALSE)," ") -> UND | N79: 1 | O79: ACONDICIONAMIENTO Y REFUERZO DE ESTRUCTURA OCACIONADOS POR CONDICIONES CLIMATICAS. | S79: 7-54-295 | T79: =VLOOKUP(S79,$K$2:$M$195,2,FALSE) -> BATERIA LFP LITHIUM DL5.OC (DYNESS) | U79: =VLOOKUP(S79,$K$2:$M$195,3,FALSE) -> UND | V79: =SUMIF($K$3:$K$195,S79,$N$3:$N$195) -> 3 | W79: =SUMIF($K$3:$K$195,S79,$Q$3:$Q$195) -> 0
A80: 78 | B80: 4 | D80: FRANCIZCO RICO BLANCA | F80: ANTONIO PERETE | G80: 46058 | H80: 3 | I80: 31 | J80: 209 | K80: =CONCATENATE(H80,"-",I80,"-",J80) -> 3-31-209 | L80: =IFERROR(VLOOKUP(K80,'LISTA ITEMS (2)'!$E$2:$G$910,2,FALSE)," ") -> CABLE Nª 6 C/ALTERNA MARRON | M80: =IFERROR(VLOOKUP(K80,'LISTA ITEMS (2)'!$E$2:$G$910,3,FALSE)," ") -> MT | N80: 100 | Q80: 30
A81: 79 | B81: 4 | D81: FRANCIZCO RICO BLANCA | F81: ANTONIO PERETE | G81: 46058 | H81: 3 | I81: 31 | J81: 210 | K81: =CONCATENATE(H81,"-",I81,"-",J81) -> 3-31-210 | L81: =IFERROR(VLOOKUP(K81,'LISTA ITEMS (2)'!$E$2:$G$910,2,FALSE)," ") -> CABLE Nª 6 C/ALTERNA GRIS | M81: =IFERROR(VLOOKUP(K81,'LISTA ITEMS (2)'!$E$2:$G$910,3,FALSE)," ") -> MT | N81: 100 | Q81: 30
A82: 80 | B82: 4 | D82: FRANCIZCO RICO BLANCA | F82: ANTONIO PERETE | G82: 46058 | H82: 3 | I82: 31 | J82: 212 | K82: =CONCATENATE(H82,"-",I82,"-",J82) -> 3-31-212 | L82: =IFERROR(VLOOKUP(K82,'LISTA ITEMS (2)'!$E$2:$G$910,2,FALSE)," ") -> CABLE Nª 6 C/ALTERNA AZUL | M82: =IFERROR(VLOOKUP(K82,'LISTA ITEMS (2)'!$E$2:$G$910,3,FALSE)," ") -> MT | N82: 100 | Q82: 100
A83: 81 | B83: 4 | D83: FRANCIZCO RICO BLANCA | F83: ANTONIO PERETE | G83: 46058 | H83: 3 | I83: 31 | J83: 213 | K83: =CONCATENATE(H83,"-",I83,"-",J83) -> 3-31-213 | L83: =IFERROR(VLOOKUP(K83,'LISTA ITEMS (2)'!$E$2:$G$910,2,FALSE)," ") -> CABLE Nª 6 C/ALTERNA NEGRO | M83: =IFERROR(VLOOKUP(K83,'LISTA ITEMS (2)'!$E$2:$G$910,3,FALSE)," ") -> MT | N83: 100 | Q83: 100
A84: 82 | B84: 4 | D84: FRANCIZCO RICO BLANCA | F84: ANTONIO PERETE | G84: 46058 | H84: 9 | I84: 32 | J84: 224 | K84: =CONCATENATE(H84,"-",I84,"-",J84) -> 9-32-224 | L84: =IFERROR(VLOOKUP(K84,'LISTA ITEMS (2)'!$E$2:$G$910,2,FALSE)," ") -> CURVA PVC M-25 GRIS TIPO B | M84: =IFERROR(VLOOKUP(K84,'LISTA ITEMS (2)'!$E$2:$G$910,3,FALSE)," ") -> UND | N84: 20 | S84: 9-32-224 | T84: =VLOOKUP(S84,$K$2:$M$195,2,FALSE) -> CURVA PVC M-25 GRIS TIPO B | U84: =VLOOKUP(S84,$K$2:$M$195,3,FALSE) -> UND | V84: =SUMIF($K$3:$K$195,S84,$N$3:$N$195) -> 20 | W84: =SUMIF($K$3:$K$195,S84,$Q$3:$Q$195) -> 0
A85: 83 | B85: 4 | D85: FRANCIZCO RICO BLANCA | F85: ANTONIO PERETE | G85: 46058 | H85: 3 | I85: 31 | J85: 221 | K85: =CONCATENATE(H85,"-",I85,"-",J85) -> 3-31-221 | L85: =IFERROR(VLOOKUP(K85,'LISTA ITEMS (2)'!$E$2:$G$910,2,FALSE)," ") -> CABLE Nª 10 C/ALTERNA AZUL | M85: =IFERROR(VLOOKUP(K85,'LISTA ITEMS (2)'!$E$2:$G$910,3,FALSE)," ") -> MT | N85: 100 | Q85: 25
A86: 84 | B86: 4 | D86: FRANCIZCO RICO BLANCA | F86: ANTONIO PERETE | G86: 46058 | H86: 3 | I86: 31 | J86: 220 | K86: =CONCATENATE(H86,"-",I86,"-",J86) -> 3-31-220 | L86: =IFERROR(VLOOKUP(K86,'LISTA ITEMS (2)'!$E$2:$G$910,2,FALSE)," ") -> CABLE Nª 10 C/ALTERNA GRIS | M86: =IFERROR(VLOOKUP(K86,'LISTA ITEMS (2)'!$E$2:$G$910,3,FALSE)," ") -> MT | N86: 100 | Q86: 80
A87: 85 | B87: 4 | D87: FRANCIZCO RICO BLANCA | F87: ANTONIO PERETE | G87: 46058 | H87: 3 | I87: 31 | J87: 219 | K87: =CONCATENATE(H87,"-",I87,"-",J87) -> 3-31-219 | L87: =IFERROR(VLOOKUP(K87,'LISTA ITEMS (2)'!$E$2:$G$910,2,FALSE)," ") -> CABLE Nª 10 C/ALTERNA MARRON | M87: =IFERROR(VLOOKUP(K87,'LISTA ITEMS (2)'!$E$2:$G$910,3,FALSE)," ") -> MT | N87: 60 | Q87: 25
A88: 86 | B88: 4 | D88: FRANCIZCO RICO BLANCA | F88: ANTONIO PERETE | G88: 46058 | H88: 3 | I88: 31 | J88: 222 | K88: =CONCATENATE(H88,"-",I88,"-",J88) -> 3-31-222 | L88: =IFERROR(VLOOKUP(K88,'LISTA ITEMS (2)'!$E$2:$G$910,2,FALSE)," ") -> CABLE Nª 10 C/ALTERNA NEGRO | M88: =IFERROR(VLOOKUP(K88,'LISTA ITEMS (2)'!$E$2:$G$910,3,FALSE)," ") -> MT | N88: 80 | Q88: 25
A89: 87 | B89: 4 | D89: FRANCIZCO RICO BLANCA | F89: ANTONIO PERETE | G89: 46058 | H89: 3 | I89: 31 | J89: 218 | K89: =CONCATENATE(H89,"-",I89,"-",J89) -> 3-31-218 | L89: =IFERROR(VLOOKUP(K89,'LISTA ITEMS (2)'!$E$2:$G$910,2,FALSE)," ") -> CABLE Nª 10 C/ALTERNA VERDE/AMARILLO | M89: =IFERROR(VLOOKUP(K89,'LISTA ITEMS (2)'!$E$2:$G$910,3,FALSE)," ") -> MT | N89: 70 | Q89: 25
A90: 88 | B90: 4 | D90: FRANCIZCO RICO BLANCA | F90: ANTONIO PERETE | G90: 46058 | H90: 13 | I90: 22 | J90: 184 | K90: =CONCATENATE(H90,"-",I90,"-",J90) -> 13-22-184 | L90: =IFERROR(VLOOKUP(K90,'LISTA ITEMS (2)'!$E$2:$G$910,2,FALSE)," ") -> BRIDA P/EXTERIOR NEGRA | M90: =IFERROR(VLOOKUP(K90,'LISTA ITEMS (2)'!$E$2:$G$910,3,FALSE)," ") -> UND | N90: 100
A91: 89 | B91: 4 | D91: FRANCIZCO RICO BLANCA | F91: ANTONIO PERETE | G91: 46058 | H91: 13 | I91: 21 | J91: 181 | K91: =CONCATENATE(H91,"-",I91,"-",J91) -> 13-21-181 | L91: =IFERROR(VLOOKUP(K91,'LISTA ITEMS (2)'!$E$2:$G$910,2,FALSE)," ") -> TACO P/BRIDA NEGRO | M91: =IFERROR(VLOOKUP(K91,'LISTA ITEMS (2)'!$E$2:$G$910,3,FALSE)," ") -> UND | N91: 100
A92: 90 | B92: 4 | D92: FRANCIZCO RICO BLANCA | F92: ANTONIO PERETE | G92: 46058 | H92: 16 | I92: 47 | J92: 280 | K92: =CONCATENATE(H92,"-",I92,"-",J92) -> 16-47-280 | L92: =IFERROR(VLOOKUP(K92,'LISTA ITEMS (2)'!$E$2:$G$910,2,FALSE)," ") -> DIFERENCIAL EPR2A063030 2P-63A-30mA (MAXGE) | M92: =IFERROR(VLOOKUP(K92,'LISTA ITEMS (2)'!$E$2:$G$910,3,FALSE)," ") -> UND | N92: 1
A93: 91 | B93: 4 | D93: FRANCIZCO RICO BLANCA | F93: ANTONIO PERETE | G93: 46058 | H93: 16 | I93: 49 | J93: 288 | K93: =CONCATENATE(H93,"-",I93,"-",J93) -> 16-49-288 | L93: =IFERROR(VLOOKUP(K93,'LISTA ITEMS (2)'!$E$2:$G$910,2,FALSE)," ") -> CONTACTOR MODULAR EPC1-6322-P7 (MAXGE) | M93: =IFERROR(VLOOKUP(K93,'LISTA ITEMS (2)'!$E$2:$G$910,3,FALSE)," ") -> UND | N93: 1
A94: 92 | B94: 4 | D94: FRANCIZCO RICO BLANCA | F94: ANTONIO PERETE | G94: 46058 | H94: 16 | I94: 53 | J94: 290 | K94: =CONCATENATE(H94,"-",I94,"-",J94) -> 16-53-290 | L94: =IFERROR(VLOOKUP(K94,'LISTA ITEMS (2)'!$E$2:$G$910,2,FALSE)," ") -> PINCHO DE COMUNICACIÓN WIFI SHINEWILAN X2 (GROWATT) | M94: =IFERROR(VLOOKUP(K94,'LISTA ITEMS (2)'!$E$2:$G$910,3,FALSE)," ") -> UND | N94: 1
A95: 93 | B95: 4 | D95: FRANCIZCO RICO BLANCA | F95: ANTONIO PERETE | G95: 46058 | H95: 9 | I95: 2 | J95: 291 | K95: =CONCATENATE(H95,"-",I95,"-",J95) -> 9-2-291 | L95: =IFERROR(VLOOKUP(K95,'LISTA ITEMS (2)'!$E$2:$G$910,2,FALSE)," ") -> TUBO ELECTRICO PVC 25mm - 3mt(AISCAN) | M95: =IFERROR(VLOOKUP(K95,'LISTA ITEMS (2)'!$E$2:$G$910,3,FALSE)," ") -> UND | N95: 8
A96: 94 | B96: 4 | D96: FRANCIZCO RICO BLANCA | F96: ANTONIO PERETE | G96: 46058 | H96: 16 | I96: 52 | J96: 292 | K96: =CONCATENATE(H96,"-",I96,"-",J96) -> 16-52-292 | L96: =IFERROR(VLOOKUP(K96,'LISTA ITEMS (2)'!$E$2:$G$910,2,FALSE)," ") -> TERMICO EPBE63M1NC63M1NC40 1P+N C40 (MAXGE) | M96: =IFERROR(VLOOKUP(K96,'LISTA ITEMS (2)'!$E$2:$G$910,3,FALSE)," ") -> UND | N96: 1 | S96: 16-52-292 | T96: =VLOOKUP(S96,$K$2:$M$195,2,FALSE) -> TERMICO EPBE63M1NC63M1NC40 1P+N C40 (MAXGE) | U96: =VLOOKUP(S96,$K$2:$M$195,3,FALSE) -> UND | V96: =SUMIF($K$3:$K$195,S96,$N$3:$N$195) -> 2 | W96: =SUMIF($K$3:$K$195,S96,$Q$3:$Q$195) -> 0
A97: 95 | B97: 4 | D97: FRANCIZCO RICO BLANCA | F97: ANTONIO PERETE | G97: 46058 | H97: 16 | I97: 52 | J97: 293 | K97: =CONCATENATE(H97,"-",I97,"-",J97) -> 16-52-293 | L97: =IFERROR(VLOOKUP(K97,'LISTA ITEMS (2)'!$E$2:$G$910,2,FALSE)," ") -> TERMICO EPBE63M1NC63M1NC32 1P+N C32 (MAXGE) | M97: =IFERROR(VLOOKUP(K97,'LISTA ITEMS (2)'!$E$2:$G$910,3,FALSE)," ") -> UND | N97: 1
A98: 96 | B98: 4 | D98: FRANCIZCO RICO BLANCA | F98: ANTONIO PERETE | G98: 46058 | H98: 16 | I98: 45 | J98: 294 | K98: =CONCATENATE(H98,"-",I98,"-",J98) -> 16-45-294 | L98: =IFERROR(VLOOKUP(K98,'LISTA ITEMS (2)'!$E$2:$G$910,2,FALSE)," ") -> CAJA DE ESTANCA 133X180X80 EV161 (IDE) | M98: =IFERROR(VLOOKUP(K98,'LISTA ITEMS (2)'!$E$2:$G$910,3,FALSE)," ") -> UND | N98: 1
A99: 97 | B99: 4 | D99: FRANCIZCO RICO BLANCA | F99: ANTONIO PERETE | G99: 46058 | H99: 7 | I99: 54 | J99: 295 | K99: =CONCATENATE(H99,"-",I99,"-",J99) -> 7-54-295 | L99: =IFERROR(VLOOKUP(K99,'LISTA ITEMS (2)'!$E$2:$G$910,2,FALSE)," ") -> BATERIA LFP LITHIUM DL5.OC (DYNESS) | M99: =IFERROR(VLOOKUP(K99,'LISTA ITEMS (2)'!$E$2:$G$910,3,FALSE)," ") -> UND | N99: 2 | P99: 949702822509202000 0949702822509202306
A100: 98 | B100: 4 | D100: FRANCIZCO RICO BLANCA | F100: ANTONIO PERETE | G100: 46058 | H100: 7 | I100: 35 | J100: 286 | K100: =CONCATENATE(H100,"-",I100,"-",J100) -> 7-35-286 | L100: =IFERROR(VLOOKUP(K100,'LISTA ITEMS (2)'!$E$2:$G$910,2,FALSE)," ") -> INVERSOR SPH 6000TL BL-UP 6KW (GROWATT) | M100: =IFERROR(VLOOKUP(K100,'LISTA ITEMS (2)'!$E$2:$G$910,3,FALSE)," ") -> UND | N100: 1 | P100: DYM6F73053
...

Sheet ANTONIO-JESUS 06FEB
A1: FMT-03-ALM | C1: FORMATO ALISTAMIENTO DE MATERIALES (ALMACENISTA) | G1: CONSEC. # | I1: 3 | K1: REGISTRO | L1: OK
A2: CLIENTE | C2: Miguel Angel Montenegro | G2: PARTE TRAB. # | I2: 5 | K2: DEVOLUCION | L2: PTE
A3: CIUDAD | C3: Bailen | F3: ALISTADO POR: FABIO GUTIERREZ | G3: FECHA REQUER. | I3: 46059
A4: LINEA | B4: CODIGO | F4: DESCRIPCION | G4: UND MED. | H4: CANT. | I4: VERIFICA TECNICO | J4: FECHA | K4: DEVOLUC. | L4: CANT. REAL CONSUMIDA | M4: SERIAL Nª
A5: 1 | B5: 16 | C5: 53 | D5: 290 | E5: =CONCATENATE(B5,"-",C5,"-",D5) -> 16-53-290 | F5: =IFERROR(VLOOKUP(E5,'LISTA ITEMS (2)'!$E$2:$G$910,2,FALSE)," ") -> PINCHO DE COMUNICACIÓN WIFI SHINEWILAN X2 (GROWATT) | G5: =IFERROR(VLOOKUP(E5,'LISTA ITEMS (2)'!$E$2:$G$910,3,FALSE)," ") -> UND | H5: 1 | I5: si | L5: =+H5-K5 -> 1 | M5: ZGQ0F57044
A6: 2 | B6: 16 | C6: 52 | D6: 293 | E6: =CONCATENATE(B6,"-",C6,"-",D6) -> 16-52-293 | F6: =IFERROR(VLOOKUP(E6,'LISTA ITEMS (2)'!$E$2:$G$910,2,FALSE)," ") -> TERMICO EPBE63M1NC63M1NC32 1P+N C32 (MAXGE) | G6: =IFERROR(VLOOKUP(E6,'LISTA ITEMS (2)'!$E$2:$G$910,3,FALSE)," ") -> UND | H6: 2 | I6: si | L6: =+H6-K6 -> 2
A7: 3 | B7: 16 | C7: 47 | D7: 318 | E7: =CONCATENATE(B7,"-",C7,"-",D7) -> 16-47-318 | F7: =IFERROR(VLOOKUP(E7,'LISTA ITEMS (2)'!$E$2:$G$910,2,FALSE)," ") -> DIFERENCIAL EPR2A040030 2P-40A-30mA (MAXGE) | G7: =IFERROR(VLOOKUP(E7,'LISTA ITEMS (2)'!$E$2:$G$910,3,FALSE)," ") -> UND | H7: 1 | I7: si | L7: =+H7-K7 -> 1
A8: 4 | B8: 16 | C8: 49 | D8: 288 | E8: =CONCATENATE(B8,"-",C8,"-",D8) -> 16-49-288 | F8: =IFERROR(VLOOKUP(E8,'LISTA ITEMS (2)'!$E$2:$G$910,2,FALSE)," ") -> CONTACTOR MODULAR EPC1-6322-P7 (MAXGE) | G8: =IFERROR(VLOOKUP(E8,'LISTA ITEMS (2)'!$E$2:$G$910,3,FALSE)," ") -> UND | H8: 1 | I8: si | L8: =+H8-K8 -> 1
A9: 5 | B9: 16 | C9: 51 | D9: 309 | E9: =CONCATENATE(B9,"-",C9,"-",D9) -> 16-51-309 | F9: =IFERROR(VLOOKUP(E9,'LISTA ITEMS (2)'!$E$2:$G$910,2,FALSE)," ") -> LIMITADOR MONOFASICO EPS1 C/2 - 275-40 (MAXGE) | G9: =IFERROR(VLOOKUP(E9,'LISTA ITEMS (2)'!$E$2:$G$910,3,FALSE)," ") -> UND | H9: 1 | I9: si | L9: =+H9-K9 -> 1
A10: 6 | B10: 16 | C10: 53 | D10: 289 | E10: =CONCATENATE(B10,"-",C10,"-",D10) -> 16-53-289 | F10: =IFERROR(VLOOKUP(E10,'LISTA ITEMS (2)'!$E$2:$G$910,2,FALSE)," ") -> PINCHO DE COMUNICACIÓN WIFI SHINEWILAN X (GROWATT) | G10: =IFERROR(VLOOKUP(E10,'LISTA ITEMS (2)'!$E$2:$G$910,3,FALSE)," ") -> UND | H10: 1 | I10: si | L10: =+H10-K10 -> 1 | M10: GZL0DA813L
A11: 7 | B11: 16 | C11: 45 | D11: 275 | E11: =CONCATENATE(B11,"-",C11,"-",D11) -> 16-45-275 | F11: =IFERROR(VLOOKUP(E11,'LISTA ITEMS (2)'!$E$2:$G$910,2,FALSE)," ") -> CAJA DISTRIBUCION INTERIOR 18 ELEM. (SOLERA) | G11: =IFERROR(VLOOKUP(E11,'LISTA ITEMS (2)'!$E$2:$G$910,3,FALSE)," ") -> UND | H11: 1 | I11: si | L11: =+H11-K11 -> 1
A12: 8 | B12: 16 | C12: 45 | D12: 276 | E12: =CONCATENATE(B12,"-",C12,"-",D12) -> 16-45-276 | F12: =IFERROR(VLOOKUP(E12,'LISTA ITEMS (2)'!$E$2:$G$910,2,FALSE)," ") -> CAJA ESTANCA (COCHERA) EXTERIOR 18PT (IDE) | G12: =IFERROR(VLOOKUP(E12,'LISTA ITEMS (2)'!$E$2:$G$910,3,FALSE)," ") -> UND | H12: 1 | I12: si | L12: =+H12-K12 -> 1
A13: 9 | B13: 16 | C13: 45 | D13: 317 | E13: =CONCATENATE(B13,"-",C13,"-",D13) -> 16-45-317 | F13: =IFERROR(VLOOKUP(E13,'LISTA ITEMS (2)'!$E$2:$G$910,2,FALSE)," ") -> CAJA DISTRIBUCION INTERIOR 8 ELEM. (SOLERA) | G13: =IFERROR(VLOOKUP(E13,'LISTA ITEMS (2)'!$E$2:$G$910,3,FALSE)," ") -> UND | H13: 1 | I13: si | L13: =+H13-K13 -> 1
A14: 10 | B14: 3 | C14: 31 | D14: 211 | E14: =CONCATENATE(B14,"-",C14,"-",D14) -> 3-31-211 | F14: =IFERROR(VLOOKUP(E14,'LISTA ITEMS (2)'!$E$2:$G$910,2,FALSE)," ") -> CABLE Nª 6 C/ALTERNA VERDE/AMARILLO | G14: =IFERROR(VLOOKUP(E14,'LISTA ITEMS (2)'!$E$2:$G$910,3,FALSE)," ") -> MT | H14: 100 | I14: si | L14: =+H14-K14 -> 100
A15: 11 | B15: 3 | C15: 31 | D15: 212 | E15: =CONCATENATE(B15,"-",C15,"-",D15) -> 3-31-212 | F15: =IFERROR(VLOOKUP(E15,'LISTA ITEMS (2)'!$E$2:$G$910,2,FALSE)," ") -> CABLE Nª 6 C/ALTERNA AZUL | G15: =IFERROR(VLOOKUP(E15,'LISTA ITEMS (2)'!$E$2:$G$910,3,FALSE)," ") -> MT | H15: 100 | I15: si | L15: =+H15-K15 -> 100
A16: 12 | B16: 7 | C16: 35 | D16: 286 | E16: =CONCATENATE(B16,"-",C16,"-",D16) -> 7-35-286 | F16: =IFERROR(VLOOKUP(E16,'LISTA ITEMS (2)'!$E$2:$G$910,2,FALSE)," ") -> INVERSOR SPH 6000TL BL-UP 6KW (GROWATT) | G16: =IFERROR(VLOOKUP(E16,'LISTA ITEMS (2)'!$E$2:$G$910,3,FALSE)," ") -> UND | H16: 1 | I16: si | L16: =+H16-K16 -> 1 | M16: DYM6F73047
A17: 13 | B17: 7 | C17: 54 | D17: 295 | E17: =CONCATENATE(B17,"-",C17,"-",D17) -> 7-54-295 | F17: =IFERROR(VLOOKUP(E17,'LISTA ITEMS (2)'!$E$2:$G$910,2,FALSE)," ") -> BATERIA LFP LITHIUM DL5.OC (DYNESS) | G17: =IFERROR(VLOOKUP(E17,'LISTA ITEMS (2)'!$E$2:$G$910,3,FALSE)," ") -> UND | H17: 1 | I17: si | L17: =+H17-K17 -> 1 | M17: 9497028225092023/21
A18: 14 | E18: =CONCATENATE(B18,"-",C18,"-",D18) -> -- | F18: =IFERROR(VLOOKUP(E18,'LISTA ITEMS (2)'!$E$2:$G$910,2,FALSE)," ") -> 0 | G18: =IFERROR(VLOOKUP(E18,'LISTA ITEMS (2)'!$E$2:$G$910,3,FALSE)," ") -> 0 | I18: si | L18: =+H18-K18 -> 0
A19: 15 | E19: =CONCATENATE(B19,"-",C19,"-",D19) -> -- | F19: =IFERROR(VLOOKUP(E19,'LISTA ITEMS (2)'!$E$2:$G$910,2,FALSE)," ") -> 0 | G19: =IFERROR(VLOOKUP(E19,'LISTA ITEMS (2)'!$E$2:$G$910,3,FALSE)," ") -> 0 | I19: si | L19: =+H19-K19 -> 0
A20: 16 | E20: =CONCATENATE(B20,"-",C20,"-",D20) -> -- | F20: =IFERROR(VLOOKUP(E20,'LISTA ITEMS (2)'!$E$2:$G$910,2,FALSE)," ") -> 0 | G20: =IFERROR(VLOOKUP(E20,'LISTA ITEMS (2)'!$E$2:$G$910,3,FALSE)," ") -> 0 | I20: si | L20: 1
A21: 17 | E21: =CONCATENATE(B21,"-",C21,"-",D21) -> -- | F21: =IFERROR(VLOOKUP(E21,'LISTA ITEMS (2)'!$E$2:$G$910,2,FALSE)," ") -> 0 | G21: =IFERROR(VLOOKUP(E21,'LISTA ITEMS (2)'!$E$2:$G$910,3,FALSE)," ") -> 0 | I21: si | L21: =+H21-K21 -> 0
A22: 18 | E22: =CONCATENATE(B22,"-",C22,"-",D22) -> -- | F22: =IFERROR(VLOOKUP(E22,'LISTA ITEMS (2)'!$E$2:$G$910,2,FALSE)," ") -> 0 | G22: =IFERROR(VLOOKUP(E22,'LISTA ITEMS (2)'!$E$2:$G$910,3,FALSE)," ") -> 0 | I22: si | L22: =+H22-K22 -> 0
A23: 19 | E23: =CONCATENATE(B23,"-",C23,"-",D23) -> -- | F23: =IFERROR(VLOOKUP(E23,'LISTA ITEMS (2)'!$E$2:$G$910,2,FALSE)," ") -> 0 | G23: =IFERROR(VLOOKUP(E23,'LISTA ITEMS (2)'!$E$2:$G$910,3,FALSE)," ") -> 0 | I23: si | L23: =+H23-K23 -> 0
A24: 20 | E24: =CONCATENATE(B24,"-",C24,"-",D24) -> -- | F24: =IFERROR(VLOOKUP(E24,'LISTA ITEMS (2)'!$E$2:$G$910,2,FALSE)," ") -> 0 | G24: =IFERROR(VLOOKUP(E24,'LISTA ITEMS (2)'!$E$2:$G$910,3,FALSE)," ") -> 0 | I24: si | L24: =+H24-K24 -> 0
A25: 21 | E25: =CONCATENATE(B25,"-",C25,"-",D25) -> -- | F25: =IFERROR(VLOOKUP(E25,'LISTA ITEMS (2)'!$E$2:$G$910,2,FALSE)," ") -> 0 | G25: =IFERROR(VLOOKUP(E25,'LISTA ITEMS (2)'!$E$2:$G$910,3,FALSE)," ") -> 0 | I25: si | L25: =+H25-K25 -> 0
A26: 22 | E26: =CONCATENATE(B26,"-",C26,"-",D26) -> -- | F26: =IFERROR(VLOOKUP(E26,'LISTA ITEMS (2)'!$E$2:$G$910,2,FALSE)," ") -> 0 | G26: =IFERROR(VLOOKUP(E26,'LISTA ITEMS (2)'!$E$2:$G$910,3,FALSE)," ") -> 0 | I26: si | L26: =+H26-K26 -> 0
A27: 23 | E27: =CONCATENATE(B27,"-",C27,"-",D27) -> -- | F27: =IFERROR(VLOOKUP(E27,'LISTA ITEMS (2)'!$E$2:$G$910,2,FALSE)," ") -> 0 | G27: =IFERROR(VLOOKUP(E27,'LISTA ITEMS (2)'!$E$2:$G$910,3,FALSE)," ") -> 0 | I27: si | L27: =+H27-K27 -> 0
A28: 24 | E28: =CONCATENATE(B28,"-",C28,"-",D28) -> -- | F28: =IFERROR(VLOOKUP(E28,'LISTA ITEMS (2)'!$E$2:$G$910,2,FALSE)," ") -> 0 | G28: =IFERROR(VLOOKUP(E28,'LISTA ITEMS (2)'!$E$2:$G$910,3,FALSE)," ") -> 0 | I28: si | L28: =+H28-K28 -> 0
A29: 25 | E29: =CONCATENATE(B29,"-",C29,"-",D29) -> -- | F29: =IFERROR(VLOOKUP(E29,'LISTA ITEMS (2)'!$E$2:$G$910,2,FALSE)," ") -> 0 | G29: =IFERROR(VLOOKUP(E29,'LISTA ITEMS (2)'!$E$2:$G$910,3,FALSE)," ") -> 0 | I29: si | L29: =+H29-K29 -> 0
A30: 26 | E30: =CONCATENATE(B30,"-",C30,"-",D30) -> -- | F30: =IFERROR(VLOOKUP(E30,'LISTA ITEMS (2)'!$E$2:$G$910,2,FALSE)," ") -> 0 | G30: =IFERROR(VLOOKUP(E30,'LISTA ITEMS (2)'!$E$2:$G$910,3,FALSE)," ") -> 0 | I30: si | L30: =+H30-K30 -> 0
A31: 27 | E31: =CONCATENATE(B31,"-",C31,"-",D31) -> -- | F31: =IFERROR(VLOOKUP(E31,'LISTA ITEMS (2)'!$E$2:$G$910,2,FALSE)," ") -> 0 | G31: =IFERROR(VLOOKUP(E31,'LISTA ITEMS (2)'!$E$2:$G$910,3,FALSE)," ") -> 0 | I31: si | L31: =+H31-K31 -> 0
A32: 28 | E32: =CONCATENATE(B32,"-",C32,"-",D32) -> -- | F32: =IFERROR(VLOOKUP(E32,'LISTA ITEMS (2)'!$E$2:$G$910,2,FALSE)," ") -> 0 | G32: =IFERROR(VLOOKUP(E32,'LISTA ITEMS (2)'!$E$2:$G$910,3,FALSE)," ") -> 0 | I32: si | L32: =+H32-K32 -> 0
... A36: 32 | E36: =CONCATENATE(B36,"-",C36,"-",D36) -> -- | F36: =IFERROR(VLOOKUP(E36,'LISTA ITEMS (2)'!$E$2:$G$910,2,FALSE)," ") -> 0 | G36: =IFERROR(VLOOKUP(E36,'LISTA ITEMS (2)'!$E$2:$G$910,3,FALSE)," ") -> 0 | I36: si | L36: =+H36-K36 -> 0
A37: 33 | E37: =CONCATENATE(B37,"-",C37,"-",D37) -> -- | F37: =IFERROR(VLOOKUP(E37,'LISTA ITEMS (2)'!$E$2:$G$910,2,FALSE)," ") -> 0 | G37: =IFERROR(VLOOKUP(E37,'LISTA ITEMS (2)'!$E$2:$G$910,3,FALSE)," ") -> 0
A39: NOTA: MATERIALES REVISADOS POR LOS TECNICOS ANTONIO Y JESUS.

Sheet ANTONIO 05FEB
A1: FMT-03-ALM | C1: FORMATO ALISTAMIENTO DE MATERIALES (ALMACENISTA) | G1: CONSEC. # | I1: 4 | K1: REGISTRO | L1: OK
A2: CLIENTE | C2: FRANCIZCO RICO BLANCA | G2: PARTE TRAB. # | K2: DEVOLUCION | L2: OK
A3: CIUDAD | F3: ALISTADO POR: FABIO GUTIERREZ | G3: FECHA REQUER. | I3: 46058
A4: CUADIRILLA FORMADA POR: | F4: ANTONIO PERETE
A5: LINEA | B5: CODIGO | F5: DESCRIPCION | G5: UND MED. | H5: CANT. | I5: VERIFICA TECNICO | J5: FECHA | K5: DEVOLUC. | L5: CANT. REAL CONSUMIDA | M5: SERIAL Nª
A6: 1 | B6: 3 | C6: 31 | D6: 209 | E6: =CONCATENATE(B6,"-",C6,"-",D6) -> 3-31-209 | F6: =IFERROR(VLOOKUP(E6,'LISTA ITEMS (2)'!$E$2:$G$910,2,FALSE)," ") -> CABLE Nª 6 C/ALTERNA MARRON | G6: =IFERROR(VLOOKUP(E6,'LISTA ITEMS (2)'!$E$2:$G$910,3,FALSE)," ") -> MT | H6: 100 | I6: si | J6: 46062 | K6: 30 | L6: =+H6-K6 -> 70
A7: 2 | B7: 3 | C7: 31 | D7: 210 | E7: =CONCATENATE(B7,"-",C7,"-",D7) -> 3-31-210 | F7: =IFERROR(VLOOKUP(E7,'LISTA ITEMS (2)'!$E$2:$G$910,2,FALSE)," ") -> CABLE Nª 6 C/ALTERNA GRIS | G7: =IFERROR(VLOOKUP(E7,'LISTA ITEMS (2)'!$E$2:$G$910,3,FALSE)," ") -> MT | H7: 100 | I7: si | J7: 46062 | K7: 30 | L7: =+H7-K7 -> 70
A8: 3 | B8: 3 | C8: 31 | D8: 212 | E8: =CONCATENATE(B8,"-",C8,"-",D8) -> 3-31-212 | F8: =IFERROR(VLOOKUP(E8,'LISTA ITEMS (2)'!$E$2:$G$910,2,FALSE)," ") -> CABLE Nª 6 C/ALTERNA AZUL | G8: =IFERROR(VLOOKUP(E8,'LISTA ITEMS (2)'!$E$2:$G$910,3,FALSE)," ") -> MT | H8: 100 | I8: si | J8: 46062 | K8: 100 | L8: =+H8-K8 -> 0
A9: 4 | B9: 3 | C9: 31 | D9: 213 | E9: =CONCATENATE(B9,"-",C9,"-",D9) -> 3-31-213 | F9: =IFERROR(VLOOKUP(E9,'LISTA ITEMS (2)'!$E$2:$G$910,2,FALSE)," ") -> CABLE Nª 6 C/ALTERNA NEGRO | G9: =IFERROR(VLOOKUP(E9,'LISTA ITEMS (2)'!$E$2:$G$910,3,FALSE)," ") -> MT | H9: 100 | I9: si | J9: 46062 | K9: 100 | L9: =+H9-K9 -> 0
A10: 5 | B10: 9 | C10: 32 | D10: 224 | E10: =CONCATENATE(B10,"-",C10,"-",D10) -> 9-32-224 | F10: =IFERROR(VLOOKUP(E10,'LISTA ITEMS (2)'!$E$2:$G$910,2,FALSE)," ") -> CURVA PVC M-25 GRIS TIPO B | G10: =IFERROR(VLOOKUP(E10,'LISTA ITEMS (2)'!$E$2:$G$910,3,FALSE)," ") -> UND | H10: 20 | I10: si | L10: =+H10-K10 -> 20
A11: 6 | B11: 3 | C11: 31 | D11: 221 | E11: =CONCATENATE(B11,"-",C11,"-",D11) -> 3-31-221 | F11: =IFERROR(VLOOKUP(E11,'LISTA ITEMS (2)'!$E$2:$G$910,2,FALSE)," ") -> CABLE Nª 10 C/ALTERNA AZUL | G11: =IFERROR(VLOOKUP(E11,'LISTA ITEMS (2)'!$E$2:$G$910,3,FALSE)," ") -> MT | H11: 100 | I11: si | J11: 46062 | K11: 25 | L11: =+H11-K11 -> 75
A12: 7 | B12: 3 | C12: 31 | D12: 220 | E12: =CONCATENATE(B12,"-",C12,"-",D12) -> 3-31-220 | F12: =IFERROR(VLOOKUP(E12,'LISTA ITEMS (2)'!$E$2:$G$910,2,FALSE)," ") -> CABLE Nª 10 C/ALTERNA GRIS | G12: =IFERROR(VLOOKUP(E12,'LISTA ITEMS (2)'!$E$2:$G$910,3,FALSE)," ") -> MT | H12: 100 | I12: si | J12: 46062 | K12: 80 | L12: =+H12-K12 -> 20
A13: 8 | B13: 3 | C13: 31 | D13: 219 | E13: =CONCATENATE(B13,"-",C13,"-",D13) -> 3-31-219 | F13: =IFERROR(VLOOKUP(E13,'LISTA ITEMS (2)'!$E$2:$G$910,2,FALSE)," ") -> CABLE Nª 10 C/ALTERNA MARRON | G13: =IFERROR(VLOOKUP(E13,'LISTA ITEMS (2)'!$E$2:$G$910,3,FALSE)," ") -> MT | H13: 60 | I13: si | J13: 46062 | K13: 25 | L13: =+H13-K13 -> 35
A14: 9 | B14: 3 | C14: 31 | D14: 222 | E14: =CONCATENATE(B14,"-",C14,"-",D14) -> 3-31-222 | F14: =IFERROR(VLOOKUP(E14,'LISTA ITEMS (2)'!$E$2:$G$910,2,FALSE)," ") -> CABLE Nª 10 C/ALTERNA NEGRO | G14: =IFERROR(VLOOKUP(E14,'LISTA ITEMS (2)'!$E$2:$G$910,3,FALSE)," ") -> MT | H14: 80 | I14: si | J14: 46062 | K14: 25 | L14: =+H14-K14 -> 55
A15: 10 | B15: 3 | C15: 31 | D15: 218 | E15: =CONCATENATE(B15,"-",C15,"-",D15) -> 3-31-218 | F15: =IFERROR(VLOOKUP(E15,'LISTA ITEMS (2)'!$E$2:$G$910,2,FALSE)," ") -> CABLE Nª 10 C/ALTERNA VERDE/AMARILLO | G15: =IFERROR(VLOOKUP(E15,'LISTA ITEMS (2)'!$E$2:$G$910,3,FALSE)," ") -> MT | H15: 70 | I15: si | J15: 46062 | K15: 25 | L15: =+H15-K15 -> 45
A16: 11 | B16: 13 | C16: 22 | D16: 184 | E16: =CONCATENATE(B16,"-",C16,"-",D16) -> 13-22-184 | F16: =IFERROR(VLOOKUP(E16,'LISTA ITEMS (2)'!$E$2:$G$910,2,FALSE)," ") -> BRIDA P/EXTERIOR NEGRA | G16: =IFERROR(VLOOKUP(E16,'LISTA ITEMS (2)'!$E$2:$G$910,3,FALSE)," ") -> UND | H16: 100 | I16: si | L16: =+H16-K16 -> 100
A17: 12 | B17: 13 | C17: 21 | D17: 181 | E17: =CONCATENATE(B17,"-",C17,"-",D17) -> 13-21-181 | F17: =IFERROR(VLOOKUP(E17,'LISTA ITEMS (2)'!$E$2:$G$910,2,FALSE)," ") -> TACO P/BRIDA NEGRO | G17: =IFERROR(VLOOKUP(E17,'LISTA ITEMS (2)'!$E$2:$G$910,3,FALSE)," ") -> UND | H17: 100 | I17: si | L17: =+H17-K17 -> 100
A18: 13 | B18: 16 | C18: 47 | D18: 280 | E18: =CONCATENATE(B18,"-",C18,"-",D18) -> 16-47-280 | F18: =IFERROR(VLOOKUP(E18,'LISTA ITEMS (2)'!$E$2:$G$910,2,FALSE)," ") -> DIFERENCIAL EPR2A063030 2P-63A-30mA (MAXGE) | G18: =IFERROR(VLOOKUP(E18,'LISTA ITEMS (2)'!$E$2:$G$910,3,FALSE)," ") -> UND | H18: 1 | I18: si | L18: =+H18-K18 -> 1
A19: 14 | B19: 16 | C19: 49 | D19: 288 | E19: =CONCATENATE(B19,"-",C19,"-",D19) -> 16-49-288 | F19: =IFERROR(VLOOKUP(E19,'LISTA ITEMS (2)'!$E$2:$G$910,2,FALSE)," ") -> CONTACTOR MODULAR EPC1-6322-P7 (MAXGE) | G19: =IFERROR(VLOOKUP(E19,'LISTA ITEMS (2)'!$E$2:$G$910,3,FALSE)," ") -> UND | H19: 1 | I19: si | L19: =+H19-K19 -> 1
A20: 15 | B20: 16 | C20: 53 | D20: 290 | E20: =CONCATENATE(B20,"-",C20,"-",D20) -> 16-53-290 | F20: =IFERROR(VLOOKUP(E20,'LISTA ITEMS (2)'!$E$2:$G$910,2,FALSE)," ") -> PINCHO DE COMUNICACIÓN WIFI SHINEWILAN X2 (GROWATT) | G20: =IFERROR(VLOOKUP(E20,'LISTA ITEMS (2)'!$E$2:$G$910,3,FALSE)," ") -> UND | H20: 1 | I20: si | L20: =+H20-K20 -> 1
A21: 16 | B21: 9 | C21: 2 | D21: 291 | E21: =CONCATENATE(B21,"-",C21,"-",D21) -> 9-2-291 | F21: =IFERROR(VLOOKUP(E21,'LISTA ITEMS (2)'!$E$2:$G$910,2,FALSE)," ") -> TUBO ELECTRICO PVC 25mm - 3mt(AISCAN) | G21: =IFERROR(VLOOKUP(E21,'LISTA ITEMS (2)'!$E$2:$G$910,3,FALSE)," ") -> UND | H21: 8 | I21: si | L21: 1
A22: 17 | B22: 16 | C22: 52 | D22: 292 | E22: =CONCATENATE(B22,"-",C22,"-",D22) -> 16-52-292 | F22: =IFERROR(VLOOKUP(E22,'LISTA ITEMS (2)'!$E$2:$G$910,2,FALSE)," ") -> TERMICO EPBE63M1NC63M1NC40 1P+N C40 (MAXGE) | G22: =IFERROR(VLOOKUP(E22,'LISTA ITEMS (2)'!$E$2:$G$910,3,FALSE)," ") -> UND | H22: 1 | I22: si | L22: =+H22-K22 -> 1
A23: 18 | B23: 16 | C23: 52 | D23: 293 | E23: =CONCATENATE(B23,"-",C23,"-",D23) -> 16-52-293 | F23: =IFERROR(VLOOKUP(E23,'LISTA ITEMS (2)'!$E$2:$G$910,2,FALSE)," ") -> TERMICO EPBE63M1NC63M1NC32 1P+N C32 (MAXGE) | G23: =IFERROR(VLOOKUP(E23,'LISTA ITEMS (2)'!$E$2:$G$910,3,FALSE)," ") -> UND | H23: 1 | I23: si | L23: =+H23-K23 -> 1
A24: 19 | B24: 16 | C24: 45 | D24: 294 | E24: =CONCATENATE(B24,"-",C24,"-",D24) -> 16-45-294 | F24: =IFERROR(VLOOKUP(E24,'LISTA ITEMS (2)'!$E$2:$G$910,2,FALSE)," ") -> CAJA DE ESTANCA 133X180X80 EV161 (IDE) | G24: =IFERROR(VLOOKUP(E24,'LISTA ITEMS (2)'!$E$2:$G$910,3,FALSE)," ") -> UND | H24: 1 | I24: si | L24: =+H24-K24 -> 1
A25: 20 | B25: 7 | C25: 54 | D25: 295 | E25: =CONCATENATE(B25,"-",C25,"-",D25) -> 7-54-295 | F25: =IFERROR(VLOOKUP(E25,'LISTA ITEMS (2)'!$E$2:$G$910,2,FALSE)," ") -> BATERIA LFP LITHIUM DL5.OC (DYNESS) | G25: =IFERROR(VLOOKUP(E25,'LISTA ITEMS (2)'!$E$2:$G$910,3,FALSE)," ") -> UND | H25: 2 | I25: si | L25: =+H25-K25 -> 2 | M25: 949702822509202000 0949702822509202306
A26: 21 | B26: 7 | C26: 35 | D26: 286 | E26: =CONCATENATE(B26,"-",C26,"-",D26) -> 7-35-286 | F26: =IFERROR(VLOOKUP(E26,'LISTA ITEMS (2)'!$E$2:$G$910,2,FALSE)," ") -> INVERSOR SPH 6000TL BL-UP 6KW (GROWATT) | G26: =IFERROR(VLOOKUP(E26,'LISTA ITEMS (2)'!$E$2:$G$910,3,FALSE)," ") -> UND | H26: 1 | I26: si | L26: =+H26-K26 -> 1 | M26: DYM6F73053
A27: 22 | B27: 16 | C27: 45 | D27: 275 | E27: =CONCATENATE(B27,"-",C27,"-",D27) -> 16-45-275 | F27: =IFERROR(VLOOKUP(E27,'LISTA ITEMS (2)'!$E$2:$G$910,2,FALSE)," ") -> CAJA DISTRIBUCION INTERIOR 18 ELEM. (SOLERA) | G27: =IFERROR(VLOOKUP(E27,'LISTA ITEMS (2)'!$E$2:$G$910,3,FALSE)," ") -> UND | H27: 1 | I27: si | L27: =+H27-K27 -> 1
A28: 23 | E28: =CONCATENATE(B28,"-",C28,"-",D28) -> -- | F28: =IFERROR(VLOOKUP(E28,'LISTA ITEMS (2)'!$E$2:$G$910,2,FALSE)," ") -> 0 | G28: =IFERROR(VLOOKUP(E28,'LISTA ITEMS (2)'!$E$2:$G$910,3,FALSE)," ") -> 0 | I28: si | L28: =+H28-K28 -> 0
A29: 24 | E29: =CONCATENATE(B29,"-",C29,"-",D29) -> -- | F29: =IFERROR(VLOOKUP(E29,'LISTA ITEMS (2)'!$E$2:$G$910,2,FALSE)," ") -> 0 | G29: =IFERROR(VLOOKUP(E29,'LISTA ITEMS (2)'!$E$2:$G$910,3,FALSE)," ") -> 0 | I29: si | L29: =+H29-K29 -> 0
A30: 25 | E30: =CONCATENATE(B30,"-",C30,"-",D30) -> -- | F30: =IFERROR(VLOOKUP(E30,'LISTA ITEMS (2)'!$E$2:$G$910,2,FALSE)," ") -> 0 | G30: =IFERROR(VLOOKUP(E30,'LISTA ITEMS (2)'!$E$2:$G$910,3,FALSE)," ") -> 0 | I30: si | L30: =+H30-K30 -> 0
A31: 26 | E31: =CONCATENATE(B31,"-",C31,"-",D31) -> -- | F31: =IFERROR(VLOOKUP(E31,'LISTA ITEMS (2)'!$E$2:$G$910,2,FALSE)," ") -> 0 | G31: =IFERROR(VLOOKUP(E31,'LISTA ITEMS (2)'!$E$2:$G$910,3,FALSE)," ") -> 0 | I31: si | L31: =+H31-K31 -> 0
A32: 27 | E32: =CONCATENATE(B32,"-",C32,"-",D32) -> -- | F32: =IFERROR(VLOOKUP(E32,'LISTA ITEMS (2)'!$E$2:$G$910,2,FALSE)," ") -> 0 | G32: =IFERROR(VLOOKUP(E32,'LISTA ITEMS (2)'!$E$2:$G$910,3,FALSE)," ") -> 0 | I32: si | L32: =+H32-K32 -> 0
A33: 28 | E33: =CONCATENATE(B33,"-",C33,"-",D33) -> -- | F33: =IFERROR(VLOOKUP(E33,'LISTA ITEMS (2)'!$E$2:$G$910,2,FALSE)," ") -> 0 | G33: =IFERROR(VLOOKUP(E33,'LISTA ITEMS (2)'!$E$2:$G$910,3,FALSE)," ") -> 0 | I33: si | L33: =+H33-K33 -> 0
A34: 29 | E34: =CONCATENATE(B34,"-",C34,"-",D34) -> -- | F34: =IFERROR(VLOOKUP(E34,'LISTA ITEMS (2)'!$E$2:$G$910,2,FALSE)," ") -> 0 | G34: =IFERROR(VLOOKUP(E34,'LISTA ITEMS (2)'!$E$2:$G$910,3,FALSE)," ") -> 0 | I34: si | L34: =+H34-K34 -> 0
A35: 30 | E35: =CONCATENATE(B35,"-",C35,"-",D35) -> -- | F35: =IFERROR(VLOOKUP(E35,'LISTA ITEMS (2)'!$E$2:$G$910,2,FALSE)," ") -> 0 | G35: =IFERROR(VLOOKUP(E35,'LISTA ITEMS (2)'!$E$2:$G$910,3,FALSE)," ") -> 0 | I35: si | L35: =+H35-K35 -> 0
A36: 31 | E36: =CONCATENATE(B36,"-",C36,"-",D36) -> -- | F36: =IFERROR(VLOOKUP(E36,'LISTA ITEMS (2)'!$E$2:$G$910,2,FALSE)," ") -> 0 | G36: =IFERROR(VLOOKUP(E36,'LISTA ITEMS (2)'!$E$2:$G$910,3,FALSE)," ") -> 0 | I36: si | L36: =+H36-K36 -> 0
A37: 32 | E37: =CONCATENATE(B37,"-",C37,"-",D37) -> -- | F37: =IFERROR(VLOOKUP(E37,'LISTA ITEMS (2)'!$E$2:$G$910,2,FALSE)," ") -> 0 | G37: =IFERROR(VLOOKUP(E37,'LISTA ITEMS (2)'!$E$2:$G$910,3,FALSE)," ") -> 0 | I37: si | L37: =+H37-K37 -> 0
A38: 33 | E38: =CONCATENATE(B38,"-",C38,"-",D38) -> -- | F38: =IFERROR(VLOOKUP(E38,'LISTA ITEMS (2)'!$E$2:$G$910,2,FALSE)," ") -> 0 | G38: =IFERROR(VLOOKUP(E38,'LISTA ITEMS (2)'!$E$2:$G$910,3,FALSE)," ") -> 0
A40: NOTA: MATERIALES REVISADOS POR EL TECNICO.

Sheet JAVI CARDENAS 09FEB
A1: FMT-03-ALM | C1: FORMATO ALISTAMIENTO DE MATERIALES (ALMACENISTA) | G1: CONSEC. # | I1: 5 | K1: REGISTRO | L1: OK
A2: CLIENTE | G2: PARTE TRAB. # | I2: 7 | K2: DEVOLUCION | L2: ok
A3: CIUDAD | F3: ALISTADO POR: FABIO GUTIERREZ | G3: FECHA REQUER. | I3: 46062
A4: CUADIRILLA FORMADA POR: | F4: JAVI CARDENAS
A5: LINEA | B5: CODIGO | F5: DESCRIPCION | G5: UND MED. | H5: CANT. | I5: VERIFICA TECNICO | J5: FECHA | K5: DEVOLUC. | L5: CANT. REAL CONSUMIDA | M5: SERIAL Nª | N5: NOTA
A6: 1 | B6: 16 | C6: 52 | D6: 293 | E6: =CONCATENATE(B6,"-",C6,"-",D6) -> 16-52-293 | F6: =IFERROR(VLOOKUP(E6,'LISTA ITEMS (2)'!$E$2:$G$910,2,FALSE)," ") -> TERMICO EPBE63M1NC63M1NC32 1P+N C32 (MAXGE) | G6: =IFERROR(VLOOKUP(E6,'LISTA ITEMS (2)'!$E$2:$G$910,3,FALSE)," ") -> UND | H6: 1 | I6: si | J6: 46062 | K6: 1 | L6: =+H6-K6 -> 0
A7: 2 | B7: 16 | C7: 52 | D7: 292 | E7: =CONCATENATE(B7,"-",C7,"-",D7) -> 16-52-292 | F7: =IFERROR(VLOOKUP(E7,'LISTA ITEMS (2)'!$E$2:$G$910,2,FALSE)," ") -> TERMICO EPBE63M1NC63M1NC40 1P+N C40 (MAXGE) | G7: =IFERROR(VLOOKUP(E7,'LISTA ITEMS (2)'!$E$2:$G$910,3,FALSE)," ") -> UND | H7: 1 | I7: si | J7: 46062 | K7: 1 | L7: =+H7-K7 -> 0
A8: 3 | B8: 16 | C8: 52 | D8: 285 | E8: =CONCATENATE(B8,"-",C8,"-",D8) -> 16-52-285 | F8: =IFERROR(VLOOKUP(E8,'LISTA ITEMS (2)'!$E$2:$G$910,2,FALSE)," ") -> TERMICO EPBE63M1NC63 1P+N C63 (MAXGE) | G8: =IFERROR(VLOOKUP(E8,'LISTA ITEMS (2)'!$E$2:$G$910,3,FALSE)," ") -> UND | H8: 1 | I8: si | J8: 46062 | K8: 1 | L8: =+H8-K8 -> 0
A9: 4 | B9: 16 | C9: 47 | D9: 318 | E9: =CONCATENATE(B9,"-",C9,"-",D9) -> 16-47-318 | F9: =IFERROR(VLOOKUP(E9,'LISTA ITEMS (2)'!$E$2:$G$910,2,FALSE)," ") -> DIFERENCIAL EPR2A040030 2P-40A-30mA (MAXGE) | G9: =IFERROR(VLOOKUP(E9,'LISTA ITEMS (2)'!$E$2:$G$910,3,FALSE)," ") -> UND | H9: 1 | I9: si | J9: 46062 | K9: 1 | L9: =+H9-K9 -> 0
A10: 5 | B10: 16 | C10: 56 | D10: 303 | E10: =CONCATENATE(B10,"-",C10,"-",D10) -> 16-56-303 | F10: =IFERROR(VLOOKUP(E10,'LISTA ITEMS (2)'!$E$2:$G$910,2,FALSE)," ") -> METER MONOFASICO 230/161-276Vac (GROWATT) | G10: =IFERROR(VLOOKUP(E10,'LISTA ITEMS (2)'!$E$2:$G$910,3,FALSE)," ") -> UND | H10: 1 | I10: si | J10: 46062 | K10: 1 | L10: =+H10-K10 -> 0 | N10: ELEMENTOS QUEDAN EN FURGO PARA SU RESPECTIVO STOCK MINIMO.
A11: 6 | B11: 16 | C11: 56 | D11: 302 | E11: =CONCATENATE(B11,"-",C11,"-",D11) -> 16-56-302 | F11: =IFERROR(VLOOKUP(E11,'LISTA ITEMS (2)'!$E$2:$G$910,2,FALSE)," ") -> METER TRIFASICO 230/400Vac (GROWATT) | G11: =IFERROR(VLOOKUP(E11,'LISTA ITEMS (2)'!$E$2:$G$910,3,FALSE)," ") -> UND | H11: 1 | I11: si | J11: 46062 | K11: 1 | L11: =+H11-K11 -> 0 | N11: ELEMENTOS QUEDAN EN FURGO PARA SU RESPECTIVO STOCK MINIMO.
A12: 7 | B12: 16 | C12: 53 | D12: 328 | E12: =CONCATENATE(B12,"-",C12,"-",D12) -> 16-53-328 | F12: =IFERROR(VLOOKUP(E12,'LISTA ITEMS (2)'!$E$2:$G$910,2,FALSE)," ") -> PINCHO DE COMUNICACIÓN WIFI SHINErfsTICK- X BLANCO (GROWATT) | G12: =IFERROR(VLOOKUP(E12,'LISTA ITEMS (2)'!$E$2:$G$910,3,FALSE)," ") -> UND | H12: 1 | I12: si | J12: 46062 | K12: 1 | L12: =+H12-K12 -> 0 | N12: ELEMENTOS QUEDAN EN FURGO PARA SU RESPECTIVO STOCK MINIMO.
A13: 8 | B13: 17 | C13: 44 | D13: 271 | E13: =CONCATENATE(B13,"-",C13,"-",D13) -> 17-44-271 | F13: =IFERROR(VLOOKUP(E13,'LISTA ITEMS (2)'!$E$2:$G$910,2,FALSE)," ") -> SELLANTE QUIMICO BLANCO | G13: =IFERROR(VLOOKUP(E13,'LISTA ITEMS (2)'!$E$2:$G$910,3,FALSE)," ") -> UND | H13: 1 | I13: si | J13: 46062 | K13: 1 | L13: =+H13-K13 -> 0 | N13: ELEMENTOS QUEDAN EN FURGO PARA SU RESPECTIVO STOCK MINIMO.
A14: 9 | B14: 17 | C14: 44 | D14: 272 | E14: =CONCATENATE(B14,"-",C14,"-",D14) -> 17-44-272 | F14: =IFERROR(VLOOKUP(E14,'LISTA ITEMS (2)'!$E$2:$G$910,2,FALSE)," ") -> SELLANTE QUIMICO GRIS | G14: =IFERROR(VLOOKUP(E14,'LISTA ITEMS (2)'!$E$2:$G$910,3,FALSE)," ") -> UND | H14: 1 | I14: si | J14: 46062 | K14: 1 | L14: =+H14-K14 -> 0 | N14: ELEMENTOS QUEDAN EN FURGO PARA SU RESPECTIVO STOCK MINIMO.
A15: 10 | B15: 4 | C15: 15 | D15: 326 | E15: =CONCATENATE(B15,"-",C15,"-",D15) -> 4-15-326 | F15: =IFERROR(VLOOKUP(E15,'LISTA ITEMS (2)'!$E$2:$G$910,2,FALSE)," ") -> BARRA PERFORADA PARA REFUERZO 27x18x2MT GALV. | G15: =IFERROR(VLOOKUP(E15,'LISTA ITEMS (2)'!$E$2:$G$910,3,FALSE)," ") -> UND | H15: 7 | I15: si | J15: 46062 | K15: 7 | L15: =+H15-K15 -> 0
A16: 11 | B16: 6 | C16: 23 | D16: 192 | E16: =CONCATENATE(B16,"-",C16,"-",D16) -> 6-23-192 | F16: =IFERROR(VLOOKUP(E16,'LISTA ITEMS (2)'!$E$2:$G$910,2,FALSE)," ") -> CINTA ACERO PERFORADA PARA MONTAJE | G16: =IFERROR(VLOOKUP(E16,'LISTA ITEMS (2)'!$E$2:$G$910,3,FALSE)," ") -> UND | H16: 2 | I16: si | J16: 46062 | K16: 2 | L16: =+H16-K16 -> 0
A17: 12 | E17: =CONCATENATE(B17,"-",C17,"-",D17) -> -- | F17: =IFERROR(VLOOKUP(E17,'LISTA ITEMS (2)'!$E$2:$G$910,2,FALSE)," ") -> 0 | G17: =IFERROR(VLOOKUP(E17,'LISTA ITEMS (2)'!$E$2:$G$910,3,FALSE)," ") -> 0 | I17: si | L17: =+H17-K17 -> 0
A18: 13 | E18: =CONCATENATE(B18,"-",C18,"-",D18) -> -- | F18: =IFERROR(VLOOKUP(E18,'LISTA ITEMS (2)'!$E$2:$G$910,2,FALSE)," ") -> 0 | G18: =IFERROR(VLOOKUP(E18,'LISTA ITEMS (2)'!$E$2:$G$910,3,FALSE)," ") -> 0 | I18: si | L18: =+H18-K18 -> 0
A19: 14 | E19: =CONCATENATE(B19,"-",C19,"-",D19) -> -- | F19: =IFERROR(VLOOKUP(E19,'LISTA ITEMS (2)'!$E$2:$G$910,2,FALSE)," ") -> 0 | G19: =IFERROR(VLOOKUP(E19,'LISTA ITEMS (2)'!$E$2:$G$910,3,FALSE)," ") -> 0 | I19: si | L19: =+H19-K19 -> 0
A20: 15 | E20: =CONCATENATE(B20,"-",C20,"-",D20) -> -- | F20: =IFERROR(VLOOKUP(E20,'LISTA ITEMS (2)'!$E$2:$G$910,2,FALSE)," ") -> 0 | G20: =IFERROR(VLOOKUP(E20,'LISTA ITEMS (2)'!$E$2:$G$910,3,FALSE)," ") -> 0 | I20: si | L20: =+H20-K20 -> 0
A21: 16 | E21: =CONCATENATE(B21,"-",C21,"-",D21) -> -- | F21: =IFERROR(VLOOKUP(E21,'LISTA ITEMS (2)'!$E$2:$G$910,2,FALSE)," ") -> 0 | G21: =IFERROR(VLOOKUP(E21,'LISTA ITEMS (2)'!$E$2:$G$910,3,FALSE)," ") -> 0 | I21: si | L21: 1
A22: 17 | E22: =CONCATENATE(B22,"-",C22,"-",D22) -> -- | F22: =IFERROR(VLOOKUP(E22,'LISTA ITEMS (2)'!$E$2:$G$910,2,FALSE)," ") -> 0 | G22: =IFERROR(VLOOKUP(E22,'LISTA ITEMS (2)'!$E$2:$G$910,3,FALSE)," ") -> 0 | I22: si | L22: =+H22-K22 -> 0
A23: 18 | E23: =CONCATENATE(B23,"-",C23,"-",D23) -> -- | F23: =IFERROR(VLOOKUP(E23,'LISTA ITEMS (2)'!$E$2:$G$910,2,FALSE)," ") -> 0 | G23: =IFERROR(VLOOKUP(E23,'LISTA ITEMS (2)'!$E$2:$G$910,3,FALSE)," ") -> 0 | I23: si | L23: =+H23-K23 -> 0
A24: 19 | E24: =CONCATENATE(B24,"-",C24,"-",D24) -> -- | F24: =IFERROR(VLOOKUP(E24,'LISTA ITEMS (2)'!$E$2:$G$910,2,FALSE)," ") -> 0 | G24: =IFERROR(VLOOKUP(E24,'LISTA ITEMS (2)'!$E$2:$G$910,3,FALSE)," ") -> 0 | I24: si | L24: =+H24-K24 -> 0
A25: 20 | E25: =CONCATENATE(B25,"-",C25,"-",D25) -> -- | F25: =IFERROR(VLOOKUP(E25,'LISTA ITEMS (2)'!$E$2:$G$910,2,FALSE)," ") -> 0 | G25: =IFERROR(VLOOKUP(E25,'LISTA ITEMS (2)'!$E$2:$G$910,3,FALSE)," ") -> 0 | I25: si | L25: =+H25-K25 -> 0
A26: 21 | E26: =CONCATENATE(B26,"-",C26,"-",D26) -> -- | F26: =IFERROR(VLOOKUP(E26,'LISTA ITEMS (2)'!$E$2:$G$910,2,FALSE)," ") -> 0 | G26: =IFERROR(VLOOKUP(E26,'LISTA ITEMS (2)'!$E$2:$G$910,3,FALSE)," ") -> 0 | I26: si | L26: =+H26-K26 -> 0
A27: 22 | E27: =CONCATENATE(B27,"-",C27,"-",D27) -> -- | F27: =IFERROR(VLOOKUP(E27,'LISTA ITEMS (2)'!$E$2:$G$910,2,FALSE)," ") -> 0 | G27: =IFERROR(VLOOKUP(E27,'LISTA ITEMS (2)'!$E$2:$G$910,3,FALSE)," ") -> 0 | I27: si | L27: =+H27-K27 -> 0
A28: 23 | E28: =CONCATENATE(B28,"-",C28,"-",D28) -> -- | F28: =IFERROR(VLOOKUP(E28,'LISTA ITEMS (2)'!$E$2:$G$910,2,FALSE)," ") -> 0 | G28: =IFERROR(VLOOKUP(E28,'LISTA ITEMS (2)'!$E$2:$G$910,3,FALSE)," ") -> 0 | I28: si | L28: =+H28-K28 -> 0
A29: 24 | E29: =CONCATENATE(B29,"-",C29,"-",D29) -> -- | F29: =IFERROR(VLOOKUP(E29,'LISTA ITEMS (2)'!$E$2:$G$910,2,FALSE)," ") -> 0 | G29: =IFERROR(VLOOKUP(E29,'LISTA ITEMS (2)'!$E$2:$G$910,3,FALSE)," ") -> 0 | I29: si | L29: =+H29-K29 -> 0
A30: 25 | E30: =CONCATENATE(B30,"-",C30,"-",D30) -> -- | F30: =IFERROR(VLOOKUP(E30,'LISTA ITEMS (2)'!$E$2:$G$910,2,FALSE)," ") -> 0 | G30: =IFERROR(VLOOKUP(E30,'LISTA ITEMS (2)'!$E$2:$G$910,3,FALSE)," ") -> 0 | I30: si | L30: =+H30-K30 -> 0
A31: 26 | E31: =CONCATENATE(B31,"-",C31,"-",D31) -> -- | F31: =IFERROR(VLOOKUP(E31,'LISTA ITEMS (2)'!$E$2:$G$910,2,FALSE)," ") -> 0 | G31: =IFERROR(VLOOKUP(E31,'LISTA ITEMS (2)'!$E$2:$G$910,3,FALSE)," ") -> 0 | I31: si | L31: =+H31-K31 -> 0
A32: 27 | E32: =CONCATENATE(B32,"-",C32,"-",D32) -> -- | F32: =IFERROR(VLOOKUP(E32,'LISTA ITEMS (2)'!$E$2:$G$910,2,FALSE)," ") -> 0 | G32: =IFERROR(VLOOKUP(E32,'LISTA ITEMS (2)'!$E$2:$G$910,3,FALSE)," ") -> 0 | I32: si | L32: =+H32-K32 -> 0
A33: 28 | E33: =CONCATENATE(B33,"-",C33,"-",D33) -> -- | F33: =IFERROR(VLOOKUP(E33,'LISTA ITEMS (2)'!$E$2:$G$910,2,FALSE)," ") -> 0 | G33: =IFERROR(VLOOKUP(E33,'LISTA ITEMS (2)'!$E$2:$G$910,3,FALSE)," ") -> 0 | I33: si | L33: =+H33-K33 -> 0
... A37: 32 | E37: =CONCATENATE(B37,"-",C37,"-",D37) -> -- | F37: =IFERROR(VLOOKUP(E37,'LISTA ITEMS (2)'!$E$2:$G$910,2,FALSE)," ") -> 0 | G37: =IFERROR(VLOOKUP(E37,'LISTA ITEMS (2)'!$E$2:$G$910,3,FALSE)," ") -> 0 | I37: si | L37: =+H37-K37 -> 0
A38: 33 | E38: =CONCATENATE(B38,"-",C38,"-",D38) -> -- | F38: =IFERROR(VLOOKUP(E38,'LISTA ITEMS (2)'!$E$2:$G$910,2,FALSE)," ") -> 0 | G38: =IFERROR(VLOOKUP(E38,'LISTA ITEMS (2)'!$E$2:$G$910,3,FALSE)," ") -> 0
A40: NOTA: Materiales revisados por el tecnico Javi Cardenas. Adicionalmente, estos materiales seran usados en diferentes clientes.

Sheet HECTOR Y MANUEL 09FEB
A1: FMT-03-ALM | C1: FORMATO ALISTAMIENTO DE MATERIALES (ALMACENISTA) | G1: CONSEC. # | I1: 7 | K1: REGISTRO | L1: OK
A2: CLIENTE | C2: JESUS MORALES BUSTOS | G2: PARTE TRAB. # | I2: 9 | K2: DEVOLUCION | L2: ok
A3: CIUDAD | C3: JAEN LA YEDRA | F3: ALISTADO POR: FABIO GUTIERREZ | G3: FECHA REQUER. | I3: 46062
A4: CUADIRILLA FORMADA POR: | F4: HECTOR - MANUEL
A5: LINEA | B5: CODIGO | F5: DESCRIPCION | G5: UND MED. | H5: CANT. | I5: VERIFICA TECNICO | J5: FECHA | K5: DEVOLUC. | L5: CANT. REAL CONSUMIDA | M5: SERIAL Nª
A6: 1 | B6: 10 | C6: 42 | D6: 329 | E6: =CONCATENATE(B6,"-",C6,"-",D6) -> 10-42-329 | F6: =IFERROR(VLOOKUP(E6,'LISTA ITEMS (2)'!$E$2:$G$910,2,FALSE)," ") -> PATA ALUMINIO PARA ESTRUCTURA PLACA SOLAR VELA ANGULO 15º | G6: =IFERROR(VLOOKUP(E6,'LISTA ITEMS (2)'!$E$2:$G$910,3,FALSE)," ") -> UND | H6: 7 | I6: si | J6: 46066 | K6: 3 | L6: =+H6-K6 -> 4
A7: 2 | B7: 7 | C7: 38 | D7: 247 | E7: =CONCATENATE(B7,"-",C7,"-",D7) -> 7-38-247 | F7: =IFERROR(VLOOKUP(E7,'LISTA ITEMS (2)'!$E$2:$G$910,2,FALSE)," ") -> PLACA SOLAR JAM60D42-535LB 535W / 44.13V | G7: =IFERROR(VLOOKUP(E7,'LISTA ITEMS (2)'!$E$2:$G$910,3,FALSE)," ") -> UND | H7: 12 | I7: si | L7: =+H7-K7 -> 12
A8: 3 | B8: 10 | C8: 37 | D8: 330 | E8: =CONCATENATE(B8,"-",C8,"-",D8) -> 10-37-330 | F8: =IFERROR(VLOOKUP(E8,'LISTA ITEMS (2)'!$E$2:$G$910,2,FALSE)," ") -> SOPORTE EN L ALUMINIO GRIS | G8: =IFERROR(VLOOKUP(E8,'LISTA ITEMS (2)'!$E$2:$G$910,3,FALSE)," ") -> UND | H8: 20 | I8: si | J8: 46066 | K8: =1+11 -> 12 | L8: =+H8-K8 -> 8
A9: 4 | B9: 9 | C9: 32 | D9: 223 | E9: =CONCATENATE(B9,"-",C9,"-",D9) -> 9-32-223 | F9: =IFERROR(VLOOKUP(E9,'LISTA ITEMS (2)'!$E$2:$G$910,2,FALSE)," ") -> CURVA PVC M-25 GRIS TIPO A | G9: =IFERROR(VLOOKUP(E9,'LISTA ITEMS (2)'!$E$2:$G$910,3,FALSE)," ") -> UND | H9: 20 | I9: si | J9: 46066 | K9: 20 | L9: =+H9-K9 -> 0
A10: 5 | B10: 3 | C10: 31 | D10: 277 | E10: =CONCATENATE(B10,"-",C10,"-",D10) -> 3-31-277 | F10: =IFERROR(VLOOKUP(E10,'LISTA ITEMS (2)'!$E$2:$G$910,2,FALSE)," ") -> CABLE Nª 6 P/PLACA SOLAR NEGRO | G10: =IFERROR(VLOOKUP(E10,'LISTA ITEMS (2)'!$E$2:$G$910,3,FALSE)," ") -> MT | H10: 15 | I10: si | J10: 46066 | K10: 10 | L10: =+H10-K10 -> 5
A11: 6 | B11: 3 | C11: 31 | D11: 278 | E11: =CONCATENATE(B11,"-",C11,"-",D11) -> 3-31-278 | F11: =IFERROR(VLOOKUP(E11,'LISTA ITEMS (2)'!$E$2:$G$910,2,FALSE)," ") -> CABLE Nª 6 P/PLACA SOLAR ROJO | G11: =IFERROR(VLOOKUP(E11,'LISTA ITEMS (2)'!$E$2:$G$910,3,FALSE)," ") -> MT | H11: 15 | I11: si | J11: 46066 | K11: 15 | L11: =+H11-K11 -> 0
A12: 7 | B12: 10 | C12: 43 | D12: 270 | E12: =CONCATENATE(B12,"-",C12,"-",D12) -> 10-43-270 | F12: =IFERROR(VLOOKUP(E12,'LISTA ITEMS (2)'!$E$2:$G$910,2,FALSE)," ") -> EMPALME ALUMINIO P/BARRA | G12: =IFERROR(VLOOKUP(E12,'LISTA ITEMS (2)'!$E$2:$G$910,3,FALSE)," ") -> UND | H12: 8 | I12: si | J12: 46066 | K12: =4+4 -> 8 | L12: =+H12-K12 -> 0
A13: 8 | B13: 16 | C13: 61 | D13: 331 | E13: =CONCATENATE(B13,"-",C13,"-",D13) -> 16-61-331 | F13: =IFERROR(VLOOKUP(E13,'LISTA ITEMS (2)'!$E$2:$G$910,2,FALSE)," ") -> CONECTOR FOTOVOLTAICO HEMBRA M4 NEGRO | G13: =IFERROR(VLOOKUP(E13,'LISTA ITEMS (2)'!$E$2:$G$910,3,FALSE)," ") -> UND | H13: 10 | I13: si | J13: 46066 | K13: 3 | L13: =+H13-K13 -> 7
A14: 9 | B14: 16 | C14: 61 | D14: 332 | E14: =CONCATENATE(B14,"-",C14,"-",D14) -> 16-61-332 | F14: =IFERROR(VLOOKUP(E14,'LISTA ITEMS (2)'!$E$2:$G$910,2,FALSE)," ") -> CONECTOR FOTOVOLTAICO MACHO M4 NEGRO | G14: =IFERROR(VLOOKUP(E14,'LISTA ITEMS (2)'!$E$2:$G$910,3,FALSE)," ") -> UND | H14: 10 | I14: si | J14: 46066 | K14: 1 | L14: =+H14-K14 -> 9
A15: 10 | B15: 6 | C15: 23 | D15: 192 | E15: =CONCATENATE(B15,"-",C15,"-",D15) -> 6-23-192 | F15: =IFERROR(VLOOKUP(E15,'LISTA ITEMS (2)'!$E$2:$G$910,2,FALSE)," ") -> CINTA ACERO PERFORADA PARA MONTAJE | G15: =IFERROR(VLOOKUP(E15,'LISTA ITEMS (2)'!$E$2:$G$910,3,FALSE)," ") -> UND | H15: 2 | I15: si | J15: 46066 | K15: 2 | L15: =+H15-K15 -> 0
A16: 11 | B16: 17 | C16: 44 | D16: 271 | E16: =CONCATENATE(B16,"-",C16,"-",D16) -> 17-44-271 | F16: =IFERROR(VLOOKUP(E16,'LISTA ITEMS (2)'!$E$2:$G$910,2,FALSE)," ") -> SELLANTE QUIMICO BLANCO | G16: =IFERROR(VLOOKUP(E16,'LISTA ITEMS (2)'!$E$2:$G$910,3,FALSE)," ") -> UND | H16: 1 | I16: si | J16: 46066 | K16: 1 | L16: =+H16-K16 -> 0
A17: 12 | B17: 17 | C17: 44 | D17: 272 | E17: =CONCATENATE(B17,"-",C17,"-",D17) -> 17-44-272 | F17: =IFERROR(VLOOKUP(E17,'LISTA ITEMS (2)'!$E$2:$G$910,2,FALSE)," ") -> SELLANTE QUIMICO GRIS | G17: =IFERROR(VLOOKUP(E17,'LISTA ITEMS (2)'!$E$2:$G$910,3,FALSE)," ") -> UND | H17: 1 | I17: si | J17: 46066 | K17: 1 | L17: =+H17-K17 -> 0
A18: 13 | B18: 13 | C18: 22 | D18: 183 | E18: =CONCATENATE(B18,"-",C18,"-",D18) -> 13-22-183 | F18: =IFERROR(VLOOKUP(E18,'LISTA ITEMS (2)'!$E$2:$G$910,2,FALSE)," ") -> BRIDA P/INTERIOR NEGRA | G18: =IFERROR(VLOOKUP(E18,'LISTA ITEMS (2)'!$E$2:$G$910,3,FALSE)," ") -> UND | H18: 100 | I18: si | J18: 46069 | K18: 100 | L18: =+H18-K18 -> 0
A19: 14 | B19: 13 | C19: 22 | D19: 184 | E19: =CONCATENATE(B19,"-",C19,"-",D19) -> 13-22-184 | F19: =IFERROR(VLOOKUP(E19,'LISTA ITEMS (2)'!$E$2:$G$910,2,FALSE)," ") -> BRIDA P/EXTERIOR NEGRA | G19: =IFERROR(VLOOKUP(E19,'LISTA ITEMS (2)'!$E$2:$G$910,3,FALSE)," ") -> UND | H19: 50 | I19: si | J19: 46066 | K19: 50 | L19: =+H19-K19 -> 0
A20: 15 | B20: 13 | C20: 21 | D20: 181 | E20: =CONCATENATE(B20,"-",C20,"-",D20) -> 13-21-181 | F20: =IFERROR(VLOOKUP(E20,'LISTA ITEMS (2)'!$E$2:$G$910,2,FALSE)," ") -> TACO P/BRIDA NEGRO | G20: =IFERROR(VLOOKUP(E20,'LISTA ITEMS (2)'!$E$2:$G$910,3,FALSE)," ") -> UND | H20: 100 | I20: si | J20: 46069 | K20: 100 | L20: =+H20-K20 -> 0
A21: 16 | B21: 14 | C21: 24 | D21: 193 | E21: =CONCATENATE(B21,"-",C21,"-",D21) -> 14-24-193 | F21: =IFERROR(VLOOKUP(E21,'LISTA ITEMS (2)'!$E$2:$G$910,2,FALSE)," ") -> DISCO CORTE ACERO/INOX A1 2EN1 | G21: =IFERROR(VLOOKUP(E21,'LISTA ITEMS (2)'!$E$2:$G$910,3,FALSE)," ") -> UND | H21: 3 | I21: si | J21: 46069 | K21: 3 | L21: =+H21-K21 -> 0
A22: 17 | B22: 10 | C22: 37 | D22: 232 | E22: =CONCATENATE(B22,"-",C22,"-",D22) -> 10-37-232 | F22: =IFERROR(VLOOKUP(E22,'LISTA ITEMS (2)'!$E$2:$G$910,2,FALSE)," ") -> SOPORTE CENTRAL NEGRO | G22: =IFERROR(VLOOKUP(E22,'LISTA ITEMS (2)'!$E$2:$G$910,3,FALSE)," ") -> UND | H22: 25 | I22: si | J22: 46066 | K22: 20 | L22: =+H22-K22 -> 5
A23: 18 | B23: 10 | C23: 37 | D23: 315 | E23: =CONCATENATE(B23,"-",C23,"-",D23) -> 10-37-315 | F23: =IFERROR(VLOOKUP(E23,'LISTA ITEMS (2)'!$E$2:$G$910,2,FALSE)," ") -> SOPORTE FINAL NEGRO | G23: =IFERROR(VLOOKUP(E23,'LISTA ITEMS (2)'!$E$2:$G$910,3,FALSE)," ") -> UND | H23: 25 | I23: si | J23: 46066 | K23: 20 | L23: =+H23-K23 -> 5
A24: 19 | B24: 9 | C24: 2 | D24: 291 | E24: =CONCATENATE(B24,"-",C24,"-",D24) -> 9-2-291 | F24: =IFERROR(VLOOKUP(E24,'LISTA ITEMS (2)'!$E$2:$G$910,2,FALSE)," ") -> TUBO ELECTRICO PVC 25mm - 3mt(AISCAN) | G24: =IFERROR(VLOOKUP(E24,'LISTA ITEMS (2)'!$E$2:$G$910,3,FALSE)," ") -> UND | H24: 6 | I24: si | J24: 46066 | K24: 6 | L24: =+H24-K24 -> 0
... A26: 21 | B26: 4 | C26: 15 | D26: 326 | E26: =CONCATENATE(B26,"-",C26,"-",D26) -> 4-15-326 | F26: =IFERROR(VLOOKUP(E26,'LISTA ITEMS (2)'!$E$2:$G$910,2,FALSE)," ") -> BARRA PERFORADA PARA REFUERZO 27x18x2MT GALV. | G26: =IFERROR(VLOOKUP(E26,'LISTA ITEMS (2)'!$E$2:$G$910,3,FALSE)," ") -> UND | H26: 6 | I26: si | J26: 46066 | K26: 6 | L26: =+H26-K26 -> 0
A27: 22 | E27: =CONCATENATE(B27,"-",C27,"-",D27) -> -- | F27: =IFERROR(VLOOKUP(E27,'LISTA ITEMS (2)'!$E$2:$G$910,2,FALSE)," ") -> 0 | G27: =IFERROR(VLOOKUP(E27,'LISTA ITEMS (2)'!$E$2:$G$910,3,FALSE)," ") -> 0 | I27: si | L27: =+H27-K27 -> 0
A28: 23 | E28: =CONCATENATE(B28,"-",C28,"-",D28) -> -- | F28: =IFERROR(VLOOKUP(E28,'LISTA ITEMS (2)'!$E$2:$G$910,2,FALSE)," ") -> 0 | G28: =IFERROR(VLOOKUP(E28,'LISTA ITEMS (2)'!$E$2:$G$910,3,FALSE)," ") -> 0 | I28: si | L28: =+H28-K28 -> 0
A29: 24 | E29: =CONCATENATE(B29,"-",C29,"-",D29) -> -- | F29: =IFERROR(VLOOKUP(E29,'LISTA ITEMS (2)'!$E$2:$G$910,2,FALSE)," ") -> 0 | G29: =IFERROR(VLOOKUP(E29,'LISTA ITEMS (2)'!$E$2:$G$910,3,FALSE)," ") -> 0 | I29: si | L29: =+H29-K29 -> 0
A30: 25 | E30: =CONCATENATE(B30,"-",C30,"-",D30) -> -- | F30: =IFERROR(VLOOKUP(E30,'LISTA ITEMS (2)'!$E$2:$G$910,2,FALSE)," ") -> 0 | G30: =IFERROR(VLOOKUP(E30,'LISTA ITEMS (2)'!$E$2:$G$910,3,FALSE)," ") -> 0 | I30: si | L30: =+H30-K30 -> 0
A31: 26 | E31: =CONCATENATE(B31,"-",C31,"-",D31) -> -- | F31: =IFERROR(VLOOKUP(E31,'LISTA ITEMS (2)'!$E$2:$G$910,2,FALSE)," ") -> 0 | G31: =IFERROR(VLOOKUP(E31,'LISTA ITEMS (2)'!$E$2:$G$910,3,FALSE)," ") -> 0 | I31: si | L31: =+H31-K31 -> 0
A32: 27 | E32: =CONCATENATE(B32,"-",C32,"-",D32) -> -- | F32: =IFERROR(VLOOKUP(E32,'LISTA ITEMS (2)'!$E$2:$G$910,2,FALSE)," ") -> 0 | G32: =IFERROR(VLOOKUP(E32,'LISTA ITEMS (2)'!$E$2:$G$910,3,FALSE)," ") -> 0 | I32: si | L32: =+H32-K32 -> 0
A33: 28 | E33: =CONCATENATE(B33,"-",C33,"-",D33) -> -- | F33: =IFERROR(VLOOKUP(E33,'LISTA ITEMS (2)'!$E$2:$G$910,2,FALSE)," ") -> 0 | G33: =IFERROR(VLOOKUP(E33,'LISTA ITEMS (2)'!$E$2:$G$910,3,FALSE)," ") -> 0 | I33: si | L33: =+H33-K33 -> 0
A34: 29 | E34: =CONCATENATE(B34,"-",C34,"-",D34) -> -- | F34: =IFERROR(VLOOKUP(E34,'LISTA ITEMS (2)'!$E$2:$G$910,2,FALSE)," ") -> 0 | G34: =IFERROR(VLOOKUP(E34,'LISTA ITEMS (2)'!$E$2:$G$910,3,FALSE)," ") -> 0 | I34: si | L34: =+H34-K34 -> 0
A35: 30 | E35: =CONCATENATE(B35,"-",C35,"-",D35) -> -- | F35: =IFERROR(VLOOKUP(E35,'LISTA ITEMS (2)'!$E$2:$G$910,2,FALSE)," ") -> 0 | G35: =IFERROR(VLOOKUP(E35,'LISTA ITEMS (2)'!$E$2:$G$910,3,FALSE)," ") -> 0 | I35: si | L35: =+H35-K35 -> 0
A36: 31 | E36: =CONCATENATE(B36,"-",C36,"-",D36) -> -- | F36: =IFERROR(VLOOKUP(E36,'LISTA ITEMS (2)'!$E$2:$G$910,2,FALSE)," ") -> 0 | G36: =IFERROR(VLOOKUP(E36,'LISTA ITEMS (2)'!$E$2:$G$910,3,FALSE)," ") -> 0 | I36: si | L36: =+H36-K36 -> 0
A37: 32 | E37: =CONCATENATE(B37,"-",C37,"-",D37) -> -- | F37: =IFERROR(VLOOKUP(E37,'LISTA ITEMS (2)'!$E$2:$G$910,2,FALSE)," ") -> 0 | G37: =IFERROR(VLOOKUP(E37,'LISTA ITEMS (2)'!$E$2:$G$910,3,FALSE)," ") -> 0 | I37: si | L37: =+H37-K37 -> 0
A38: 33 | E38: =CONCATENATE(B38,"-",C38,"-",D38) -> -- | F38: =IFERROR(VLOOKUP(E38,'LISTA ITEMS (2)'!$E$2:$G$910,2,FALSE)," ") -> 0 | G38: =IFERROR(VLOOKUP(E38,'LISTA ITEMS (2)'!$E$2:$G$910,3,FALSE)," ") -> 0
A40: NOTA: MATERIALES REVISADOS POR LOS TECNICOS.

Sheet CRISTOBAL 09FEB
A1: FMT-03-ALM | C1: FORMATO ALISTAMIENTO DE MATERIALES (ALMACENISTA) | G1: CONSEC. # | I1: 8 | K1: REGISTRO | L1: OK
A2: CLIENTE | C2: JESUS MORALES BUSTOS | G2: PARTE TRAB. # | I2: 9-A | K2: DEVOLUCION | L2: PTE
A3: CIUDAD | C3: JAEN LA YEDRA | F3: ALISTADO POR: FABIO GUTIERREZ | G3: FECHA REQUER. | I3: 46062
A4: CUADIRILLA FORMADA POR: | F4: CRISTOBAL
A5: LINEA | B5: CODIGO | F5: DESCRIPCION | G5: UND MED. | H5: CANT. | I5: VERIFICA TECNICO | J5: FECHA | K5: DEVOLUC. | L5: CANT. REAL CONSUMIDA | M5: SERIAL Nª
A6: 1 | B6: 16 | C6: 47 | D6: 318 | E6: =CONCATENATE(B6,"-",C6,"-",D6) -> 16-47-318 | F6: =IFERROR(VLOOKUP(E6,'LISTA ITEMS (2)'!$E$2:$G$910,2,FALSE)," ") -> DIFERENCIAL EPR2A040030 2P-40A-30mA (MAXGE) | G6: =IFERROR(VLOOKUP(E6,'LISTA ITEMS (2)'!$E$2:$G$910,3,FALSE)," ") -> UND | H6: 1 | I6: si | L6: =+H6-K6 -> 1
A7: 2 | B7: 16 | C7: 49 | D7: 282 | E7: =CONCATENATE(B7,"-",C7,"-",D7) -> 16-49-282 | F7: =IFERROR(VLOOKUP(E7,'LISTA ITEMS (2)'!$E$2:$G$910,2,FALSE)," ") -> CONTACTOR MODULAR RV32 (REVALCO) | G7: =IFERROR(VLOOKUP(E7,'LISTA ITEMS (2)'!$E$2:$G$910,3,FALSE)," ") -> UND | H7: 1 | I7: si | L7: =+H7-K7 -> 1
A8: 3 | B8: 16 | C8: 52 | D8: 293 | E8: =CONCATENATE(B8,"-",C8,"-",D8) -> 16-52-293 | F8: =IFERROR(VLOOKUP(E8,'LISTA ITEMS (2)'!$E$2:$G$910,2,FALSE)," ") -> TERMICO EPBE63M1NC63M1NC32 1P+N C32 (MAXGE) | G8: =IFERROR(VLOOKUP(E8,'LISTA ITEMS (2)'!$E$2:$G$910,3,FALSE)," ") -> UND | H8: 1 | I8: si | L8: =+H8-K8 -> 1
A9: 4 | B9: 7 | C9: 38 | D9: 247 | E9: =CONCATENATE(B9,"-",C9,"-",D9) -> 7-38-247 | F9: =IFERROR(VLOOKUP(E9,'LISTA ITEMS (2)'!$E$2:$G$910,2,FALSE)," ") -> PLACA SOLAR JAM60D42-535LB 535W / 44.13V | G9: =IFERROR(VLOOKUP(E9,'LISTA ITEMS (2)'!$E$2:$G$910,3,FALSE)," ") -> UND | H9: 10 | I9: si | L9: =+H9-K9 -> 10
A10: 5 | E10: =CONCATENATE(B10,"-",C10,"-",D10) -> -- | F10: =IFERROR(VLOOKUP(E10,'LISTA ITEMS (2)'!$E$2:$G$910,2,FALSE)," ") -> 0 | G10: =IFERROR(VLOOKUP(E10,'LISTA ITEMS (2)'!$E$2:$G$910,3,FALSE)," ") -> 0 | I10: si | L10: =+H10-K10 -> 0
A11: 6 | E11: =CONCATENATE(B11,"-",C11,"-",D11) -> -- | F11: =IFERROR(VLOOKUP(E11,'LISTA ITEMS (2)'!$E$2:$G$910,2,FALSE)," ") -> 0 | G11: =IFERROR(VLOOKUP(E11,'LISTA ITEMS (2)'!$E$2:$G$910,3,FALSE)," ") -> 0 | I11: si | L11: =+H11-K11 -> 0
A12: 7 | E12: =CONCATENATE(B12,"-",C12,"-",D12) -> -- | F12: =IFERROR(VLOOKUP(E12,'LISTA ITEMS (2)'!$E$2:$G$910,2,FALSE)," ") -> 0 | G12: =IFERROR(VLOOKUP(E12,'LISTA ITEMS (2)'!$E$2:$G$910,3,FALSE)," ") -> 0 | I12: si | L12: =+H12-K12 -> 0
A13: 8 | E13: =CONCATENATE(B13,"-",C13,"-",D13) -> -- | F13: =IFERROR(VLOOKUP(E13,'LISTA ITEMS (2)'!$E$2:$G$910,2,FALSE)," ") -> 0 | G13: =IFERROR(VLOOKUP(E13,'LISTA ITEMS (2)'!$E$2:$G$910,3,FALSE)," ") -> 0 | I13: si | L13: =+H13-K13 -> 0
A14: 9 | E14: =CONCATENATE(B14,"-",C14,"-",D14) -> -- | F14: =IFERROR(VLOOKUP(E14,'LISTA ITEMS (2)'!$E$2:$G$910,2,FALSE)," ") -> 0 | G14: =IFERROR(VLOOKUP(E14,'LISTA ITEMS (2)'!$E$2:$G$910,3,FALSE)," ") -> 0 | I14: si | L14: =+H14-K14 -> 0
A15: 10 | E15: =CONCATENATE(B15,"-",C15,"-",D15) -> -- | F15: =IFERROR(VLOOKUP(E15,'LISTA ITEMS (2)'!$E$2:$G$910,2,FALSE)," ") -> 0 | G15: =IFERROR(VLOOKUP(E15,'LISTA ITEMS (2)'!$E$2:$G$910,3,FALSE)," ") -> 0 | I15: si | L15: =+H15-K15 -> 0
A16: 11 | E16: =CONCATENATE(B16,"-",C16,"-",D16) -> -- | F16: =IFERROR(VLOOKUP(E16,'LISTA ITEMS (2)'!$E$2:$G$910,2,FALSE)," ") -> 0 | G16: =IFERROR(VLOOKUP(E16,'LISTA ITEMS (2)'!$E$2:$G$910,3,FALSE)," ") -> 0 | I16: si | L16: =+H16-K16 -> 0
A17: 12 | E17: =CONCATENATE(B17,"-",C17,"-",D17) -> -- | F17: =IFERROR(VLOOKUP(E17,'LISTA ITEMS (2)'!$E$2:$G$910,2,FALSE)," ") -> 0 | G17: =IFERROR(VLOOKUP(E17,'LISTA ITEMS (2)'!$E$2:$G$910,3,FALSE)," ") -> 0 | I17: si | L17: =+H17-K17 -> 0
A18: 13 | E18: =CONCATENATE(B18,"-",C18,"-",D18) -> -- | F18: =IFERROR(VLOOKUP(E18,'LISTA ITEMS (2)'!$E$2:$G$910,2,FALSE)," ") -> 0 | G18: =IFERROR(VLOOKUP(E18,'LISTA ITEMS (2)'!$E$2:$G$910,3,FALSE)," ") -> 0 | I18: si | L18: =+H18-K18 -> 0
A19: 14 | E19: =CONCATENATE(B19,"-",C19,"-",D19) -> -- | F19: =IFERROR(VLOOKUP(E19,'LISTA ITEMS (2)'!$E$2:$G$910,2,FALSE)," ") -> 0 | G19: =IFERROR(VLOOKUP(E19,'LISTA ITEMS (2)'!$E$2:$G$910,3,FALSE)," ") -> 0 | I19: si | L19: =+H19-K19 -> 0
A20: 15 | E20: =CONCATENATE(B20,"-",C20,"-",D20) -> -- | F20: =IFERROR(VLOOKUP(E20,'LISTA ITEMS (2)'!$E$2:$G$910,2,FALSE)," ") -> 0 | G20: =IFERROR(VLOOKUP(E20,'LISTA ITEMS (2)'!$E$2:$G$910,3,FALSE)," ") -> 0 | I20: si | L20: =+H20-K20 -> 0
A21: 16 | E21: =CONCATENATE(B21,"-",C21,"-",D21) -> -- | F21: =IFERROR(VLOOKUP(E21,'LISTA ITEMS (2)'!$E$2:$G$910,2,FALSE)," ") -> 0 | G21: =IFERROR(VLOOKUP(E21,'LISTA ITEMS (2)'!$E$2:$G$910,3,FALSE)," ") -> 0 | I21: si | L21: 1
A22: 17 | E22: =CONCATENATE(B22,"-",C22,"-",D22) -> -- | F22: =IFERROR(VLOOKUP(E22,'LISTA ITEMS (2)'!$E$2:$G$910,2,FALSE)," ") -> 0 | G22: =IFERROR(VLOOKUP(E22,'LISTA ITEMS (2)'!$E$2:$G$910,3,FALSE)," ") -> 0 | I22: si | L22: =+H22-K22 -> 0
A23: 18 | E23: =CONCATENATE(B23,"-",C23,"-",D23) -> -- | F23: =IFERROR(VLOOKUP(E23,'LISTA ITEMS (2)'!$E$2:$G$910,2,FALSE)," ") -> 0 | G23: =IFERROR(VLOOKUP(E23,'LISTA ITEMS (2)'!$E$2:$G$910,3,FALSE)," ") -> 0 | I23: si | L23: =+H23-K23 -> 0
A24: 19 | E24: =CONCATENATE(B24,"-",C24,"-",D24) -> -- | F24: =IFERROR(VLOOKUP(E24,'LISTA ITEMS (2)'!$E$2:$G$910,2,FALSE)," ") -> 0 | G24: =IFERROR(VLOOKUP(E24,'LISTA ITEMS (2)'!$E$2:$G$910,3,FALSE)," ") -> 0 | I24: si | L24: =+H24-K24 -> 0
A25: 20 | E25: =CONCATENATE(B25,"-",C25,"-",D25) -> -- | F25: =IFERROR(VLOOKUP(E25,'LISTA ITEMS (2)'!$E$2:$G$910,2,FALSE)," ") -> 0 | G25: =IFERROR(VLOOKUP(E25,'LISTA ITEMS (2)'!$E$2:$G$910,3,FALSE)," ") -> 0 | I25: si | L25: =+H25-K25 -> 0
A26: 21 | E26: =CONCATENATE(B26,"-",C26,"-",D26) -> -- | F26: =IFERROR(VLOOKUP(E26,'LISTA ITEMS (2)'!$E$2:$G$910,2,FALSE)," ") -> 0 | G26: =IFERROR(VLOOKUP(E26,'LISTA ITEMS (2)'!$E$2:$G$910,3,FALSE)," ") -> 0 | I26: si | L26: =+H26-K26 -> 0
A27: 22 | E27: =CONCATENATE(B27,"-",C27,"-",D27) -> -- | F27: =IFERROR(VLOOKUP(E27,'LISTA ITEMS (2)'!$E$2:$G$910,2,FALSE)," ") -> 0 | G27: =IFERROR(VLOOKUP(E27,'LISTA ITEMS (2)'!$E$2:$G$910,3,FALSE)," ") -> 0 | I27: si | L27: =+H27-K27 -> 0
A28: 23 | E28: =CONCATENATE(B28,"-",C28,"-",D28) -> -- | F28: =IFERROR(VLOOKUP(E28,'LISTA ITEMS (2)'!$E$2:$G$910,2,FALSE)," ") -> 0 | G28: =IFERROR(VLOOKUP(E28,'LISTA ITEMS (2)'!$E$2:$G$910,3,FALSE)," ") -> 0 | I28: si | L28: =+H28-K28 -> 0
A29: 24 | E29: =CONCATENATE(B29,"-",C29,"-",D29) -> -- | F29: =IFERROR(VLOOKUP(E29,'LISTA ITEMS (2)'!$E$2:$G$910,2,FALSE)," ") -> 0 | G29: =IFERROR(VLOOKUP(E29,'LISTA ITEMS (2)'!$E$2:$G$910,3,FALSE)," ") -> 0 | I29: si | L29: =+H29-K29 -> 0
A30: 25 | E30: =CONCATENATE(B30,"-",C30,"-",D30) -> -- | F30: =IFERROR(VLOOKUP(E30,'LISTA ITEMS (2)'!$E$2:$G$910,2,FALSE)," ") -> 0 | G30: =IFERROR(VLOOKUP(E30,'LISTA ITEMS (2)'!$E$2:$G$910,3,FALSE)," ") -> 0 | I30: si | L30: =+H30-K30 -> 0
A31: 26 | E31: =CONCATENATE(B31,"-",C31,"-",D31) -> -- | F31: =IFERROR(VLOOKUP(E31,'LISTA ITEMS (2)'!$E$2:$G$910,2,FALSE)," ") -> 0 | G31: =IFERROR(VLOOKUP(E31,'LISTA ITEMS (2)'!$E$2:$G$910,3,FALSE)," ") -> 0 | I31: si | L31: =+H31-K31 -> 0
A32: 27 | E32: =CONCATENATE(B32,"-",C32,"-",D32) -> -- | F32: =IFERROR(VLOOKUP(E32,'LISTA ITEMS (2)'!$E$2:$G$910,2,FALSE)," ") -> 0 | G32: =IFERROR(VLOOKUP(E32,'LISTA ITEMS (2)'!$E$2:$G$910,3,FALSE)," ") -> 0 | I32: si | L32: =+H32-K32 -> 0
A33: 28 | E33: =CONCATENATE(B33,"-",C33,"-",D33) -> -- | F33: =IFERROR(VLOOKUP(E33,'LISTA ITEMS (2)'!$E$2:$G$910,2,FALSE)," ") -> 0 | G33: =IFERROR(VLOOKUP(E33,'LISTA ITEMS (2)'!$E$2:$G$910,3,FALSE)," ") -> 0 | I33: si | L33: =+H33-K33 -> 0
... A37: 32 | E37: =CONCATENATE(B37,"-",C37,"-",D37) -> -- | F37: =IFERROR(VLOOKUP(E37,'LISTA ITEMS (2)'!$E$2:$G$910,2,FALSE)," ") -> 0 | G37: =IFERROR(VLOOKUP(E37,'LISTA ITEMS (2)'!$E$2:$G$910,3,FALSE)," ") -> 0 | I37: si | L37: =+H37-K37 -> 0
A38: 33 | E38: =CONCATENATE(B38,"-",C38,"-",D38) -> -- | F38: =IFERROR(VLOOKUP(E38,'LISTA ITEMS (2)'!$E$2:$G$910,2,FALSE)," ") -> 0 | G38: =IFERROR(VLOOKUP(E38,'LISTA ITEMS (2)'!$E$2:$G$910,3,FALSE)," ") -> 0
A40: NOTA: Materiales revisados por cristobal, al igual que cargados.

Sheet JUANJO 10FEB
A1: FMT-03-ALM | C1: FORMATO ALISTAMIENTO DE MATERIALES (ALMACENISTA) | G1: CONSEC. # | I1: 9 | K1: REGISTRO | L1: OK
A2: CLIENTE | C2: UNIDAD ESTANCA DIURNA | G2: PARTE TRAB. # | I2: 10 | K2: DEVOLUCION | L2: OK
A3: CIUDAD | C3: TORRE DE DON JIMENO | F3: ALISTADO POR: FABIO GUTIERREZ | G3: FECHA REQUER. | I3: 46063
A4: CUADIRILLA FORMADA POR: | F4: JUANJO
A5: LINEA | B5: CODIGO | F5: DESCRIPCION | G5: UND MED. | H5: CANT. | I5: VERIFICA TECNICO | J5: FECHA | K5: DEVOLUC. | L5: CANT. REAL CONSUMIDA | M5: SERIAL Nª
A6: 1 | B6: 16 | C6: 53 | D6: 290 | E6: =CONCATENATE(B6,"-",C6,"-",D6) -> 16-53-290 | F6: =IFERROR(VLOOKUP(E6,'LISTA ITEMS (2)'!$E$2:$G$910,2,FALSE)," ") -> PINCHO DE COMUNICACIÓN WIFI SHINEWILAN X2 (GROWATT) | G6: =IFERROR(VLOOKUP(E6,'LISTA ITEMS (2)'!$E$2:$G$910,3,FALSE)," ") -> UND | H6: 1 | I6: si | J6: 46065 | K6: 1 | L6: =+H6-K6 -> 0
A7: 2 | E7: =CONCATENATE(B7,"-",C7,"-",D7) -> -- | F7: =IFERROR(VLOOKUP(E7,'LISTA ITEMS (2)'!$E$2:$G$910,2,FALSE)," ") -> 0 | G7: =IFERROR(VLOOKUP(E7,'LISTA ITEMS (2)'!$E$2:$G$910,3,FALSE)," ") -> 0 | I7: si | L7: =+H7-K7 -> 0
A8: 3 | E8: =CONCATENATE(B8,"-",C8,"-",D8) -> -- | F8: =IFERROR(VLOOKUP(E8,'LISTA ITEMS (2)'!$E$2:$G$910,2,FALSE)," ") -> 0 | G8: =IFERROR(VLOOKUP(E8,'LISTA ITEMS (2)'!$E$2:$G$910,3,FALSE)," ") -> 0 | I8: si | L8: =+H8-K8 -> 0
A9: 4 | E9: =CONCATENATE(B9,"-",C9,"-",D9) -> -- | F9: =IFERROR(VLOOKUP(E9,'LISTA ITEMS (2)'!$E$2:$G$910,2,FALSE)," ") -> 0 | G9: =IFERROR(VLOOKUP(E9,'LISTA ITEMS (2)'!$E$2:$G$910,3,FALSE)," ") -> 0 | I9: si | L9: =+H9-K9 -> 0
A10: 5 | E10: =CONCATENATE(B10,"-",C10,"-",D10) -> -- | F10: =IFERROR(VLOOKUP(E10,'LISTA ITEMS (2)'!$E$2:$G$910,2,FALSE)," ") -> 0 | G10: =IFERROR(VLOOKUP(E10,'LISTA ITEMS (2)'!$E$2:$G$910,3,FALSE)," ") -> 0 | I10: si | L10: =+H10-K10 -> 0
A11: 6 | E11: =CONCATENATE(B11,"-",C11,"-",D11) -> -- | F11: =IFERROR(VLOOKUP(E11,'LISTA ITEMS (2)'!$E$2:$G$910,2,FALSE)," ") -> 0 | G11: =IFERROR(VLOOKUP(E11,'LISTA ITEMS (2)'!$E$2:$G$910,3,FALSE)," ") -> 0 | I11: si | L11: =+H11-K11 -> 0
A12: 7 | E12: =CONCATENATE(B12,"-",C12,"-",D12) -> -- | F12: =IFERROR(VLOOKUP(E12,'LISTA ITEMS (2)'!$E$2:$G$910,2,FALSE)," ") -> 0 | G12: =IFERROR(VLOOKUP(E12,'LISTA ITEMS (2)'!$E$2:$G$910,3,FALSE)," ") -> 0 | I12: si | L12: =+H12-K12 -> 0
A13: 8 | E13: =CONCATENATE(B13,"-",C13,"-",D13) -> -- | F13: =IFERROR(VLOOKUP(E13,'LISTA ITEMS (2)'!$E$2:$G$910,2,FALSE)," ") -> 0 | G13: =IFERROR(VLOOKUP(E13,'LISTA ITEMS (2)'!$E$2:$G$910,3,FALSE)," ") -> 0 | I13: si | L13: =+H13-K13 -> 0
A14: 9 | E14: =CONCATENATE(B14,"-",C14,"-",D14) -> -- | F14: =IFERROR(VLOOKUP(E14,'LISTA ITEMS (2)'!$E$2:$G$910,2,FALSE)," ") -> 0 | G14: =IFERROR(VLOOKUP(E14,'LISTA ITEMS (2)'!$E$2:$G$910,3,FALSE)," ") -> 0 | I14: si | L14: =+H14-K14 -> 0
A15: 10 | E15: =CONCATENATE(B15,"-",C15,"-",D15) -> -- | F15: =IFERROR(VLOOKUP(E15,'LISTA ITEMS (2)'!$E$2:$G$910,2,FALSE)," ") -> 0 | G15: =IFERROR(VLOOKUP(E15,'LISTA ITEMS (2)'!$E$2:$G$910,3,FALSE)," ") -> 0 | I15: si | L15: =+H15-K15 -> 0
A16: 11 | E16: =CONCATENATE(B16,"-",C16,"-",D16) -> -- | F16: =IFERROR(VLOOKUP(E16,'LISTA ITEMS (2)'!$E$2:$G$910,2,FALSE)," ") -> 0 | G16: =IFERROR(VLOOKUP(E16,'LISTA ITEMS (2)'!$E$2:$G$910,3,FALSE)," ") -> 0 | I16: si | L16: =+H16-K16 -> 0
A17: 12 | E17: =CONCATENATE(B17,"-",C17,"-",D17) -> -- | F17: =IFERROR(VLOOKUP(E17,'LISTA ITEMS (2)'!$E$2:$G$910,2,FALSE)," ") -> 0 | G17: =IFERROR(VLOOKUP(E17,'LISTA ITEMS (2)'!$E$2:$G$910,3,FALSE)," ") -> 0 | I17: si | L17: =+H17-K17 -> 0
A18: 13 | E18: =CONCATENATE(B18,"-",C18,"-",D18) -> -- | F18: =IFERROR(VLOOKUP(E18,'LISTA ITEMS (2)'!$E$2:$G$910,2,FALSE)," ") -> 0 | G18: =IFERROR(VLOOKUP(E18,'LISTA ITEMS (2)'!$E$2:$G$910,3,FALSE)," ") -> 0 | I18: si | L18: =+H18-K18 -> 0
... A20: 15 | E20: =CONCATENATE(B20,"-",C20,"-",D20) -> -- | F20: =IFERROR(VLOOKUP(E20,'LISTA ITEMS (2)'!$E$2:$G$910,2,FALSE)," ") -> 0 | G20: =IFERROR(VLOOKUP(E20,'LISTA ITEMS (2)'!$E$2:$G$910,3,FALSE)," ") -> 0 | I20: si | L20: =+H20-K20 -> 0
A21: 16 | E21: =CONCATENATE(B21,"-",C21,"-",D21) -> -- | F21: =IFERROR(VLOOKUP(E21,'LISTA ITEMS (2)'!$E$2:$G$910,2,FALSE)," ") -> 0 | G21: =IFERROR(VLOOKUP(E21,'LISTA ITEMS (2)'!$E$2:$G$910,3,FALSE)," ") -> 0 | I21: si | L21: 1
A22: 17 | E22: =CONCATENATE(B22,"-",C22,"-",D22) -> -- | F22: =IFERROR(VLOOKUP(E22,'LISTA ITEMS (2)'!$E$2:$G$910,2,FALSE)," ") -> 0 | G22: =IFERROR(VLOOKUP(E22,'LISTA ITEMS (2)'!$E$2:$G$910,3,FALSE)," ") -> 0 | I22: si | L22: =+H22-K22 -> 0
A23: 18 | E23: =CONCATENATE(B23,"-",C23,"-",D23) -> -- | F23: =IFERROR(VLOOKUP(E23,'LISTA ITEMS (2)'!$E$2:$G$910,2,FALSE)," ") -> 0 | G23: =IFERROR(VLOOKUP(E23,'LISTA ITEMS (2)'!$E$2:$G$910,3,FALSE)," ") -> 0 | I23: si | L23: =+H23-K23 -> 0
A24: 19 | E24: =CONCATENATE(B24,"-",C24,"-",D24) -> -- | F24: =IFERROR(VLOOKUP(E24,'LISTA ITEMS (2)'!$E$2:$G$910,2,FALSE)," ") -> 0 | G24: =IFERROR(VLOOKUP(E24,'LISTA ITEMS (2)'!$E$2:$G$910,3,FALSE)," ") -> 0 | I24: si | L24: =+H24-K24 -> 0
A25: 20 | E25: =CONCATENATE(B25,"-",C25,"-",D25) -> -- | F25: =IFERROR(VLOOKUP(E25,'LISTA ITEMS (2)'!$E$2:$G$910,2,FALSE)," ") -> 0 | G25: =IFERROR(VLOOKUP(E25,'LISTA ITEMS (2)'!$E$2:$G$910,3,FALSE)," ") -> 0 | I25: si | L25: =+H25-K25 -> 0
A26: 21 | E26: =CONCATENATE(B26,"-",C26,"-",D26) -> -- | F26: =IFERROR(VLOOKUP(E26,'LISTA ITEMS (2)'!$E$2:$G$910,2,FALSE)," ") -> 0 | G26: =IFERROR(VLOOKUP(E26,'LISTA ITEMS (2)'!$E$2:$G$910,3,FALSE)," ") -> 0 | I26: si | L26: =+H26-K26 -> 0
A27: 22 | E27: =CONCATENATE(B27,"-",C27,"-",D27) -> -- | F27: =IFERROR(VLOOKUP(E27,'LISTA ITEMS (2)'!$E$2:$G$910,2,FALSE)," ") -> 0 | G27: =IFERROR(VLOOKUP(E27,'LISTA ITEMS (2)'!$E$2:$G$910,3,FALSE)," ") -> 0 | I27: si | L27: =+H27-K27 -> 0
A28: 23 | E28: =CONCATENATE(B28,"-",C28,"-",D28) -> -- | F28: =IFERROR(VLOOKUP(E28,'LISTA ITEMS (2)'!$E$2:$G$910,2,FALSE)," ") -> 0 | G28: =IFERROR(VLOOKUP(E28,'LISTA ITEMS (2)'!$E$2:$G$910,3,FALSE)," ") -> 0 | I28: si | L28: =+H28-K28 -> 0
A29: 24 | E29: =CONCATENATE(B29,"-",C29,"-",D29) -> -- | F29: =IFERROR(VLOOKUP(E29,'LISTA ITEMS (2)'!$E$2:$G$910,2,FALSE)," ") -> 0 | G29: =IFERROR(VLOOKUP(E29,'LISTA ITEMS (2)'!$E$2:$G$910,3,FALSE)," ") -> 0 | I29: si | L29: =+H29-K29 -> 0
A30: 25 | E30: =CONCATENATE(B30,"-",C30,"-",D30) -> -- | F30: =IFERROR(VLOOKUP(E30,'LISTA ITEMS (2)'!$E$2:$G$910,2,FALSE)," ") -> 0 | G30: =IFERROR(VLOOKUP(E30,'LISTA ITEMS (2)'!$E$2:$G$910,3,FALSE)," ") -> 0 | I30: si | L30: =+H30-K30 -> 0
A31: 26 | E31: =CONCATENATE(B31,"-",C31,"-",D31) -> -- | F31: =IFERROR(VLOOKUP(E31,'LISTA ITEMS (2)'!$E$2:$G$910,2,FALSE)," ") -> 0 | G31: =IFERROR(VLOOKUP(E31,'LISTA ITEMS (2)'!$E$2:$G$910,3,FALSE)," ") -> 0 | I31: si | L31: =+H31-K31 -> 0
